{
	"format_version": "1.8.0",
	"animations": {
		"animation.bert.general": {
			"loop": true,
			"bones": {
				"buc": {
					"scale": [1, 1, 1]
				},
				"cot": {
					"rotation": [0, 360, 0],
					"scale": [1, 1, 1]
				},
				"arm13": {
					"rotation": [35, 0, 0],
					"scale": [0.5, 0.5, 0.5]
				},
				"arm14": {
					"rotation": [-20, 0, 0]
				},
				"arm15": {
					"rotation": [-25, 0, 0]
				},
				"arm16": {
					"rotation": [-25, 0, 0]
				},
				"tay4": {
					"rotation": [-55, 0, 0]
				},
				"giu22": {
					"rotation": [-10, 0, 0]
				},
				"giu23": {
					"rotation": [0, 0, 0]
				},
				"giu24": {
					"rotation": [-25, 0, 0]
				},
				"arm5": {
					"rotation": [15, 0, 0],
					"scale": [0.5, 0.5, 0.5]
				},
				"arm6": {
					"rotation": [-20, 0, 0]
				},
				"arm7": {
					"rotation": [-10, 0, 0]
				},
				"arm8": {
					"rotation": [-25, 0, 0]
				},
				"tay2": {
					"rotation": [45, 0, 0]
				},
				"giu8": {
					"rotation": [-10, 0, 0]
				},
				"giu9": {
					"rotation": [0, 0, 0]
				},
				"giu10": {
					"rotation": [-15, 0, 0]
				},
				"tru19": {
					"rotation": [0, 0, 0]
				},
				"tru37": {
					"scale": [1, 1, 1]
				},
				"head": {
					"rotation": ["0+query.target_x_rotation - this", "0+query.target_y_rotation - this", 0]
				},
				"arm9": {
					"rotation": [40, 0, 0],
					"scale": [0.5, 0.5, 0.5]
				},
				"arm10": {
					"rotation": [-15, 0, 0]
				},
				"arm11": {
					"rotation": [-15, 0, 0]
				},
				"arm12": {
					"rotation": [-25, 0, 0]
				},
				"tay3": {
					"rotation": [-75, 0, 0]
				},
				"giu16": {
					"rotation": [-15, 0, 0]
				},
				"arm": {
					"rotation": [40, 0, 0],
					"scale": [0.5, 0.5, 0.5]
				},
				"arm2": {
					"rotation": [-20, 0, 0]
				},
				"arm3": {
					"rotation": [-10, 0, 0]
				},
				"arm4": {
					"rotation": [-25, 0, 0]
				},
				"tay": {
					"rotation": [-75, 0, 0]
				},
				"giu": {
					"rotation": [-10, 0, 0]
				},
				"giu7": {
					"rotation": [0, 0, 0]
				},
				"cart10": {
					"rotation": [0, 0, 0],
					"position": [0, 0, 0],
					"scale": [1, 1, 1]
				}
			}
		},
		"animation.bert.brocking1": {
			"loop": true,
			"animation_length": 10000,
			"bones": {
				"buc": {
					"scale": [1, 1, 1]
				},
				"cot": {
					"rotation": [0, 360, 0],
					"scale": [1, 1, 1]
				},
				"arm13": {
					"rotation": [35, 0, 0],
					"scale": [0.5, 0.5, 0.5]
				},
				"arm14": {
					"rotation": [-20, 0, 0]
				},
				"arm15": {
					"rotation": [-25, 0, 0]
				},
				"arm16": {
					"rotation": [-25, 0, 0]
				},
				"tay4": {
					"rotation": [-55, 0, 0]
				},
				"giu22": {
					"rotation": [-10, 0, 0]
				},
				"giu23": {
					"rotation": [0, 0, 0]
				},
				"giu24": {
					"rotation": [-25, 0, 0]
				},
				"arm5": {
					"rotation": [15, 0, 0],
					"scale": [0.5, 0.5, 0.5]
				},
				"arm6": {
					"rotation": [-20, 0, 0]
				},
				"arm7": {
					"rotation": [-10, 0, 0]
				},
				"arm8": {
					"rotation": [-25, 0, 0]
				},
				"tay2": {
					"rotation": [45, 0, 0]
				},
				"giu8": {
					"rotation": [-10, 0, 0]
				},
				"giu9": {
					"rotation": [0, 0, 0]
				},
				"giu10": {
					"rotation": [-15, 0, 0]
				},
				"tru19": {
					"rotation": [0, 0, 0]
				},
				"tru37": {
					"scale": [1, 1, 1]
				},
				"head": {
					"rotation": ["0+query.target_x_rotation - this", "0+query.target_y_rotation - this", 0]
				},
				"cen15": {
					"rotation": [0, -55, 0]
				},
				"cen16": {
					"rotation": [0, 50, 0]
				},
				"cen11": {
					"rotation": [0, -125, 0]
				},
				"cen12": {
					"rotation": [0, 140, 0]
				},
				"cen9": {
					"rotation": [0, -130, 0]
				},
				"cen10": {
					"rotation": [0, 130, 0]
				},
				"cen13": {
					"rotation": [0, -50, 0]
				},
				"cen14": {
					"rotation": [0, 50, 0]
				},
				"arm9": {
					"rotation": [50, 0, 0],
					"scale": [0.5, 0.5, 0.5]
				},
				"arm10": {
					"rotation": [-20, 0, 0]
				},
				"arm11": {
					"rotation": [-55, 0, 0]
				},
				"arm12": {
					"rotation": [-30, 0, 0]
				},
				"tay3": {
					"rotation": [-35, 0, 0]
				},
				"giu16": {
					"rotation": [-25, 0, 0]
				},
				"arm": {
					"rotation": {
						"0.0": [30, 0, 0],
						"0.2333": [30, -30, -75]
					},
					"position": {
						"0.0": [0, 0, 0],
						"0.2333": [15, -5, 34]
					},
					"scale": [0.5, 0.5, 0.5]
				},
				"arm2": {
					"rotation": [-20, 0, 0]
				},
				"arm3": {
					"rotation": [-10, 0, 0]
				},
				"arm4": {
					"rotation": [-25, 0, 0]
				},
				"tay": {
					"rotation": [-75, 0, 0]
				}
			}
		},
		"animation.bert.brocking2": {
			"loop": true,
			"animation_length": 10000,
			"bones": {
				"buc": {
					"scale": [1, 1, 1]
				},
				"cot": {
					"rotation": [0, 360, 0],
					"scale": [1, 1, 1]
				},
				"arm13": {
					"rotation": [35, 0, 0],
					"scale": [0.5, 0.5, 0.5]
				},
				"arm14": {
					"rotation": [-20, 0, 0]
				},
				"arm15": {
					"rotation": [-25, 0, 0]
				},
				"arm16": {
					"rotation": [-25, 0, 0]
				},
				"tay4": {
					"rotation": [-55, 0, 0]
				},
				"giu22": {
					"rotation": [-10, 0, 0]
				},
				"giu23": {
					"rotation": [0, 0, 0]
				},
				"giu24": {
					"rotation": [-25, 0, 0]
				},
				"arm5": {
					"rotation": [15, 0, 0],
					"scale": [0.5, 0.5, 0.5]
				},
				"arm6": {
					"rotation": [-20, 0, 0]
				},
				"arm7": {
					"rotation": [-10, 0, 0]
				},
				"arm8": {
					"rotation": [-25, 0, 0]
				},
				"tay2": {
					"rotation": [45, 0, 0]
				},
				"giu8": {
					"rotation": [-10, 0, 0]
				},
				"giu9": {
					"rotation": [0, 0, 0]
				},
				"giu10": {
					"rotation": [-15, 0, 0]
				},
				"tru19": {
					"rotation": [0, 0, 0]
				},
				"tru37": {
					"scale": [1, 1, 1]
				},
				"head": {
					"rotation": ["0+query.target_x_rotation - this", "0+query.target_y_rotation - this", 0]
				},
				"cen15": {
					"rotation": [0, -55, 0]
				},
				"cen16": {
					"rotation": [0, 50, 0]
				},
				"cen11": {
					"rotation": [0, -125, 0]
				},
				"cen12": {
					"rotation": [0, 140, 0]
				},
				"cen9": {
					"rotation": [0, -130, 0]
				},
				"cen10": {
					"rotation": [0, 130, 0]
				},
				"cen13": {
					"rotation": [0, -50, 0]
				},
				"cen14": {
					"rotation": [0, 50, 0]
				},
				"arm9": {
					"rotation": {
						"0.0": [50, 0, 0],
						"0.0833": [-15, -25, 0]
					},
					"position": {
						"0.0": [0, 0, 0],
						"0.0833": [-17, -5, -32]
					},
					"scale": [0.5, 0.5, 0.5]
				},
				"arm10": {
					"rotation": {
						"0.0": [-20, 0, 0],
						"0.0833": [35, 0, 0]
					}
				},
				"arm11": {
					"rotation": {
						"0.0": [-55, 0, 0],
						"0.0833": [-15, 0, 0]
					}
				},
				"arm12": {
					"rotation": {
						"0.0": [-30, 0, 0],
						"0.0833": [-10, 0, 0]
					}
				},
				"tay3": {
					"rotation": {
						"0.0": [-35, 0, 0],
						"0.0833": [35, 0, 0]
					}
				},
				"giu16": {
					"rotation": {
						"0.0": [-25, 0, 0],
						"0.0833": [25, 0, 0]
					}
				},
				"att7": {
					"rotation": {
						"0.0833": [0, 0, 0],
						"0.2833": [0, -60, 0]
					}
				},
				"att8": {
					"rotation": {
						"0.0833": [0, 0, 0],
						"0.2833": [0, -25, 0]
					}
				},
				"att9": {
					"rotation": {
						"0.0833": [0, 0, 0],
						"0.2833": [0, 50, 0]
					}
				}
			}
		},
		"animation.bert.brocking3": {
			"loop": true,
			"animation_length": 10000,
			"bones": {
				"buc": {
					"scale": [1, 1, 1]
				},
				"cot": {
					"rotation": [0, 360, 0],
					"scale": [1, 1, 1]
				},
				"arm13": {
					"rotation": {
						"0.0": [35, 0, 0],
						"0.1167": [35, 0, -60],
						"0.2833": [65, 60, -85]
					},
					"position": {
						"0.0": [0, 0, 0],
						"0.1167": [-19, -7, 12]
					},
					"scale": [0.5, 0.5, 0.5]
				},
				"arm14": {
					"rotation": {
						"0.0": [-20, 0, 0],
						"0.1167": [20, 0, 0],
						"0.2833": [20, 25, 0]
					}
				},
				"arm15": {
					"rotation": {
						"0.0": [-25, 0, 0],
						"0.1167": [20, 0, 0],
						"0.2833": [20, 15, 0]
					}
				},
				"arm16": {
					"rotation": {
						"0.0": [-25, 0, 0],
						"0.1167": [15, 0, 0]
					}
				},
				"tay4": {
					"rotation": [-55, 0, 0]
				},
				"giu22": {
					"rotation": [-10, 0, 0]
				},
				"giu23": {
					"rotation": [0, 0, 0]
				},
				"giu24": {
					"rotation": [-25, 0, 0]
				},
				"arm5": {
					"rotation": [40, 0, 0],
					"scale": [0.5, 0.5, 0.5]
				},
				"arm6": {
					"rotation": [0, 0, 0]
				},
				"arm7": {
					"rotation": [-10, 0, 0]
				},
				"arm8": {
					"rotation": [-35, 0, 0]
				},
				"tay2": {
					"rotation": [-80, 0, 0]
				},
				"giu8": {
					"rotation": [10, 0, 0]
				},
				"giu9": {
					"rotation": [-20, 0, 0]
				},
				"giu10": {
					"rotation": [-10, 0, 0]
				},
				"tru19": {
					"rotation": [0, 0, 0]
				},
				"tru37": {
					"scale": [1, 1, 1]
				},
				"head": {
					"rotation": ["0+query.target_x_rotation - this", "0+query.target_y_rotation - this", 0]
				},
				"cen15": {
					"rotation": [0, -55, 0]
				},
				"cen16": {
					"rotation": [0, 50, 0]
				},
				"cen11": {
					"rotation": [0, -125, 0]
				},
				"cen12": {
					"rotation": [0, 140, 0]
				},
				"cen9": {
					"rotation": [0, -130, 0]
				},
				"cen10": {
					"rotation": [0, 130, 0]
				},
				"cen13": {
					"rotation": [0, -50, 0]
				},
				"cen14": {
					"rotation": [0, 50, 0]
				},
				"arm9": {
					"rotation": [0, 0, 0],
					"position": [-18, -7, 0],
					"scale": [0.5, 0.5, 0.5]
				},
				"arm10": {
					"rotation": [10, 0, 0]
				},
				"arm11": {
					"rotation": [-10, 0, 0]
				},
				"arm12": {
					"rotation": [5, 0, 0]
				},
				"tay3": {
					"rotation": [50, 0, 0]
				},
				"att10": {
					"rotation": [0, 45, 0]
				},
				"att11": {
					"rotation": {
						"0.1167": [95, 0, 0],
						"0.2833": [95, 0, -40]
					},
					"position": {
						"0.1167": [0, 0, 0],
						"0.2833": [-24, 19, 20]
					}
				},
				"att12": {
					"rotation": [0, -40, 0]
				}
			}
		},
		"animation.bert.brocking4": {
			"loop": true,
			"animation_length": 10000,
			"bones": {
				"buc": {
					"scale": [1, 1, 1]
				},
				"cot": {
					"rotation": [0, 360, 0],
					"scale": [1, 1, 1]
				},
				"arm13": {
					"rotation": [5, 0, -5],
					"position": [0, -6, 17],
					"scale": [0.5, 0.5, 0.5]
				},
				"arm14": {
					"rotation": [10, 0, 0]
				},
				"arm15": {
					"rotation": [-25, 0, 0]
				},
				"arm16": {
					"rotation": [10, 0, 0]
				},
				"tay4": {
					"rotation": [65, 0, 0]
				},
				"giu22": {
					"rotation": [-10, 0, 0]
				},
				"giu23": {
					"rotation": [0, 0, 0]
				},
				"giu24": {
					"rotation": [-25, 0, 0]
				},
				"arm5": {
					"rotation": {
						"0.0": [0, 0, 0],
						"0.1167": [0, 0, -35]
					},
					"position": {
						"0.0": [0, 0, 0],
						"0.1167": [39, -6, -23]
					},
					"scale": [0.5, 0.5, 0.5]
				},
				"arm6": {
					"rotation": {
						"0.0": [20, 0, 0],
						"0.2833": [-35, 0, 0]
					}
				},
				"arm7": {
					"rotation": {
						"0.0": [-10, 0, 0],
						"0.2833": [10, 0, 0]
					}
				},
				"arm8": {
					"rotation": {
						"0.0": [-25, 0, 0],
						"0.2833": [5, 0, 0]
					}
				},
				"tay2": {
					"rotation": [45, 0, 0]
				},
				"giu8": {
					"rotation": [10, 0, 0]
				},
				"giu9": {
					"rotation": [0, 0, 0]
				},
				"giu10": {
					"rotation": [-15, 0, 0]
				},
				"tru19": {
					"rotation": [0, 0, 0]
				},
				"tru37": {
					"scale": [1, 1, 1]
				},
				"head": {
					"rotation": ["0+query.target_x_rotation - this", "0+query.target_y_rotation - this", 0]
				},
				"cen15": {
					"rotation": [0, -55, 0]
				},
				"cen16": {
					"rotation": [0, 50, 0]
				},
				"cen11": {
					"rotation": [0, -125, 0]
				},
				"cen12": {
					"rotation": [0, 140, 0]
				},
				"cen9": {
					"rotation": [0, -130, 0]
				},
				"cen10": {
					"rotation": [0, 130, 0]
				},
				"cen13": {
					"rotation": [0, -50, 0]
				},
				"cen14": {
					"rotation": [0, 50, 0]
				},
				"arm9": {
					"rotation": [0, 0, 0],
					"position": [-18, -7, 0],
					"scale": [0.5, 0.5, 0.5]
				},
				"arm10": {
					"rotation": [10, 0, 0]
				},
				"arm11": {
					"rotation": [-10, 0, 0]
				},
				"arm12": {
					"rotation": [5, 0, 0]
				},
				"tay3": {
					"rotation": [50, 0, 0]
				},
				"cart6": {
					"rotation": {
						"0.0": [0, 0, 0],
						"0.1167": [70, 160, 0]
					},
					"position": {
						"0.0": [0, 51, -45],
						"0.1167": [-23, -20, 9]
					}
				}
			}
		},
		"animation.bert.targeting": {
			"loop": true,
			"animation_length": 7.4833,
			"bones": {
				"buc": {
					"rotation": {
						"0.0": [0, 0, 0],
						"1.5167": [0, -360, 0],
						"3.0": [0, -720, 0],
						"4.4833": [0, 0, 0],
						"6.0": [0, -360, 0],
						"7.4833": [0, -720, 0]
					},
					"scale": {
						"0.0": [1, 1, 1],
						"4.4833": [1, 1, 1]
					}
				},
				"cot": {
					"rotation": {
						"0.0": [0, 0, 0],
						"1.5167": [0, 360, 0],
						"3.0": [0, 720, 0],
						"4.4833": [0, 0, 0],
						"6.0": [0, 360, 0],
						"7.4833": [0, 720, 0]
					},
					"scale": {
						"0.0": [1, 1, 1],
						"1.5167": [1, 1, 1],
						"3.0": [1, 1, 1],
						"4.4833": [1, 1, 1],
						"6.0": [1, 1, 1],
						"7.4833": [1, 1, 1]
					}
				},
				"cen15": {
					"rotation": {
						"0.0": [0, -70, 0],
						"4.4833": [0, -70, 0]
					}
				},
				"cen16": {
					"rotation": {
						"0.0": [0, 65, 0],
						"4.4833": [0, 65, 0]
					}
				},
				"cen11": {
					"rotation": {
						"0.0": [0, -115, 0],
						"4.4833": [0, -115, 0]
					}
				},
				"cen12": {
					"rotation": {
						"0.0": [0, 130, 0],
						"4.4833": [0, 130, 0]
					}
				},
				"cen9": {
					"rotation": {
						"0.0": [0, -115, 0],
						"4.4833": [0, -115, 0]
					}
				},
				"cen10": {
					"rotation": {
						"0.0": [0, 130, 0],
						"4.4833": [0, 130, 0]
					}
				},
				"cen13": {
					"rotation": {
						"0.0": [0, -60, 0],
						"4.4833": [0, -60, 0]
					}
				},
				"cen14": {
					"rotation": {
						"0.0": [0, 75, 0],
						"4.4833": [0, 75, 0]
					}
				},
				"arm13": {
					"rotation": {
						"0.0": [35, 0, 0],
						"4.4833": [35, 0, 0]
					},
					"scale": {
						"0.0": [0.5, 0.5, 0.5],
						"4.4833": [0.5, 0.5, 0.5]
					}
				},
				"arm14": {
					"rotation": {
						"0.0": [-20, 0, 0],
						"4.4833": [-20, 0, 0]
					}
				},
				"arm15": {
					"rotation": {
						"0.0": [-25, 0, 0],
						"4.4833": [-25, 0, 0]
					}
				},
				"arm16": {
					"rotation": {
						"0.0": [-25, 0, 0],
						"4.4833": [-25, 0, 0]
					}
				},
				"tay4": {
					"rotation": {
						"0.0": [-55, 0, 0],
						"0.4833": [5, 55, 98.68],
						"1.0": [40, -72.5, 234.34],
						"1.5167": [-55, 0, 360],
						"2.0": [-55, 0, 0],
						"2.4833": [5, 55, 98.68],
						"3.0": [40, -72.5, 234.34],
						"3.5167": [-55, 0, 360],
						"4.0": [-55, 0, 0],
						"4.4833": [5, 55, 98.68],
						"5.0": [40, -72.5, 234.34],
						"5.5167": [-55, 0, 360]
					}
				},
				"giu22": {
					"rotation": {
						"0.0": [-10, 0, 0],
						"4.4833": [-10, 0, 0]
					}
				},
				"giu23": {
					"rotation": {
						"0.0": [0, 0, 0],
						"4.4833": [0, 0, 0]
					}
				},
				"giu24": {
					"rotation": {
						"0.0": [-25, 0, 0],
						"4.4833": [-25, 0, 0]
					}
				},
				"arm5": {
					"rotation": {
						"0.0": [30, 0, 0],
						"4.4833": [30, 0, 0]
					},
					"scale": {
						"0.0": [0.5, 0.5, 0.5],
						"4.4833": [0.5, 0.5, 0.5]
					}
				},
				"arm6": {
					"rotation": {
						"0.0": [-20, 0, 0],
						"4.4833": [-20, 0, 0]
					}
				},
				"arm7": {
					"rotation": {
						"0.0": [-10, 0, 0],
						"4.4833": [-10, 0, 0]
					}
				},
				"arm8": {
					"rotation": {
						"0.0": [-25, 0, 0],
						"4.4833": [-25, 0, 0]
					}
				},
				"tay2": {
					"rotation": {
						"0.0": [-65, 0, 0],
						"0.4833": [-65, 0, 1.32],
						"0.7667": [5, 70, 97.18],
						"1.0": [65, 0, 179.34],
						"1.2833": [-5, -65, 276.62],
						"1.5167": [-65, 0, 360],
						"2.0": [-65, 0, 0],
						"2.4833": [-65, 0, 1.32],
						"2.7667": [5, 70, 97.18],
						"3.0": [65, 0, 179.34],
						"3.2833": [-5, -65, 276.62],
						"3.5167": [-65, 0, 360],
						"4.4833": [-65, 0, 0],
						"4.9667": [-65, 0, 1.32],
						"5.25": [5, 70, 97.18],
						"5.4833": [65, 0, 179.34],
						"5.7667": [-5, -65, 276.62],
						"6.0": [-65, 0, 360]
					}
				},
				"giu8": {
					"rotation": {
						"0.0": [-10, 0, 0],
						"4.4833": [-10, 0, 0]
					}
				},
				"giu9": {
					"rotation": {
						"0.0": [0, 0, 0],
						"4.4833": [0, 0, 0]
					}
				},
				"giu10": {
					"rotation": {
						"0.0": [-15, 0, 0],
						"4.4833": [-15, 0, 0]
					}
				},
				"tru19": {
					"rotation": {
						"0.0": [0, 0, 0],
						"1.5167": [-360, 0, 0],
						"3.0": [-720, 0, 0],
						"4.4833": [0, 0, 0],
						"6.0": [-360, 0, 0],
						"7.4833": [-720, 0, 0]
					}
				},
				"tru37": {
					"scale": {
						"0.0": [1, 1, 1],
						"4.4833": [1, 1, 1]
					}
				},
				"head": {
					"rotation": {
						"0.0": [0, "0+query.target_y_rotation - this", 0],
						"4.4833": [0, "0+query.target_y_rotation - this", 0]
					}
				},
				"arm9": {
					"rotation": [35, 0, 0],
					"scale": [0.5, 0.5, 0.5]
				},
				"arm10": {
					"rotation": [-20, 0, 0]
				},
				"arm11": {
					"rotation": [-25, 0, 0]
				},
				"arm12": {
					"rotation": [-25, 0, 0]
				},
				"tay3": {
					"rotation": {
						"0.0": [-55, 0, 0],
						"0.4833": [5, 55, 98.68],
						"1.0": [40, -72.5, 234.34],
						"1.5167": [-55, 0, 360],
						"2.0": [-55, 0, 0],
						"2.4833": [5, 55, 98.68],
						"3.0": [40, -72.5, 234.34],
						"3.5167": [-55, 0, 360],
						"4.0": [-55, 0, 0],
						"4.4833": [5, 55, 98.68],
						"5.0": [40, -72.5, 234.34],
						"5.5167": [-55, 0, 360]
					}
				},
				"giu16": {
					"rotation": [-20, 0, 0]
				},
				"arm": {
					"rotation": [35, 0, 0],
					"scale": [0.5, 0.5, 0.5]
				},
				"arm2": {
					"rotation": [-30, 0, 0]
				},
				"arm3": {
					"rotation": [-15, 0, 0]
				},
				"arm4": {
					"rotation": [-20, 0, 0]
				},
				"tay": {
					"rotation": {
						"0.0": [-65, 0, 0],
						"0.4833": [-65, 0, 1.32],
						"0.7667": [5, 70, 97.18],
						"1.0": [65, 0, 179.34],
						"1.2833": [-5, -65, 276.62],
						"1.5167": [-65, 0, 360],
						"1.6333": [3.42, -60, 268.16],
						"1.7667": [70, 0, 178.77],
						"2.0": [70, 0, 178.77],
						"2.3167": [-19.39, 60, 61.28],
						"2.4833": [-65, 0, 1.32],
						"2.7667": [5, 70, 97.18],
						"3.0": [65, 0, 179.34],
						"3.2833": [-5, -65, 276.62],
						"3.5167": [-65, 0, 360]
					}
				},
				"giu7": {
					"rotation": [-25, 0, 0]
				}
			}
		},
		"animation.bert.tired": {
			"animation_length": 100,
			"bones": {
				"buc": {
					"scale": [1, 1, 1]
				},
				"cot": {
					"rotation": [0, 0, 0],
					"scale": [1, 1, 1]
				},
				"arm13": {
					"rotation": {
						"2.0": [55, 0, 0],
						"2.1167": [-10, 0, 0],
						"2.2833": [-10, 0, 0],
						"2.3667": [35, "0+Math.sin(query.life_time * 10000.0) *-5", 0],
						"2.8833": [35, "0+Math.sin(query.life_time * 10000.0) *-5", 0],
						"3.1167": [-5, -0.86, 0],
						"3.3667": [-5, 0, 0]
					},
					"scale": [0.5, 0.5, 0.5]
				},
				"arm14": {
					"rotation": {
						"2.0": [-5, 0, 0],
						"2.1167": [15, 0, 0],
						"2.3667": [35, 0, 0],
						"2.8833": [25, 0, 0],
						"3.3667": [-15, 0, 0]
					}
				},
				"arm15": {
					"rotation": {
						"2.0": [-10, 0, 0],
						"2.1167": [15, 0, 0],
						"2.3667": [35, 0, 0],
						"2.8833": [25, 0, 0]
					}
				},
				"arm16": {
					"rotation": {
						"2.0": [-10, 0, 0],
						"2.3667": [-65, 0, 0],
						"2.8833": [-15, 0, 0],
						"3.1667": [25, 0, 0]
					}
				},
				"tay4": {
					"rotation": {
						"2.0": [-55, 0, 0],
						"2.1167": [10, 0, 0],
						"2.3667": [-85, 0, 0],
						"2.8833": [-140, 0, 0],
						"3.1667": [0, 0, 0]
					}
				},
				"giu22": {
					"rotation": {
						"2.0": [-10, 0, 0],
						"3.3667": [-25, 0, 0]
					}
				},
				"giu23": {
					"rotation": {
						"2.0": [0, 0, 0],
						"2.1167": [35.8, 0, 0],
						"2.8833": [45, 0, 0],
						"3.2833": [36.41, 0, 0],
						"3.3667": [65, 0, 0],
						"3.4833": [35, 0, 0]
					}
				},
				"giu24": {
					"rotation": [-25, 10, 0]
				},
				"arm5": {
					"rotation": {
						"2.0": [40, 0, 0],
						"2.1167": [-15, 0, 0],
						"2.2833": [-15, 0, 0],
						"2.3667": [35, "0+Math.sin(query.life_time * 10000.0) *-5", 0],
						"2.8833": [35, "0+Math.sin(query.life_time * 10000.0) *-5", 0],
						"3.1167": [-5, -0.86, 0],
						"3.3667": [-5, 0, 0]
					},
					"scale": [0.5, 0.5, 0.5]
				},
				"arm6": {
					"rotation": {
						"2.0": [-10, 0, 0],
						"2.1167": [15, 0, 0],
						"2.3667": [35, 0, 0],
						"2.8833": [25, 0, 0],
						"3.3667": [-15, 0, 0]
					}
				},
				"arm7": {
					"rotation": {
						"2.0": [-5, 0, 0],
						"2.1167": [15, 0, 0],
						"2.3667": [35, 0, 0],
						"2.8833": [25, 0, 0]
					}
				},
				"arm8": {
					"rotation": {
						"2.0": [-25, 0, 0],
						"2.3667": [-65, 0, 0],
						"2.8833": [-15, 0, 0],
						"3.1667": [25, 0, 0]
					}
				},
				"tay2": {
					"rotation": {
						"2.0": [45, 0, 0],
						"2.1167": [10, 0, 0],
						"2.3667": [-85, 0, 0],
						"2.8833": [-140, 0, 0],
						"3.1667": [0, 0, 0]
					}
				},
				"giu8": {
					"rotation": {
						"2.0": [-10, 0, 0],
						"2.4333": [-29.83, 0, 0],
						"3.3667": [-25, 0, 0],
						"3.4833": [-5, 0, 0]
					}
				},
				"giu9": {
					"rotation": {
						"2.0": [0, 0, 0],
						"2.4333": [82.42, 0, 0],
						"2.8833": [45, 0, 0],
						"3.2833": [40.52, 0, 0],
						"3.3667": [35, 0, 0],
						"3.4833": [0, 0, 0]
					}
				},
				"giu10": {
					"rotation": [-15, 0, 0]
				},
				"tru37": {
					"scale": [1, 1, 1]
				},
				"cen15": {
					"rotation": [0, -60, 0]
				},
				"cen16": {
					"rotation": [0, 60, 0]
				},
				"cen11": {
					"rotation": [0, -150, 0]
				},
				"cen12": {
					"rotation": [0, 125, 0]
				},
				"cen9": {
					"rotation": [0, -115, 0]
				},
				"cen10": {
					"rotation": [0, 120, 0]
				},
				"cen13": {
					"rotation": [0, -75, 0]
				},
				"cen14": {
					"rotation": [0, 50, 0]
				},
				"att10": {
					"rotation": {
						"2.0": [0, 0, 0],
						"2.3667": [0, 0, 0],
						"2.8833": [0, 0, 0],
						"3.0333": [0, 65, 0]
					}
				},
				"att11": {
					"rotation": {
						"2.0": [0, 0, 0],
						"2.3667": [0, 0, 0],
						"2.8833": [0, 0, 0],
						"3.0333": [0, 75, 0]
					}
				},
				"att12": {
					"rotation": {
						"2.0": [0, 0, 0],
						"2.3667": [0, 0, 0],
						"2.8833": [0, 0, 0],
						"3.0333": [0, -80, 0]
					}
				},
				"att4": {
					"rotation": {
						"2.0": [0, 0, 0],
						"2.3667": [0, 0, 0],
						"2.8833": [0, 0, 0],
						"3.0333": [0, -20, 0]
					}
				},
				"att5": {
					"rotation": {
						"2.0": [0, 0, 0],
						"2.3667": [0, 0, 0],
						"2.8833": [0, 0, 0],
						"3.0333": [0, -45, 0]
					}
				},
				"att6": {
					"rotation": {
						"2.0": [0, 0, 0],
						"2.3667": [0, 0, 0],
						"2.8833": [0, 0, 0],
						"3.0333": [0, 30, 0]
					}
				},
				"arm9": {
					"rotation": {
						"2.0": [40, 0, 0],
						"2.0833": [-5, 0, 0],
						"2.2833": [-5, 0, 0],
						"2.3167": [35, "0+Math.sin(query.life_time * 10000.0) *-5", 0],
						"2.8333": [35, "0+Math.sin(query.life_time * 10000.0) *-5", 0],
						"3.0833": [-5, -0.86, 0],
						"3.3167": [-5, 0, 0]
					},
					"scale": [0.5, 0.5, 0.5]
				},
				"arm10": {
					"rotation": {
						"2.0": [-5, 0, 0],
						"2.1167": [15, 0, 0],
						"2.3667": [35, 0, 0],
						"2.8833": [25, 0, 0],
						"3.3667": [-15, 0, 0],
						"3.5167": [-25, 0, 0]
					}
				},
				"arm11": {
					"rotation": {
						"2.0": [-10, 0, 0],
						"2.1167": [15, 0, 0],
						"2.3667": [35, 0, 0],
						"2.8833": [25, 0, 0]
					}
				},
				"arm12": {
					"rotation": {
						"2.0": [-10, 0, 0],
						"2.3667": [-65, 0, 0],
						"2.8833": [-15, 0, 0],
						"3.1667": [25, 0, 0]
					}
				},
				"tay3": {
					"rotation": {
						"2.0": [-55, 0, 0],
						"2.1167": [10, 0, 0],
						"2.3667": [-85, 0, 0],
						"2.8833": [-140, 0, 0],
						"3.1667": [0, 0, 0],
						"3.5167": [30, 0, 0]
					}
				},
				"att7": {
					"rotation": {
						"2.0": [0, 0, 0],
						"2.3667": [0, 0, 0],
						"2.8833": [0, 0, 0],
						"3.0333": [0, -20, 0]
					}
				},
				"att8": {
					"rotation": {
						"2.0": [0, 0, 0],
						"2.3667": [0, 0, 0],
						"2.8833": [0, 0, 0],
						"3.0333": [0, -20, 0]
					}
				},
				"att9": {
					"rotation": {
						"2.0": [0, 0, 0],
						"2.3667": [0, 0, 0],
						"2.8833": [0, 0, 0],
						"3.0333": [0, -20, 0]
					}
				},
				"giu16": {
					"rotation": {
						"0.0": [-10, 0, 0],
						"1.7667": [-10, 0, 0],
						"2.0": [-7.87, 0, 0],
						"2.4333": [65, 0, 0],
						"3.2833": [-10, 0, 0],
						"3.6": [-15, 0, 0]
					}
				},
				"head": {
					"rotation": [0, "0+query.target_y_rotation - this", 0]
				},
				"giu15": {
					"rotation": [0, 0, 0]
				},
				"arm": {
					"rotation": {
						"0.0": [50, 0, 0],
						"1.9167": [50, 0, 0],
						"2.0": [40, 0, 0],
						"2.1167": [-10, 0, 0],
						"2.2833": [-10, 0, 0],
						"2.3667": [35, "0+Math.sin(query.life_time * 10000.0) *-5", 0],
						"2.8833": [35, "0+Math.sin(query.life_time * 10000.0) *-5", 0],
						"3.1167": [-5, -0.86, 0],
						"3.3667": [-5, 0, 0]
					},
					"scale": {
						"0.0": [0.5, 0.5, 0.5],
						"2.0": [0.5, 0.5, 0.5]
					}
				},
				"arm2": {
					"rotation": {
						"0.0": [-10, 0, 0],
						"2.0": [-10, 0, 0],
						"2.1167": [15, 0, 0],
						"2.3667": [35, 0, 0],
						"2.8833": [25, 0, 0],
						"3.3667": [-15, 0, 0]
					}
				},
				"arm3": {
					"rotation": {
						"0.0": [-20, 0, 0],
						"2.0": [-20, 0, 0],
						"2.1167": [15, 0, 0],
						"2.3667": [35, 0, 0],
						"2.8833": [25, 0, 0]
					}
				},
				"arm4": {
					"rotation": {
						"0.0": [-20, 0, 0],
						"2.0": [-20, 0, 0],
						"2.3667": [-65, 0, 0],
						"2.8833": [-15, 0, 0],
						"3.1667": [25, 0, 0]
					}
				},
				"tay": {
					"rotation": {
						"0.0": [0, 0, 0],
						"2.0": [0, 0, 0],
						"2.1167": [10, 0, 0],
						"2.3667": [-85, 0, 0],
						"2.8833": [-140, 0, 0],
						"3.1667": [0, 0, 0]
					}
				},
				"att2": {
					"rotation": {
						"2.0": [0, 0, 0],
						"2.3667": [0, 0, 0],
						"2.8833": [0, 0, 0],
						"3.0333": [0, 60, 0]
					}
				},
				"att3": {
					"rotation": {
						"2.0": [0, 0, 0],
						"2.3667": [0, 0, 0],
						"2.8833": [0, 0, 0],
						"3.0333": [0, 90, 0]
					}
				},
				"att": {
					"rotation": {
						"2.0": [0, 0, 0],
						"2.3667": [0, 0, 0],
						"2.8833": [0, 0, 0],
						"3.0333": [0, -20, 0]
					}
				},
				"giu7": {
					"rotation": {
						"0.0": [-15, 0, 0],
						"2.0": [-15, 0, 0],
						"2.3667": [45, 0, 0],
						"3.2333": [45, 0, 0]
					}
				},
				"giu": {
					"rotation": {
						"2.6833": [0, 0, 0],
						"3.2333": [-25, 0, 0]
					}
				}
			}
		},
		"animation.bert.destroying": {
			"loop": true
		}
	}
}