{
	"format_version": "1.10.0",
	"geometry.alice": {
		"texturewidth": 128,
		"textureheight": 128,
		"visible_bounds_width": 2,
		"visible_bounds_height": 2,
		"visible_bounds_offset": [0, 1, 0],
		"bones": [
			{
				"name": "waist",
				"pivot": [0, 12, 0]
			},
			{
				"name": "body2",
				"parent": "waist",
				"pivot": [0, 12, 0],
				"cubes": [
					{"origin": [-3, 12, -2], "size": [6, 6, 3], "uv": [13, 26], "inflate": 0.5}
				]
			},
			{
				"name": "body",
				"parent": "body2",
				"pivot": [0, 18, 0],
				"cubes": [
					{"origin": [-4, 18, -2], "size": [8, 6, 4], "uv": [28, 12]},
					{"origin": [-4, 18, -3], "size": [8, 4, 1], "uv": [58, 47]},
					{"origin": [-1, 20, -3.2], "size": [2, 1, 1], "uv": [28, 22]},
					{"origin": [1, 19.3, -3.5], "size": [2, 2.5, 1], "uv": [40, 52]},
					{"origin": [-3, 19.3, -3.5], "size": [2, 2.5, 1], "uv": [46, 33]}
				]
			},
			{
				"name": "head",
				"parent": "body",
				"pivot": [0, 24, 0],
				"cubes": [
					{"origin": [-4, 25, -4], "size": [8, 8, 8], "uv": [0, 0]},
					{"origin": [-5, 32, -4], "size": [10, 2, 8], "uv": [0, 16], "inflate": -0.5},
					{"origin": [-4, 32, -5], "size": [8, 2, 2], "uv": [50, 43], "inflate": -0.5},
					{"origin": [-4, 32, 3], "size": [8, 2, 2], "uv": [52, 31], "inflate": -0.5},
					{"origin": [-5, 31, -5], "size": [6, 2, 2], "uv": [62, 0], "inflate": -0.5},
					{"origin": [-5, 27, -5], "size": [2, 5, 2], "uv": [24, 0], "inflate": -0.5},
					{"origin": [-5, 27, -3], "size": [2, 6, 2], "uv": [0, 0], "inflate": -0.5},
					{"origin": [-5, 25, -2], "size": [2, 8, 2], "uv": [26, 63], "inflate": -0.5},
					{"origin": [-5, 29, -4], "size": [2, 4, 2], "uv": [34, 63], "inflate": -0.5},
					{"origin": [3, 25, -2], "size": [2, 8, 2], "uv": [0, 26], "inflate": -0.5},
					{"origin": [3, 27, -3], "size": [2, 6, 2], "uv": [0, 16], "inflate": -0.5},
					{"origin": [3, 29, -5], "size": [2, 3, 2], "uv": [66, 4], "inflate": -0.5},
					{"origin": [3, 30, -4], "size": [2, 3, 2], "uv": [7, 60], "inflate": -0.5},
					{"origin": [3, 24, -1], "size": [2, 9, 6], "uv": [34, 37], "inflate": -0.5},
					{"origin": [-5, 24, -1], "size": [2, 9, 6], "uv": [18, 37], "inflate": -0.5},
					{"origin": [-4, 24, 3], "size": [8, 9, 2], "uv": [32, 0], "inflate": -0.5},
					{"origin": [-2, 23, 3], "size": [4, 2, 2], "uv": [12, 38], "inflate": -0.5},
					{"origin": [2, 28, -5], "size": [2, 4, 2], "uv": [62, 52], "inflate": -0.5},
					{"origin": [3, 26, -5], "size": [2, 4, 2], "uv": [62, 52], "inflate": -0.5},
					{"origin": [0, 29, -5], "size": [2, 4, 2], "uv": [62, 52], "inflate": -0.5},
					{"origin": [1, 30, -5], "size": [2, 2, 2], "uv": [48, 11], "inflate": -0.5},
					{"origin": [1, 29, -5], "size": [2, 2, 2], "uv": [48, 11], "inflate": -0.5},
					{"origin": [3, 25, -5], "size": [2, 2, 2], "uv": [48, 11], "inflate": -0.5},
					{"origin": [-1, 28, -5], "size": [2, 2, 2], "uv": [48, 11], "inflate": -0.5},
					{"origin": [2, 27, -5], "size": [2, 2, 2], "uv": [48, 11], "inflate": -0.5},
					{"origin": [-1, 29, -5], "size": [2, 2, 2], "uv": [48, 11], "inflate": -0.5},
					{"origin": [-2, 29, -5], "size": [2, 2, 2], "uv": [48, 11], "inflate": -0.5},
					{"origin": [-3, 29, -5], "size": [2, 2, 2], "uv": [48, 11], "inflate": -0.5},
					{"origin": [-4, 28, -5], "size": [2, 3, 2], "uv": [65, 58], "inflate": -0.5},
					{"origin": [0, 27, -5], "size": [2, 3, 2], "uv": [65, 58], "inflate": -0.5},
					{"origin": [1, 31, -5], "size": [4, 2, 2], "uv": [28, 37], "inflate": -0.5},
					{"origin": [-4, 30, -5], "size": [3, 2, 2], "uv": [62, 11], "inflate": -0.5},
					{"origin": [-2, 30, -5], "size": [3, 2, 2], "uv": [62, 11], "inflate": -0.5},
					{"origin": [-1, 24, -1], "size": [2, 1, 2], "uv": [38, 33]}
				]
			},
			{
				"name": "hair",
				"parent": "head",
				"pivot": [0, 31, 4],
				"cubes": [
					{"origin": [-1, 30, 4], "size": [2, 2, 1], "uv": [26, 52]}
				]
			},
			{
				"name": "hair2",
				"parent": "hair",
				"pivot": [0, 31.5, 5.5],
				"cubes": [
					{"origin": [-2, 28, 5], "size": [4, 5, 3], "uv": [12, 63]}
				]
			},
			{
				"name": "hair3",
				"parent": "hair2",
				"pivot": [0, 28.5, 6.5],
				"cubes": [
					{"origin": [-2, 22, 5], "size": [4, 7, 3], "uv": [44, 59], "inflate": -0.5}
				]
			},
			{
				"name": "tie",
				"parent": "head",
				"pivot": [0, 33.83333, -0.5],
				"cubes": [
					{"origin": [-4, 33, 0], "size": [8, 1, 1], "uv": [54, 29]},
					{"origin": [4, 28, 0], "size": [1, 6, 1], "uv": [66, 15]},
					{"origin": [-5, 28, 0], "size": [1, 6, 1], "uv": [31, 26]}
				]
			},
			{
				"name": "horn",
				"parent": "head",
				"pivot": [4.5, 32, -1.5],
				"rotation": [0, 0, 35],
				"cubes": [
					{"origin": [4, 31, -2], "size": [1, 3, 1], "uv": [38, 22]}
				]
			},
			{
				"name": "horn2",
				"parent": "head",
				"pivot": [-4.5, 32, -1.5],
				"rotation": [0, 0, -35],
				"cubes": [
					{"origin": [-5, 31, -2], "size": [1, 3, 1], "uv": [0, 38]}
				]
			},
			{
				"name": "mouth",
				"parent": "head",
				"pivot": [0, 25.55, -4],
				"cubes": [
					{"origin": [-1, 25, -4.6], "size": [2, 1.1, 1.2], "uv": [1, 3], "inflate": -0.5}
				]
			},
			{
				"name": "rightArm",
				"parent": "body",
				"pivot": [-5, 22, 0],
				"cubes": [
					{"origin": [-7, 17, -2], "size": [3, 7, 4], "uv": [52, 0]}
				]
			},
			{
				"name": "rightItem",
				"parent": "rightArm",
				"pivot": [-6, 15, 1]
			},
			{
				"name": "rightArm2",
				"parent": "rightArm",
				"pivot": [-6, 18, 0],
				"cubes": [
					{"origin": [-7, 12, -2], "size": [3, 7, 4], "uv": [16, 52], "inflate": 0.001}
				]
			},
			{
				"name": "rightItem2",
				"parent": "rightArm2",
				"pivot": [-6, 15, 1]
			},
			{
				"name": "sword",
				"parent": "rightArm2",
				"pivot": [-5.5, 12.625, -0.25],
				"cubes": [
					{"origin": [-6, 12, -1], "size": [1, 2, 2], "uv": [12, 49]},
					{"origin": [-6, 14, -14], "size": [1, 1, 12], "uv": [24, 24]},
					{"origin": [-6, 13, -13], "size": [1, 1, 11], "uv": [0, 26]},
					{"origin": [-6, 13, -2], "size": [1, 1, 1], "uv": [6, 26]}
				]
			},
			{
				"name": "leftArm",
				"parent": "body",
				"pivot": [5, 22, 0],
				"mirror": true,
				"cubes": [
					{"origin": [4, 17, -2], "size": [3, 7, 4], "uv": [30, 52], "mirror": false}
				]
			},
			{
				"name": "leftArm2",
				"parent": "leftArm",
				"pivot": [6, 18, 0],
				"mirror": true,
				"cubes": [
					{"origin": [4, 12, -2], "size": [3, 7, 4], "uv": [52, 11], "inflate": 0.001, "mirror": false}
				]
			},
			{
				"name": "skirt",
				"parent": "body2",
				"pivot": [0, 12.5, -2.5],
				"rotation": [-15, 0, 0],
				"cubes": [
					{"origin": [-4, 7, -2.5], "size": [8, 6, 1], "uv": [49, 36]},
					{"origin": [-5, 7, -2.5], "size": [1, 4, 1], "uv": [34, 69]},
					{"origin": [4, 7, -2.5], "size": [1, 4, 1], "uv": [45, 69]}
				]
			},
			{
				"name": "skirt4",
				"parent": "body2",
				"pivot": [-3.5, 13, 0],
				"rotation": [0, 0, 15],
				"cubes": [
					{"origin": [-4, 7, -2.5], "size": [1, 6, 5], "uv": [58, 58]},
					{"origin": [-4, 7, 2.5], "size": [1, 4, 1], "uv": [41, 68]},
					{"origin": [-4, 7, -3.5], "size": [1, 4, 1], "uv": [67, 35]}
				]
			},
			{
				"name": "skirt3",
				"parent": "body2",
				"pivot": [3.5, 13, 0],
				"rotation": [0, 0, -15],
				"cubes": [
					{"origin": [3, 7, -2.5], "size": [1, 6, 5], "uv": [0, 60]},
					{"origin": [3, 7, -3.5], "size": [1, 4, 1], "uv": [44, 37]},
					{"origin": [3, 7, 2.5], "size": [1, 4, 1], "uv": [0, 60]}
				]
			},
			{
				"name": "skirt2",
				"parent": "body2",
				"pivot": [0, 13, 2],
				"rotation": [15, 0, 0],
				"cubes": [
					{"origin": [-4, 7, 1.5], "size": [8, 6, 1], "uv": [54, 22]},
					{"origin": [4, 7, 1.5], "size": [1, 4, 1], "uv": [49, 69]},
					{"origin": [-5, 7, 1.5], "size": [1, 4, 1], "uv": [68, 40]}
				]
			},
			{
				"name": "rightLeg",
				"pivot": [-1.9, 12, 0],
				"cubes": [
					{"origin": [-3.9, 5, -2], "size": [4, 7, 4], "uv": [38, 22]}
				]
			},
			{
				"name": "rightLeg2",
				"parent": "rightLeg",
				"pivot": [-1.9, 6, 0],
				"cubes": [
					{"origin": [-3.9, 0, -2], "size": [4, 7, 4], "uv": [0, 49], "inflate": 0.001}
				]
			},
			{
				"name": "leftLeg",
				"pivot": [1.9, 12, 0],
				"mirror": true,
				"cubes": [
					{"origin": [-0.1, 5, -2], "size": [4, 7, 4], "uv": [0, 38], "mirror": false}
				]
			},
			{
				"name": "leftLeg2",
				"parent": "leftLeg",
				"pivot": [1.9, 6, 0],
				"mirror": true,
				"cubes": [
					{"origin": [-0.1, 0, -2], "size": [4, 7, 4], "uv": [46, 48], "inflate": 0.001, "mirror": false}
				]
			}
		]
	}
}