{
	"format_version": "1.10.0",
	"geometry.bert_2": {
		"texturewidth": 256,
		"textureheight": 256,
		"visible_bounds_width": 12,
		"visible_bounds_height": 4,
		"visible_bounds_offset": [0, 2, 0],
		"bones": [
			{
				"name": "tru",
				"pivot": [0, 1, 0],
				"rotation": [0, 0, -90],
				"cubes": [
					{"origin": [-1, -11, -2], "size": [2, 2, 4], "uv": [68, 59]}
				]
			},
			{
				"name": "tru2",
				"parent": "tru",
				"pivot": [0, 0, 0],
				"rotation": [-20, 0, 0],
				"cubes": [
					{"origin": [-1, -11, -2], "size": [2, 5, 4], "uv": [98, 73]}
				]
			},
			{
				"name": "tru3",
				"parent": "tru",
				"pivot": [0, 0, 0],
				"rotation": [-40, 0, 0],
				"cubes": [
					{"origin": [-1, -11, -2], "size": [2, 7, 4], "uv": [94, 94]}
				]
			},
			{
				"name": "tru4",
				"parent": "tru",
				"pivot": [0, 0, 0],
				"rotation": [-60, 0, 0],
				"cubes": [
					{"origin": [-1, -11, -2], "size": [2, 9, 4], "uv": [23, 23]}
				]
			},
			{
				"name": "tru5",
				"parent": "tru",
				"pivot": [0, 0, 0],
				"rotation": [-80, 0, 0],
				"cubes": [
					{"origin": [-1, -11, -2], "size": [2, 5, 4], "uv": [113, 94]}
				]
			},
			{
				"name": "tru6",
				"parent": "tru",
				"pivot": [0, 0, 0],
				"rotation": [-100, 0, 0],
				"cubes": [
					{"origin": [-1, -11, -2], "size": [2, 10, 4], "uv": [0, 0]}
				]
			},
			{
				"name": "tru7",
				"parent": "tru",
				"pivot": [0, 0, 0],
				"rotation": [-120, 0, 0],
				"cubes": [
					{"origin": [-1, -11, -2], "size": [2, 5, 4], "uv": [121, 0]}
				]
			},
			{
				"name": "tru8",
				"parent": "tru",
				"pivot": [0, 0, 0],
				"rotation": [-140, 0, 0],
				"cubes": [
					{"origin": [-1, -11, -2], "size": [2, 9, 4], "uv": [23, 0]}
				]
			},
			{
				"name": "tru9",
				"parent": "tru",
				"pivot": [0, 0, 0],
				"rotation": [-160, 0, 0],
				"cubes": [
					{"origin": [-1, -11, -2], "size": [2, 5, 4], "uv": [37, 116]}
				]
			},
			{
				"name": "tru10",
				"parent": "tru",
				"pivot": [0, 0, 0],
				"rotation": [180, 0, 0],
				"cubes": [
					{"origin": [-1, -11, -2], "size": [2, 20, 4], "uv": [72, 195]}
				]
			},
			{
				"name": "tru11",
				"parent": "tru",
				"pivot": [0, 0, 0],
				"rotation": [160, 0, 0],
				"cubes": [
					{"origin": [-1, -11, -2], "size": [2, 5, 4], "uv": [0, 119]}
				]
			},
			{
				"name": "tru12",
				"parent": "tru",
				"pivot": [0, 0, 0],
				"rotation": [140, 0, 0],
				"cubes": [
					{"origin": [-1, -11, -2], "size": [2, 9, 4], "uv": [64, 21]}
				]
			},
			{
				"name": "tru13",
				"parent": "tru",
				"pivot": [0, 0, 0],
				"rotation": [120, 0, 0],
				"cubes": [
					{"origin": [-1, -11, -2], "size": [2, 5, 4], "uv": [137, 18]}
				]
			},
			{
				"name": "tru14",
				"parent": "tru",
				"pivot": [0, 0, 0],
				"rotation": [100, 0, 0],
				"cubes": [
					{"origin": [-1, -11, -2], "size": [2, 10, 4], "uv": [0, 19]}
				]
			},
			{
				"name": "tru15",
				"parent": "tru",
				"pivot": [0, 0, 0],
				"rotation": [80, 0, 0],
				"cubes": [
					{"origin": [-1, -11, -2], "size": [2, 7, 4], "uv": [0, 96]}
				]
			},
			{
				"name": "tru16",
				"parent": "tru",
				"pivot": [0, 0, 0],
				"rotation": [60, 0, 0],
				"cubes": [
					{"origin": [-1, -11, -2], "size": [2, 5, 4], "uv": [0, 137]}
				]
			},
			{
				"name": "tru17",
				"parent": "tru",
				"pivot": [0, 0, 0],
				"rotation": [40, 0, 0],
				"cubes": [
					{"origin": [-1, -11, -2], "size": [2, 9, 4], "uv": [51, 74]}
				]
			},
			{
				"name": "tru18",
				"parent": "tru",
				"pivot": [0, 0, 0],
				"rotation": [20, 0, 0],
				"cubes": [
					{"origin": [-1, -11, -2], "size": [2, 5, 4], "uv": [132, 136]}
				]
			},
			{
				"name": "buc",
				"pivot": [1, 2, 0],
				"cubes": [
					{"origin": [-5, 2, 8], "size": [12, 5, 13], "uv": [121, 0], "inflate": 0.01}
				]
			},
			{
				"name": "buc2",
				"parent": "buc",
				"pivot": [1, 2, 0],
				"rotation": [0, 30, 0],
				"cubes": [
					{"origin": [-5, 2, 12], "size": [12, 5, 9], "uv": [156, 75]}
				]
			},
			{
				"name": "buc3",
				"parent": "buc",
				"pivot": [1, 2, 0],
				"rotation": [0, 60, 0],
				"cubes": [
					{"origin": [-5, 2, 6], "size": [12, 5, 15], "uv": [0, 96]}
				]
			},
			{
				"name": "buc4",
				"parent": "buc",
				"pivot": [1, 2, 0],
				"rotation": [0, 90, 0],
				"cubes": [
					{"origin": [-5, 2, 12], "size": [12, 5, 9], "uv": [154, 48], "inflate": 0.01}
				]
			},
			{
				"name": "buc5",
				"parent": "buc",
				"pivot": [1, 2, 0],
				"rotation": [0, 120, 0],
				"cubes": [
					{"origin": [-5, 2, 8], "size": [12, 5, 13], "uv": [0, 119]}
				]
			},
			{
				"name": "buc6",
				"parent": "buc",
				"pivot": [1, 2, 0],
				"rotation": [0, 150, 0],
				"cubes": [
					{"origin": [-5, 2, -19], "size": [12, 5, 40], "uv": [0, 0]}
				]
			},
			{
				"name": "buc7",
				"parent": "buc",
				"pivot": [1, 2, 0],
				"rotation": [0, 180, 0],
				"cubes": [
					{"origin": [-5, 2, 8], "size": [12, 5, 13], "uv": [41, 114], "inflate": 0.01},
					{"origin": [-4, 7, 18], "size": [2, 2, 2], "uv": [43, 252], "inflate": 0.01},
					{"origin": [-4, 7, -20], "size": [2, 2, 2], "uv": [43, 252], "inflate": 0.01},
					{"origin": [0, 7, -20], "size": [2, 2, 2], "uv": [43, 252], "inflate": 0.01},
					{"origin": [4, 7, -20], "size": [2, 2, 2], "uv": [43, 252], "inflate": 0.01},
					{"origin": [0, 7, 18], "size": [2, 2, 2], "uv": [43, 252], "inflate": 0.01},
					{"origin": [4, 7, 18], "size": [2, 2, 2], "uv": [43, 252], "inflate": 0.01},
					{"origin": [8, 7, 14], "size": [2, 2, 2], "uv": [43, 252], "inflate": 0.01},
					{"origin": [8, 7, -16], "size": [2, 2, 2], "uv": [43, 252], "inflate": 0.01},
					{"origin": [13, 7, -16], "size": [2, 2, 2], "uv": [43, 252], "inflate": 0.01},
					{"origin": [-8, 7, 14], "size": [2, 2, 2], "uv": [43, 252], "inflate": 0.01},
					{"origin": [-13, 7, 14], "size": [2, 2, 2], "uv": [43, 252], "inflate": 0.01},
					{"origin": [-15, 7, 11], "size": [2, 2, 2], "uv": [43, 252], "inflate": 0.01},
					{"origin": [15, 7, 11], "size": [2, 2, 2], "uv": [43, 252], "inflate": 0.01},
					{"origin": [-17, 7, 7], "size": [2, 2, 2], "uv": [43, 252], "inflate": 0.01},
					{"origin": [17, 7, 7], "size": [2, 2, 2], "uv": [43, 252], "inflate": 0.01},
					{"origin": [-17, 7, 2], "size": [2, 2, 2], "uv": [43, 252], "inflate": 0.01},
					{"origin": [-17, 7, -4], "size": [2, 2, 2], "uv": [43, 252], "inflate": 0.01},
					{"origin": [17, 7, -4], "size": [2, 2, 2], "uv": [43, 252], "inflate": 0.01},
					{"origin": [17, 7, 2], "size": [2, 2, 2], "uv": [43, 252], "inflate": 0.01},
					{"origin": [-17, 7, -9], "size": [2, 2, 2], "uv": [43, 252], "inflate": 0.01},
					{"origin": [17, 7, -9], "size": [2, 2, 2], "uv": [43, 252], "inflate": 0.01},
					{"origin": [-15, 7, -13], "size": [2, 2, 2], "uv": [43, 252], "inflate": 0.01},
					{"origin": [15, 7, -13], "size": [2, 2, 2], "uv": [43, 252], "inflate": 0.01},
					{"origin": [-13, 7, -16], "size": [2, 2, 2], "uv": [43, 252], "inflate": 0.01},
					{"origin": [-8, 7, -16], "size": [2, 2, 2], "uv": [43, 252], "inflate": 0.01},
					{"origin": [13, 7, 14], "size": [2, 2, 2], "uv": [43, 252], "inflate": 0.01}
				]
			},
			{
				"name": "buc8",
				"parent": "buc",
				"pivot": [1, 2, 0],
				"rotation": [0, -150, 0],
				"cubes": [
					{"origin": [-5, 2, 12], "size": [12, 5, 9], "uv": [141, 153]}
				]
			},
			{
				"name": "buc9",
				"parent": "buc",
				"pivot": [1, 2, 0],
				"rotation": [0, -120, 0],
				"cubes": [
					{"origin": [-5, 2, 6], "size": [12, 5, 15], "uv": [55, 94]}
				]
			},
			{
				"name": "buc10",
				"parent": "buc",
				"pivot": [1, 2, 0],
				"rotation": [0, -90, 0],
				"cubes": [
					{"origin": [-5, 2, 8], "size": [12, 5, 13], "uv": [113, 94], "inflate": 0.01}
				]
			},
			{
				"name": "buc11",
				"parent": "buc",
				"pivot": [1, 2, 0],
				"rotation": [0, -60, 0],
				"cubes": [
					{"origin": [-5, 2, 12], "size": [12, 5, 9], "uv": [150, 92]}
				]
			},
			{
				"name": "buc12",
				"parent": "buc",
				"pivot": [1, 2, 0],
				"rotation": [0, -30, 0],
				"cubes": [
					{"origin": [-5, 2, 19], "size": [12, 5, 2], "uv": [134, 48]}
				]
			},
			{
				"name": "tru19",
				"pivot": [0.3, 32, -1.3],
				"rotation": [0, 0, -90],
				"cubes": [
					{"origin": [3.3, 14.9, -3.5], "size": [6, 8, 6], "uv": [198, 69]}
				]
			},
			{
				"name": "tru20",
				"parent": "tru19",
				"pivot": [4.3, 31.9, -0.5],
				"rotation": [-20, 0, 0],
				"cubes": [
					{"origin": [3.3, 14.9, -3.5], "size": [6, 11, 6], "uv": [201, 178]}
				]
			},
			{
				"name": "tru21",
				"parent": "tru19",
				"pivot": [4.3, 31.9, -0.5],
				"rotation": [-40, 0, 0],
				"cubes": [
					{"origin": [3.3, 14.9, -3.5], "size": [6, 13, 6], "uv": [186, 122]}
				]
			},
			{
				"name": "tru22",
				"parent": "tru19",
				"pivot": [4.3, 31.9, -0.5],
				"rotation": [-60, 0, 0],
				"cubes": [
					{"origin": [3.3, 14.9, -3.5], "size": [6, 15, 6], "uv": [24, 184]}
				]
			},
			{
				"name": "tru23",
				"parent": "tru19",
				"pivot": [4.3, 31.9, -0.5],
				"rotation": [-80, 0, 0],
				"cubes": [
					{"origin": [3.3, 14.9, -3.5], "size": [6, 11, 6], "uv": [201, 161]}
				]
			},
			{
				"name": "tru24",
				"parent": "tru19",
				"pivot": [4.3, 31.9, -0.5],
				"rotation": [-100, 0, 0],
				"cubes": [
					{"origin": [3.3, 14.9, -3.5], "size": [6, 16, 6], "uv": [177, 177]}
				]
			},
			{
				"name": "tru25",
				"parent": "tru19",
				"pivot": [4.3, 31.9, -0.5],
				"rotation": [-120, 0, 0],
				"cubes": [
					{"origin": [3.3, 14.9, -3.5], "size": [6, 11, 6], "uv": [171, 201]}
				]
			},
			{
				"name": "tru26",
				"parent": "tru19",
				"pivot": [4.3, 31.9, -0.5],
				"rotation": [-140, 0, 0],
				"cubes": [
					{"origin": [3.3, 14.9, -3.5], "size": [6, 15, 6], "uv": [183, 146]}
				]
			},
			{
				"name": "tru27",
				"parent": "tru19",
				"pivot": [4.3, 31.9, -0.5],
				"rotation": [-160, 0, 0],
				"cubes": [
					{"origin": [3.3, 14.9, -3.5], "size": [6, 11, 6], "uv": [196, 42]}
				]
			},
			{
				"name": "tru28",
				"parent": "tru19",
				"pivot": [4.3, 31.9, -0.5],
				"rotation": [180, 0, 0],
				"cubes": [
					{"origin": [3.3, 14.9, -3.5], "size": [6, 26, 6], "uv": [38, 152]}
				]
			},
			{
				"name": "tru29",
				"parent": "tru19",
				"pivot": [4.3, 31.9, -0.5],
				"rotation": [160, 0, 0],
				"cubes": [
					{"origin": [3.3, 14.9, -3.5], "size": [6, 11, 6], "uv": [195, 195]}
				]
			},
			{
				"name": "tru30",
				"parent": "tru19",
				"pivot": [4.3, 31.9, -0.5],
				"rotation": [140, 0, 0],
				"cubes": [
					{"origin": [3.3, 14.9, -3.5], "size": [6, 15, 6], "uv": [104, 183]}
				]
			},
			{
				"name": "tru31",
				"parent": "tru19",
				"pivot": [4.3, 31.9, -0.5],
				"rotation": [120, 0, 0],
				"cubes": [
					{"origin": [3.3, 14.9, -3.5], "size": [6, 11, 6], "uv": [48, 195]}
				]
			},
			{
				"name": "tru32",
				"parent": "tru19",
				"pivot": [4.3, 31.9, -0.5],
				"rotation": [100, 0, 0],
				"cubes": [
					{"origin": [3.3, 14.9, -3.5], "size": [6, 16, 6], "uv": [62, 173]}
				]
			},
			{
				"name": "tru33",
				"parent": "tru19",
				"pivot": [4.3, 31.9, -0.5],
				"rotation": [80, 0, 0],
				"cubes": [
					{"origin": [3.3, 14.9, -3.5], "size": [6, 13, 6], "uv": [185, 23]}
				]
			},
			{
				"name": "tru34",
				"parent": "tru19",
				"pivot": [4.3, 31.9, -0.5],
				"rotation": [60, 0, 0],
				"cubes": [
					{"origin": [3.3, 14.9, -3.5], "size": [6, 11, 6], "uv": [192, 83]}
				]
			},
			{
				"name": "tru35",
				"parent": "tru19",
				"pivot": [4.3, 31.9, -0.5],
				"rotation": [40, 0, 0],
				"cubes": [
					{"origin": [3.3, 14.9, -3.5], "size": [6, 15, 6], "uv": [0, 183]}
				]
			},
			{
				"name": "tru36",
				"parent": "tru19",
				"pivot": [4.3, 31.9, -0.5],
				"rotation": [20, 0, 0],
				"cubes": [
					{"origin": [3.3, 14.9, -3.5], "size": [6, 11, 6], "uv": [153, 190]}
				]
			},
			{
				"name": "tru37",
				"parent": "tru19",
				"pivot": [10.9, 32.9, -1.1],
				"cubes": [
					{"origin": [9.3, 17.9, -3.1], "size": [5, 5, 4], "uv": [204, 59]}
				]
			},
			{
				"name": "tru38",
				"parent": "tru37",
				"pivot": [6.9, 31.9, -1.1],
				"rotation": [-20, 0, 0],
				"cubes": [
					{"origin": [9.3, 17.9, -3.1], "size": [5, 8, 4], "uv": [210, 125]}
				]
			},
			{
				"name": "tru39",
				"parent": "tru37",
				"pivot": [6.9, 31.9, -1.1],
				"rotation": [-40, 0, 0],
				"cubes": [
					{"origin": [9.3, 17.9, -3.1], "size": [5, 10, 4], "uv": [100, 204]}
				]
			},
			{
				"name": "tru40",
				"parent": "tru37",
				"pivot": [6.9, 31.9, -1.1],
				"rotation": [-60, 0, 0],
				"cubes": [
					{"origin": [9.3, 17.9, -3.1], "size": [5, 12, 4], "uv": [0, 204]}
				]
			},
			{
				"name": "tru41",
				"parent": "tru37",
				"pivot": [6.9, 31.9, -1.1],
				"rotation": [-80, 0, 0],
				"cubes": [
					{"origin": [9.3, 17.9, -3.1], "size": [5, 8, 4], "uv": [210, 100]}
				]
			},
			{
				"name": "tru42",
				"parent": "tru37",
				"pivot": [6.9, 31.9, -1.1],
				"rotation": [-100, 0, 0],
				"cubes": [
					{"origin": [9.3, 17.9, -3.1], "size": [5, 13, 4], "uv": [72, 70]}
				]
			},
			{
				"name": "tru43",
				"parent": "tru37",
				"pivot": [6.9, 31.9, -1.1],
				"rotation": [-120, 0, 0],
				"cubes": [
					{"origin": [9.3, 17.9, -3.1], "size": [5, 8, 4], "uv": [209, 28]}
				]
			},
			{
				"name": "tru44",
				"parent": "tru37",
				"pivot": [6.9, 31.9, -1.1],
				"rotation": [-140, 0, 0],
				"cubes": [
					{"origin": [9.3, 17.9, -3.1], "size": [5, 12, 4], "uv": [58, 132]}
				]
			},
			{
				"name": "tru45",
				"parent": "tru37",
				"pivot": [6.9, 31.9, -1.1],
				"rotation": [-160, 0, 0],
				"cubes": [
					{"origin": [9.3, 17.9, -3.1], "size": [5, 8, 4], "uv": [208, 0]}
				]
			},
			{
				"name": "tru46",
				"parent": "tru37",
				"pivot": [6.9, 31.9, -1.1],
				"rotation": [180, 0, 0],
				"cubes": [
					{"origin": [9.3, 17.9, -3.1], "size": [5, 23, 4], "uv": [86, 180]}
				]
			},
			{
				"name": "tru47",
				"parent": "tru37",
				"pivot": [6.9, 31.9, -1.1],
				"rotation": [160, 0, 0],
				"cubes": [
					{"origin": [9.3, 17.9, -3.1], "size": [5, 8, 4], "uv": [152, 207]}
				]
			},
			{
				"name": "tru48",
				"parent": "tru37",
				"pivot": [6.9, 31.9, -1.1],
				"rotation": [140, 0, 0],
				"cubes": [
					{"origin": [9.3, 17.9, -3.1], "size": [5, 12, 4], "uv": [85, 21]}
				]
			},
			{
				"name": "tru49",
				"parent": "tru37",
				"pivot": [6.9, 31.9, -1.1],
				"rotation": [120, 0, 0],
				"cubes": [
					{"origin": [9.3, 17.9, -3.1], "size": [5, 8, 4], "uv": [206, 113]}
				]
			},
			{
				"name": "tru50",
				"parent": "tru37",
				"pivot": [6.9, 31.9, -1.1],
				"rotation": [100, 0, 0],
				"cubes": [
					{"origin": [9.3, 17.9, -3.1], "size": [5, 13, 4], "uv": [64, 0]}
				]
			},
			{
				"name": "tru51",
				"parent": "tru37",
				"pivot": [6.9, 31.9, -1.1],
				"rotation": [80, 0, 0],
				"cubes": [
					{"origin": [9.3, 17.9, -3.1], "size": [5, 10, 4], "uv": [126, 75]}
				]
			},
			{
				"name": "tru52",
				"parent": "tru37",
				"pivot": [6.9, 31.9, -1.1],
				"rotation": [60, 0, 0],
				"cubes": [
					{"origin": [9.3, 17.9, -3.1], "size": [5, 8, 4], "uv": [18, 205]}
				]
			},
			{
				"name": "tru53",
				"parent": "tru37",
				"pivot": [6.9, 31.9, -1.1],
				"rotation": [40, 0, 0],
				"cubes": [
					{"origin": [9.3, 17.9, -3.1], "size": [5, 12, 4], "uv": [0, 74]}
				]
			},
			{
				"name": "tru54",
				"parent": "tru37",
				"pivot": [6.9, 31.9, -1.1],
				"rotation": [20, 0, 0],
				"cubes": [
					{"origin": [9.3, 17.9, -3.1], "size": [5, 8, 4], "uv": [158, 0]}
				]
			},
			{
				"name": "dinh",
				"parent": "tru19",
				"pivot": [14.4, 32.5, -1],
				"rotation": [0, 0, 90],
				"cubes": [
					{"origin": [11.7, 32, -4.5], "size": [7, 5, 7], "uv": [39, 96]}
				]
			},
			{
				"name": "head",
				"pivot": [0.5, 19.5, -0.5],
				"cubes": [
					{"origin": [-5.5, 18.5, -6.5], "size": [12, 12, 12], "uv": [98, 49], "inflate": -0.5}
				]
			},
			{
				"name": "cot",
				"pivot": [0, 14, 0],
				"cubes": [
					{"origin": [-5, 7, -6], "size": [11, 12, 11], "uv": [80, 125]},
					{"origin": [-11, 32, -11], "size": [23, 3, 22], "uv": [0, 45]},
					{"origin": [-9, 30, -9], "size": [19, 2, 19], "uv": [64, 0]},
					{"origin": [6, 19, 5], "size": [4, 11, 3], "uv": [27, 249]},
					{"origin": [6, 19, -9], "size": [4, 11, 3], "uv": [27, 249]},
					{"origin": [-9, 19, 5], "size": [4, 11, 3], "uv": [27, 249]},
					{"origin": [-9, 19, -9], "size": [4, 11, 3], "uv": [27, 249]}
				],
				"locators": {
					"broke": [-10, 16, -12],
					"broke2": [13, 14, 11],
					"broke3": [-9, 16, 11]
				}
			},
			{
				"name": "cen",
				"parent": "cot",
				"pivot": [0.5, 7.5, 9.5],
				"rotation": [25, 0, 0],
				"cubes": [
					{"origin": [-5, 7, 9], "size": [11, 11, 2], "uv": [203, 15]}
				]
			},
			{
				"name": "cen5",
				"parent": "cen",
				"pivot": [0.5, 18, 9.5],
				"rotation": [-45, 0, 0],
				"cubes": [
					{"origin": [-5, 18, 9], "size": [11, 21, 2], "uv": [151, 167], "inflate": 0.001}
				]
			},
			{
				"name": "cen15",
				"parent": "cen",
				"pivot": [-4.5, 16.1, 10.5],
				"rotation": [-45, 0, 0],
				"cubes": [
					{"origin": [-5, 16.1, 10], "size": [5.5, 21, 1], "uv": [244, 234], "inflate": 0.001}
				]
			},
			{
				"name": "cen16",
				"parent": "cen",
				"pivot": [5.5, 16.1, 10.5],
				"rotation": [-45, 0, 0],
				"cubes": [
					{"origin": [0.5, 16.1, 10], "size": [5.5, 21, 1], "uv": [244, 234], "inflate": 0.001}
				]
			},
			{
				"name": "cen3",
				"parent": "cot",
				"pivot": [-9.5, 7.5, -0.5],
				"rotation": [0, 0, 25],
				"cubes": [
					{"origin": [-11, 7, -6], "size": [2, 11, 11], "uv": [166, 106]}
				]
			},
			{
				"name": "cen8",
				"parent": "cen3",
				"pivot": [-9.5, 18, -0.5],
				"rotation": [0, 0, -45],
				"cubes": [
					{"origin": [-11, 18, -6], "size": [2, 21, 11], "uv": [65, 141], "inflate": 0.001}
				]
			},
			{
				"name": "cen11",
				"parent": "cen3",
				"pivot": [-10.5, 16.1, -5.5],
				"rotation": [0, 0, -45],
				"cubes": [
					{"origin": [-10.9577, 16.03989, -6], "size": [1, 21, 5.5], "uv": [244, 230], "inflate": 0.001}
				]
			},
			{
				"name": "cen12",
				"parent": "cen3",
				"pivot": [-10.5, 16.1, 4.5],
				"rotation": [0, 0, -45],
				"cubes": [
					{"origin": [-10.9577, 16.03989, -0.5], "size": [1, 21, 5.5], "uv": [244, 230], "inflate": 0.001}
				]
			},
			{
				"name": "cen2",
				"parent": "cot",
				"pivot": [10.5, 7.5, -0.5],
				"rotation": [0, 0, -25],
				"cubes": [
					{"origin": [10, 7, -6], "size": [2, 11, 11], "uv": [165, 7]}
				]
			},
			{
				"name": "cen7",
				"parent": "cen2",
				"pivot": [10.5, 18, -0.5],
				"rotation": [0, 0, 45],
				"cubes": [
					{"origin": [10, 18, -6], "size": [2, 21, 11], "uv": [91, 148], "inflate": 0.001}
				]
			},
			{
				"name": "cen9",
				"parent": "cen2",
				"pivot": [10.9, 17, 4.5],
				"rotation": [0, 0, 45],
				"cubes": [
					{"origin": [11.4, 17, -0.5], "size": [1, 21, 5.5], "uv": [244, 230], "inflate": 0.001}
				]
			},
			{
				"name": "cen10",
				"parent": "cen2",
				"pivot": [10.9, 17, -5.5],
				"rotation": [0, 0, 45],
				"cubes": [
					{"origin": [11.4, 17, -6], "size": [1, 21, 5.5], "uv": [244, 230], "inflate": 0.001}
				]
			},
			{
				"name": "cen4",
				"parent": "cot",
				"pivot": [0.5, 7.5, -10.5],
				"rotation": [-25, 0, 0],
				"cubes": [
					{"origin": [-5, 7, -12], "size": [11, 11, 2], "uv": [126, 202]}
				]
			},
			{
				"name": "cen6",
				"parent": "cen4",
				"pivot": [0.5, 18, -11.5],
				"rotation": [45, 0, 0],
				"cubes": [
					{"origin": [-5, 17.06031, -12.34202], "size": [11, 21, 2], "uv": [160, 129], "inflate": 0.001}
				]
			},
			{
				"name": "cen13",
				"parent": "cen4",
				"pivot": [4.5, 16.2, -12.5],
				"rotation": [45, 0, 0],
				"cubes": [
					{"origin": [0.5, 15.26031, -12.34202], "size": [5.5, 21, 1], "uv": [244, 234], "inflate": 0.001}
				]
			},
			{
				"name": "cen14",
				"parent": "cen4",
				"pivot": [-4.5, 16.2, -12.5],
				"rotation": [45, 0, 0],
				"cubes": [
					{"origin": [-5, 15.26031, -12.34202], "size": [5.5, 21, 1], "uv": [244, 234], "inflate": 0.001}
				]
			},
			{
				"name": "arm13",
				"parent": "cot",
				"pivot": [-6, 9, 6],
				"rotation": [0, -50, 0],
				"cubes": [
					{"origin": [-8, 8, 13], "size": [4, 2, 18], "uv": [106, 136]},
					{"origin": [-9, 3, 6], "size": [6, 11, 7], "uv": [0, 238]},
					{"origin": [-9, 10, 14], "size": [6, 1, 16], "uv": [138, 112]},
					{"origin": [-9, 11, 14], "size": [6, 1, 16], "uv": [138, 112]},
					{"origin": [-9, 7, 14], "size": [6, 1, 16], "uv": [137, 18]},
					{"origin": [-9, 6, 14], "size": [6, 1, 16], "uv": [137, 18]}
				],
				"locators": {
					"broke4": [-5.87674, 9, 7.40883]
				}
			},
			{
				"name": "arm14",
				"parent": "arm13",
				"pivot": [-6, 9, 31],
				"cubes": [
					{"origin": [-8, 8, 31], "size": [4, 2, 18], "uv": [32, 132]},
					{"origin": [-9, 10, 32], "size": [6, 1, 16], "uv": [0, 137]},
					{"origin": [-9, 11, 32], "size": [6, 1, 16], "uv": [0, 137]},
					{"origin": [-9, 7, 32], "size": [6, 1, 16], "uv": [132, 136]},
					{"origin": [-9, 6, 32], "size": [6, 1, 16], "uv": [132, 136]}
				]
			},
			{
				"name": "arm15",
				"parent": "arm14",
				"pivot": [-6, 9, 49],
				"cubes": [
					{"origin": [-8, 8, 49], "size": [4, 2, 18], "uv": [128, 55]},
					{"origin": [-9, 10, 50], "size": [6, 1, 16], "uv": [128, 75]},
					{"origin": [-9, 11, 50], "size": [6, 1, 16], "uv": [128, 75]},
					{"origin": [-9, 7, 50], "size": [6, 1, 16], "uv": [98, 73]},
					{"origin": [-9, 6, 50], "size": [6, 1, 16], "uv": [98, 73]}
				]
			},
			{
				"name": "arm16",
				"parent": "arm15",
				"pivot": [-6, 9, 67],
				"cubes": [
					{"origin": [-8, 8, 67], "size": [4, 2, 13], "uv": [117, 156]},
					{"origin": [-9, 10, 68], "size": [6, 1, 11], "uv": [106, 171]},
					{"origin": [-9, 11, 68], "size": [6, 1, 11], "uv": [106, 171]},
					{"origin": [-9, 6, 68], "size": [6, 1, 11], "uv": [106, 171]},
					{"origin": [-9, 7, 68], "size": [6, 1, 11], "uv": [0, 171]}
				]
			},
			{
				"name": "tay4",
				"parent": "arm16",
				"pivot": [-6, 9, 80],
				"cubes": [
					{"origin": [-9, 6, 80], "size": [6, 6, 3], "uv": [154, 62]}
				]
			},
			{
				"name": "att10",
				"parent": "tay4",
				"pivot": [-2.5, 8.5, 81],
				"cubes": [
					{"origin": [-3, 8, 81], "size": [2, 2, 21], "uv": [112, 21]},
					{"origin": [-1, 8, 100], "size": [15, 2, 2], "uv": [34, 70]},
					{"origin": [14, 8, 94], "size": [2, 2, 8], "uv": [177, 167]}
				]
			},
			{
				"name": "cart10",
				"parent": "att10",
				"pivot": [9, 3.5, 97],
				"rotation": [90, 0, -140],
				"cubes": [
					{"origin": [0.03262, 2, 84.34215], "size": [16, 2, 19], "uv": [0, 75]},
					{"origin": [2.03262, 4, 84.34215], "size": [12, 3, 10], "uv": [148, 35]},
					{"origin": [2.03262, 7, 84.34215], "size": [12, 9, 4], "uv": [172, 62]},
					{"origin": [0.03262, 2, 103.34215], "size": [2, 12, 9], "uv": [131, 181]},
					{"origin": [2.03262, 2, 110.34215], "size": [12, 13, 2], "uv": [180, 0]},
					{"origin": [2.03262, 2, 103.34215], "size": [12, 3, 7], "uv": [68, 49]},
					{"origin": [14.03262, 2, 103.34215], "size": [2, 12, 9], "uv": [0, 45]},
					{"origin": [2.03262, 11, 104.34215], "size": [12, 1, 2], "uv": [0, 116]},
					{"origin": [0.03262, 4, 84.34215], "size": [16, 15, 2], "uv": [0, 154], "inflate": 0.1},
					{"origin": [13.03262, 4, 86.34215], "size": [3, 2, 17], "uv": [0, 19]},
					{"origin": [0.03262, 4, 86.34215], "size": [3, 2, 17], "uv": [0, 0]},
					{"origin": [0.03262, 6, 86.34215], "size": [2, 2, 17], "uv": [51, 70]},
					{"origin": [0.03262, 8, 86.34215], "size": [1, 8, 9], "uv": [113, 117]},
					{"origin": [15.03262, 8, 86.34215], "size": [1, 8, 9], "uv": [112, 21]},
					{"origin": [14.03262, 6, 86.34215], "size": [2, 2, 17], "uv": [64, 21]}
				]
			},
			{
				"name": "att11",
				"parent": "tay4",
				"pivot": [-5.5, 12.5, 81],
				"rotation": [0, 0, -90],
				"cubes": [
					{"origin": [-6, 12, 81], "size": [2, 2, 21], "uv": [88, 94]},
					{"origin": [-4, 12, 100], "size": [15, 2, 2], "uv": [0, 70]},
					{"origin": [11, 12, 94], "size": [2, 2, 8], "uv": [129, 171]}
				]
			},
			{
				"name": "cart11",
				"parent": "att11",
				"pivot": [9, 14.5, 96],
				"rotation": [90, 0, -180],
				"cubes": [
					{"origin": [0.03262, 13, 83.34215], "size": [16, 2, 19], "uv": [0, 75]},
					{"origin": [2.03262, 15, 83.34215], "size": [12, 3, 10], "uv": [148, 35]},
					{"origin": [2.03262, 18, 83.34215], "size": [12, 9, 4], "uv": [172, 62]},
					{"origin": [0.03262, 13, 102.34215], "size": [2, 12, 9], "uv": [131, 181]},
					{"origin": [2.03262, 13, 109.34215], "size": [12, 13, 2], "uv": [180, 0]},
					{"origin": [2.03262, 13, 102.34215], "size": [12, 3, 7], "uv": [68, 49]},
					{"origin": [14.03262, 13, 102.34215], "size": [2, 12, 9], "uv": [0, 45]},
					{"origin": [2.03262, 22, 103.34215], "size": [12, 1, 2], "uv": [0, 116]},
					{"origin": [0.03262, 15, 83.34215], "size": [16, 15, 2], "uv": [0, 154], "inflate": 0.1},
					{"origin": [13.03262, 15, 85.34215], "size": [3, 2, 17], "uv": [0, 19]},
					{"origin": [0.03262, 15, 85.34215], "size": [3, 2, 17], "uv": [0, 0]},
					{"origin": [0.03262, 17, 85.34215], "size": [2, 2, 17], "uv": [51, 70]},
					{"origin": [0.03262, 19, 85.34215], "size": [1, 8, 9], "uv": [113, 117]},
					{"origin": [15.03262, 19, 85.34215], "size": [1, 8, 9], "uv": [112, 21]},
					{"origin": [14.03262, 17, 85.34215], "size": [2, 2, 17], "uv": [64, 21]}
				]
			},
			{
				"name": "att12",
				"parent": "tay4",
				"pivot": [-8.5, 8.5, 81],
				"cubes": [
					{"origin": [-11, 8, 81], "size": [2, 2, 21], "uv": [113, 113]},
					{"origin": [-26, 8, 100], "size": [15, 2, 2], "uv": [78, 117]},
					{"origin": [-28, 8, 94], "size": [2, 2, 8], "uv": [201, 141]}
				]
			},
			{
				"name": "cart12",
				"parent": "att12",
				"pivot": [-24, 3.5, 97],
				"rotation": [90, 0, -30],
				"cubes": [
					{"origin": [-32.96738, 2, 84.34215], "size": [16, 2, 19], "uv": [0, 75]},
					{"origin": [-30.96738, 4, 84.34215], "size": [12, 3, 10], "uv": [148, 35]},
					{"origin": [-30.96738, 7, 84.34215], "size": [12, 9, 4], "uv": [172, 62]},
					{"origin": [-32.96738, 2, 103.34215], "size": [2, 12, 9], "uv": [131, 181]},
					{"origin": [-30.96738, 2, 110.34215], "size": [12, 13, 2], "uv": [180, 0]},
					{"origin": [-30.96738, 2, 103.34215], "size": [12, 3, 7], "uv": [68, 49]},
					{"origin": [-18.96738, 2, 103.34215], "size": [2, 12, 9], "uv": [0, 45]},
					{"origin": [-30.96738, 11, 104.34215], "size": [12, 1, 2], "uv": [0, 116]},
					{"origin": [-32.96738, 4, 84.34215], "size": [16, 15, 2], "uv": [0, 154], "inflate": 0.1},
					{"origin": [-19.96738, 4, 86.34215], "size": [3, 2, 17], "uv": [0, 19]},
					{"origin": [-32.96738, 4, 86.34215], "size": [3, 2, 17], "uv": [0, 0]},
					{"origin": [-32.96738, 6, 86.34215], "size": [2, 2, 17], "uv": [51, 70]},
					{"origin": [-32.96738, 8, 86.34215], "size": [1, 8, 9], "uv": [113, 117]},
					{"origin": [-17.96738, 8, 86.34215], "size": [1, 8, 9], "uv": [112, 21]},
					{"origin": [-18.96738, 6, 86.34215], "size": [2, 2, 17], "uv": [64, 21]}
				]
			},
			{
				"name": "giu22",
				"parent": "arm13",
				"pivot": [-6, 29, 3.5],
				"rotation": [-10, 0, 0],
				"cubes": [
					{"origin": [-8, 27, 4], "size": [4, 4, 23], "uv": [81, 22]}
				]
			},
			{
				"name": "giu23",
				"parent": "giu22",
				"pivot": [-6, 29, 27],
				"cubes": [
					{"origin": [-8, 27, 26.5], "size": [4, 4, 30], "uv": [60, 60], "inflate": -0.5}
				]
			},
			{
				"name": "giu24",
				"parent": "giu23",
				"pivot": [-6, 29, 57],
				"rotation": [10, 0, 0],
				"cubes": [
					{"origin": [-8, 26, 56], "size": [4, 6, 6], "uv": [28, 137]}
				]
			},
			{
				"name": "giu25",
				"parent": "giu24",
				"pivot": [-5.8, 28, 58.4],
				"rotation": [-15, 0, 0],
				"cubes": [
					{"origin": [-7.1, 19, 57.8], "size": [2, 10, 1.5], "uv": [91, 148], "inflate": -0.5}
				]
			},
			{
				"name": "giu26",
				"parent": "giu24",
				"pivot": [-5.8, 28, 59.4],
				"rotation": [20, 0, 0],
				"cubes": [
					{"origin": [-7.1, 19, 58.8], "size": [2, 10, 1.5], "uv": [138, 112], "inflate": -0.5}
				]
			},
			{
				"name": "giu27",
				"parent": "giu24",
				"pivot": [-5.8, 28, 61.4],
				"rotation": [25, 0, 0],
				"cubes": [
					{"origin": [-7.1, 19, 60.8], "size": [2, 10, 1.5], "uv": [68, 45], "inflate": -0.5}
				]
			},
			{
				"name": "giu28",
				"parent": "giu24",
				"pivot": [-5.8, 28, 56.4],
				"rotation": [-30, 0, 0],
				"cubes": [
					{"origin": [-7.1, 19, 55.8], "size": [2, 10, 1.5], "uv": [144, 112], "inflate": -0.5}
				]
			},
			{
				"name": "arm5",
				"parent": "cot",
				"pivot": [7, 9, -7],
				"rotation": [180, 50, -180],
				"cubes": [
					{"origin": [5, 8, 0], "size": [4, 2, 18], "uv": [106, 136], "mirror": true},
					{"origin": [4, 3, -7], "size": [6, 11, 7], "uv": [0, 238], "mirror": true},
					{"origin": [4, 10, 1], "size": [6, 1, 16], "uv": [138, 112], "mirror": true},
					{"origin": [4, 11, 1], "size": [6, 1, 16], "uv": [138, 112], "mirror": true},
					{"origin": [4, 7, 1], "size": [6, 1, 16], "uv": [137, 18], "mirror": true},
					{"origin": [4, 6, 1], "size": [6, 1, 16], "uv": [137, 18], "mirror": true}
				],
				"locators": {
					"broke5": [7.59529, 17, -0.86789]
				}
			},
			{
				"name": "arm6",
				"parent": "arm5",
				"pivot": [7, 9, 18],
				"cubes": [
					{"origin": [5, 8, 18], "size": [4, 2, 18], "uv": [32, 132], "mirror": true},
					{"origin": [4, 10, 19], "size": [6, 1, 16], "uv": [0, 137], "mirror": true},
					{"origin": [4, 11, 19], "size": [6, 1, 16], "uv": [0, 137], "mirror": true},
					{"origin": [4, 7, 19], "size": [6, 1, 16], "uv": [132, 136], "mirror": true},
					{"origin": [4, 6, 19], "size": [6, 1, 16], "uv": [132, 136], "mirror": true}
				]
			},
			{
				"name": "arm7",
				"parent": "arm6",
				"pivot": [7, 9, 36],
				"cubes": [
					{"origin": [5, 8, 36], "size": [4, 2, 18], "uv": [128, 55], "mirror": true},
					{"origin": [4, 10, 37], "size": [6, 1, 16], "uv": [128, 75], "mirror": true},
					{"origin": [4, 11, 37], "size": [6, 1, 16], "uv": [128, 75], "mirror": true},
					{"origin": [4, 7, 37], "size": [6, 1, 16], "uv": [98, 73], "mirror": true},
					{"origin": [4, 6, 37], "size": [6, 1, 16], "uv": [98, 73], "mirror": true}
				]
			},
			{
				"name": "arm8",
				"parent": "arm7",
				"pivot": [7, 9, 54],
				"cubes": [
					{"origin": [5, 8, 54], "size": [4, 2, 13], "uv": [117, 156], "mirror": true},
					{"origin": [4, 10, 55], "size": [6, 1, 11], "uv": [106, 171], "mirror": true},
					{"origin": [4, 11, 55], "size": [6, 1, 11], "uv": [106, 171], "mirror": true},
					{"origin": [4, 6, 55], "size": [6, 1, 11], "uv": [106, 171], "mirror": true},
					{"origin": [4, 7, 55], "size": [6, 1, 11], "uv": [0, 171], "mirror": true}
				]
			},
			{
				"name": "tay2",
				"parent": "arm8",
				"pivot": [7, 9, 67],
				"cubes": [
					{"origin": [4, 6, 67], "size": [6, 6, 3], "uv": [154, 62], "mirror": true}
				]
			},
			{
				"name": "att4",
				"parent": "tay2",
				"pivot": [3.5, 8.5, 68],
				"cubes": [
					{"origin": [2, 8, 68], "size": [2, 2, 21], "uv": [112, 21], "mirror": true},
					{"origin": [-13, 8, 87], "size": [15, 2, 2], "uv": [34, 70], "mirror": true},
					{"origin": [-15, 8, 81], "size": [2, 2, 8], "uv": [177, 167], "mirror": true}
				]
			},
			{
				"name": "cart4",
				"parent": "att4",
				"pivot": [-8, 3.5, 83],
				"rotation": [90, 0, 140],
				"cubes": [
					{"origin": [-15.03262, 2, 70.34215], "size": [16, 2, 19], "uv": [0, 75], "mirror": true},
					{"origin": [-13.03262, 4, 70.34215], "size": [12, 3, 10], "uv": [148, 35], "mirror": true},
					{"origin": [-13.03262, 7, 70.34215], "size": [12, 9, 4], "uv": [172, 62], "mirror": true},
					{"origin": [-1.03262, 2, 89.34215], "size": [2, 12, 9], "uv": [131, 181], "mirror": true},
					{"origin": [-13.03262, 2, 96.34215], "size": [12, 13, 2], "uv": [180, 0], "mirror": true},
					{"origin": [-13.03262, 2, 89.34215], "size": [12, 3, 7], "uv": [68, 49], "mirror": true},
					{"origin": [-15.03262, 2, 89.34215], "size": [2, 12, 9], "uv": [0, 45], "mirror": true},
					{"origin": [-13.03262, 11, 90.34215], "size": [12, 1, 2], "uv": [0, 116], "mirror": true},
					{"origin": [-15.03262, 4, 70.34215], "size": [16, 15, 2], "uv": [0, 154], "inflate": 0.1, "mirror": true},
					{"origin": [-15.03262, 4, 72.34215], "size": [3, 2, 17], "uv": [0, 19], "mirror": true},
					{"origin": [-2.03262, 4, 72.34215], "size": [3, 2, 17], "uv": [0, 0], "mirror": true},
					{"origin": [-1.03262, 6, 72.34215], "size": [2, 2, 17], "uv": [51, 70], "mirror": true},
					{"origin": [-0.03262, 8, 72.34215], "size": [1, 8, 9], "uv": [113, 117], "mirror": true},
					{"origin": [-15.03262, 8, 72.34215], "size": [1, 8, 9], "uv": [112, 21], "mirror": true},
					{"origin": [-15.03262, 6, 72.34215], "size": [2, 2, 17], "uv": [64, 21], "mirror": true}
				]
			},
			{
				"name": "att5",
				"parent": "tay2",
				"pivot": [6.5, 12.5, 68],
				"rotation": [0, 0, 90],
				"cubes": [
					{"origin": [5, 12, 68], "size": [2, 2, 21], "uv": [88, 94], "mirror": true},
					{"origin": [-10, 12, 87], "size": [15, 2, 2], "uv": [0, 70], "mirror": true},
					{"origin": [-12, 12, 81], "size": [2, 2, 8], "uv": [129, 171], "mirror": true}
				]
			},
			{
				"name": "cart5",
				"parent": "att5",
				"pivot": [-8, 14.5, 83],
				"rotation": [90, 0, 180],
				"cubes": [
					{"origin": [-15.03262, 13, 70.34215], "size": [16, 2, 19], "uv": [0, 75], "mirror": true},
					{"origin": [-13.03262, 15, 70.34215], "size": [12, 3, 10], "uv": [148, 35], "mirror": true},
					{"origin": [-13.03262, 18, 70.34215], "size": [12, 9, 4], "uv": [172, 62], "mirror": true},
					{"origin": [-1.03262, 13, 89.34215], "size": [2, 12, 9], "uv": [131, 181], "mirror": true},
					{"origin": [-13.03262, 13, 96.34215], "size": [12, 13, 2], "uv": [180, 0], "mirror": true},
					{"origin": [-13.03262, 13, 89.34215], "size": [12, 3, 7], "uv": [68, 49], "mirror": true},
					{"origin": [-15.03262, 13, 89.34215], "size": [2, 12, 9], "uv": [0, 45], "mirror": true},
					{"origin": [-13.03262, 22, 90.34215], "size": [12, 1, 2], "uv": [0, 116], "mirror": true},
					{"origin": [-15.03262, 15, 70.34215], "size": [16, 15, 2], "uv": [0, 154], "inflate": 0.1, "mirror": true},
					{"origin": [-15.03262, 15, 72.34215], "size": [3, 2, 17], "uv": [0, 19], "mirror": true},
					{"origin": [-2.03262, 15, 72.34215], "size": [3, 2, 17], "uv": [0, 0], "mirror": true},
					{"origin": [-1.03262, 17, 72.34215], "size": [2, 2, 17], "uv": [51, 70], "mirror": true},
					{"origin": [-0.03262, 19, 72.34215], "size": [1, 8, 9], "uv": [113, 117], "mirror": true},
					{"origin": [-15.03262, 19, 72.34215], "size": [1, 8, 9], "uv": [112, 21], "mirror": true},
					{"origin": [-15.03262, 17, 72.34215], "size": [2, 2, 17], "uv": [64, 21], "mirror": true}
				]
			},
			{
				"name": "att6",
				"parent": "tay2",
				"pivot": [9.5, 8.5, 68],
				"cubes": [
					{"origin": [10, 8, 68], "size": [2, 2, 21], "uv": [113, 113], "mirror": true},
					{"origin": [12, 8, 87], "size": [15, 2, 2], "uv": [78, 117], "mirror": true},
					{"origin": [27, 8, 81], "size": [2, 2, 8], "uv": [201, 141], "mirror": true}
				]
			},
			{
				"name": "cart6",
				"parent": "att6",
				"pivot": [25, 3.5, 83],
				"rotation": [90, 0, 30],
				"cubes": [
					{"origin": [17.96738, 2, 70.34215], "size": [16, 2, 19], "uv": [0, 75], "mirror": true},
					{"origin": [19.96738, 4, 70.34215], "size": [12, 3, 10], "uv": [148, 35], "mirror": true},
					{"origin": [19.96738, 7, 70.34215], "size": [12, 9, 4], "uv": [172, 62], "mirror": true},
					{"origin": [31.96738, 2, 89.34215], "size": [2, 12, 9], "uv": [131, 181], "mirror": true},
					{"origin": [19.96738, 2, 96.34215], "size": [12, 13, 2], "uv": [180, 0], "mirror": true},
					{"origin": [19.96738, 2, 89.34215], "size": [12, 3, 7], "uv": [68, 49], "mirror": true},
					{"origin": [17.96738, 2, 89.34215], "size": [2, 12, 9], "uv": [0, 45], "mirror": true},
					{"origin": [19.96738, 11, 90.34215], "size": [12, 1, 2], "uv": [0, 116], "mirror": true},
					{"origin": [17.96738, 4, 70.34215], "size": [16, 15, 2], "uv": [0, 154], "inflate": 0.1, "mirror": true},
					{"origin": [17.96738, 4, 72.34215], "size": [3, 2, 17], "uv": [0, 19], "mirror": true},
					{"origin": [30.96738, 4, 72.34215], "size": [3, 2, 17], "uv": [0, 0], "mirror": true},
					{"origin": [31.96738, 6, 72.34215], "size": [2, 2, 17], "uv": [51, 70], "mirror": true},
					{"origin": [32.96738, 8, 72.34215], "size": [1, 8, 9], "uv": [113, 117], "mirror": true},
					{"origin": [17.96738, 8, 72.34215], "size": [1, 8, 9], "uv": [112, 21], "mirror": true},
					{"origin": [17.96738, 6, 72.34215], "size": [2, 2, 17], "uv": [64, 21], "mirror": true}
				]
			},
			{
				"name": "giu8",
				"parent": "arm5",
				"pivot": [7, 29, -9.5],
				"rotation": [-10, 0, 0],
				"cubes": [
					{"origin": [5, 27, -9], "size": [4, 4, 23], "uv": [81, 22], "mirror": true}
				]
			},
			{
				"name": "giu9",
				"parent": "giu8",
				"pivot": [7, 29, 14],
				"cubes": [
					{"origin": [5, 27, 13.5], "size": [4, 4, 30], "uv": [60, 60], "inflate": -0.5, "mirror": true}
				]
			},
			{
				"name": "giu10",
				"parent": "giu9",
				"pivot": [7, 29, 44],
				"rotation": [10, 0, 0],
				"cubes": [
					{"origin": [5, 26, 43], "size": [4, 6, 6], "uv": [28, 137], "mirror": true}
				]
			},
			{
				"name": "giu11",
				"parent": "giu10",
				"pivot": [6.8, 28, 45.4],
				"rotation": [-15, 0, 0],
				"cubes": [
					{"origin": [6.1, 19, 44.8], "size": [2, 10, 1.5], "uv": [91, 148], "inflate": -0.5, "mirror": true}
				]
			},
			{
				"name": "giu12",
				"parent": "giu10",
				"pivot": [6.8, 28, 46.4],
				"rotation": [20, 0, 0],
				"cubes": [
					{"origin": [6.1, 19, 45.8], "size": [2, 10, 1.5], "uv": [138, 112], "inflate": -0.5, "mirror": true}
				]
			},
			{
				"name": "giu13",
				"parent": "giu10",
				"pivot": [6.8, 28, 48.4],
				"rotation": [25, 0, 0],
				"cubes": [
					{"origin": [6.1, 19, 47.8], "size": [2, 10, 1.5], "uv": [68, 45], "inflate": -0.5, "mirror": true}
				]
			},
			{
				"name": "giu14",
				"parent": "giu10",
				"pivot": [6.8, 28, 43.4],
				"rotation": [-30, 0, 0],
				"cubes": [
					{"origin": [6.1, 19, 42.8], "size": [2, 10, 1.5], "uv": [144, 112], "inflate": -0.5, "mirror": true}
				]
			}
		]
	}
}