{
	"format_version": "1.10.0",
	"geometry.bert_d": {
		"texturewidth": 256,
		"textureheight": 256,
		"visible_bounds_width": 4,
		"visible_bounds_height": 3,
		"visible_bounds_offset": [0, 1.5, 0],
		"bones": [
			{
				"name": "tru",
				"pivot": [0, 1, 0],
				"rotation": [0, 0, -90],
				"cubes": [
					{"origin": [-1, -11, -2], "size": [2, 2, 4], "uv": [68, 59]}
				]
			},
			{
				"name": "tru2",
				"parent": "tru",
				"pivot": [0, 0, 0],
				"rotation": [-20, 0, 0],
				"cubes": [
					{"origin": [-1, -11, -2], "size": [2, 5, 4], "uv": [98, 73]}
				]
			},
			{
				"name": "tru3",
				"parent": "tru",
				"pivot": [0, 0, 0],
				"rotation": [-40, 0, 0],
				"cubes": [
					{"origin": [-1, -11, -2], "size": [2, 7, 4], "uv": [94, 94]}
				]
			},
			{
				"name": "tru4",
				"parent": "tru",
				"pivot": [0, 0, 0],
				"rotation": [-60, 0, 0],
				"cubes": [
					{"origin": [-1, -11, -2], "size": [2, 9, 4], "uv": [23, 23]}
				]
			},
			{
				"name": "tru5",
				"parent": "tru",
				"pivot": [0, 0, 0],
				"rotation": [-80, 0, 0],
				"cubes": [
					{"origin": [-1, -11, -2], "size": [2, 5, 4], "uv": [113, 94]}
				]
			},
			{
				"name": "tru6",
				"parent": "tru",
				"pivot": [0, 0, 0],
				"rotation": [-100, 0, 0],
				"cubes": [
					{"origin": [-1, -11, -2], "size": [2, 10, 4], "uv": [0, 0]}
				]
			},
			{
				"name": "tru7",
				"parent": "tru",
				"pivot": [0, 0, 0],
				"rotation": [-120, 0, 0],
				"cubes": [
					{"origin": [-1, -11, -2], "size": [2, 5, 4], "uv": [121, 0]}
				]
			},
			{
				"name": "tru8",
				"parent": "tru",
				"pivot": [0, 0, 0],
				"rotation": [-140, 0, 0],
				"cubes": [
					{"origin": [-1, -11, -2], "size": [2, 9, 4], "uv": [23, 0]}
				]
			},
			{
				"name": "tru9",
				"parent": "tru",
				"pivot": [0, 0, 0],
				"rotation": [-160, 0, 0],
				"cubes": [
					{"origin": [-1, -11, -2], "size": [2, 5, 4], "uv": [37, 116]}
				]
			},
			{
				"name": "tru10",
				"parent": "tru",
				"pivot": [0, 0, 0],
				"rotation": [180, 0, 0],
				"cubes": [
					{"origin": [-1, -11, -2], "size": [2, 20, 4], "uv": [72, 195]}
				]
			},
			{
				"name": "tru11",
				"parent": "tru",
				"pivot": [0, 0, 0],
				"rotation": [160, 0, 0],
				"cubes": [
					{"origin": [-1, -11, -2], "size": [2, 5, 4], "uv": [0, 119]}
				]
			},
			{
				"name": "tru12",
				"parent": "tru",
				"pivot": [0, 0, 0],
				"rotation": [140, 0, 0],
				"cubes": [
					{"origin": [-1, -11, -2], "size": [2, 9, 4], "uv": [64, 21]}
				]
			},
			{
				"name": "tru13",
				"parent": "tru",
				"pivot": [0, 0, 0],
				"rotation": [120, 0, 0],
				"cubes": [
					{"origin": [-1, -11, -2], "size": [2, 5, 4], "uv": [137, 18]}
				]
			},
			{
				"name": "tru14",
				"parent": "tru",
				"pivot": [0, 0, 0],
				"rotation": [100, 0, 0],
				"cubes": [
					{"origin": [-1, -11, -2], "size": [2, 10, 4], "uv": [0, 19]}
				]
			},
			{
				"name": "tru15",
				"parent": "tru",
				"pivot": [0, 0, 0],
				"rotation": [80, 0, 0],
				"cubes": [
					{"origin": [-1, -11, -2], "size": [2, 7, 4], "uv": [0, 96]}
				]
			},
			{
				"name": "tru16",
				"parent": "tru",
				"pivot": [0, 0, 0],
				"rotation": [60, 0, 0],
				"cubes": [
					{"origin": [-1, -11, -2], "size": [2, 5, 4], "uv": [0, 137]}
				]
			},
			{
				"name": "tru17",
				"parent": "tru",
				"pivot": [0, 0, 0],
				"rotation": [40, 0, 0],
				"cubes": [
					{"origin": [-1, -11, -2], "size": [2, 9, 4], "uv": [51, 74]}
				]
			},
			{
				"name": "tru18",
				"parent": "tru",
				"pivot": [0, 0, 0],
				"rotation": [20, 0, 0],
				"cubes": [
					{"origin": [-1, -11, -2], "size": [2, 5, 4], "uv": [132, 136]}
				]
			},
			{
				"name": "buc",
				"pivot": [1, 2, 0],
				"cubes": [
					{"origin": [-5, 2, 8], "size": [12, 5, 13], "uv": [121, 0], "inflate": 0.01}
				]
			},
			{
				"name": "buc2",
				"parent": "buc",
				"pivot": [1, 2, 0],
				"rotation": [0, 30, 0],
				"cubes": [
					{"origin": [-5, 2, 12], "size": [12, 5, 9], "uv": [156, 75]}
				]
			},
			{
				"name": "buc3",
				"parent": "buc",
				"pivot": [1, 2, 0],
				"rotation": [0, 60, 0],
				"cubes": [
					{"origin": [-5, 2, 6], "size": [12, 5, 15], "uv": [0, 96]}
				]
			},
			{
				"name": "buc4",
				"parent": "buc",
				"pivot": [1, 2, 0],
				"rotation": [0, 90, 0],
				"cubes": [
					{"origin": [-5, 2, 12], "size": [12, 5, 9], "uv": [154, 48], "inflate": 0.01}
				]
			},
			{
				"name": "buc5",
				"parent": "buc",
				"pivot": [1, 2, 0],
				"rotation": [0, 120, 0],
				"cubes": [
					{"origin": [-5, 2, 8], "size": [12, 5, 13], "uv": [0, 119]}
				]
			},
			{
				"name": "buc6",
				"parent": "buc",
				"pivot": [1, 2, 0],
				"rotation": [0, 150, 0],
				"cubes": [
					{"origin": [-5, 2, -19], "size": [12, 5, 40], "uv": [0, 0]}
				]
			},
			{
				"name": "buc7",
				"parent": "buc",
				"pivot": [1, 2, 0],
				"rotation": [0, 180, 0],
				"cubes": [
					{"origin": [-5, 2, 8], "size": [12, 5, 13], "uv": [41, 114], "inflate": 0.01},
					{"origin": [-4, 7, 18], "size": [2, 2, 2], "uv": [43, 252], "inflate": 0.01},
					{"origin": [-4, 7, -20], "size": [2, 2, 2], "uv": [43, 252], "inflate": 0.01},
					{"origin": [0, 7, -20], "size": [2, 2, 2], "uv": [43, 252], "inflate": 0.01},
					{"origin": [4, 7, -20], "size": [2, 2, 2], "uv": [43, 252], "inflate": 0.01},
					{"origin": [0, 7, 18], "size": [2, 2, 2], "uv": [43, 252], "inflate": 0.01},
					{"origin": [4, 7, 18], "size": [2, 2, 2], "uv": [43, 252], "inflate": 0.01},
					{"origin": [8, 7, 14], "size": [2, 2, 2], "uv": [43, 252], "inflate": 0.01},
					{"origin": [8, 7, -16], "size": [2, 2, 2], "uv": [43, 252], "inflate": 0.01},
					{"origin": [13, 7, -16], "size": [2, 2, 2], "uv": [43, 252], "inflate": 0.01},
					{"origin": [-8, 7, 14], "size": [2, 2, 2], "uv": [43, 252], "inflate": 0.01},
					{"origin": [-13, 7, 14], "size": [2, 2, 2], "uv": [43, 252], "inflate": 0.01},
					{"origin": [-15, 7, 11], "size": [2, 2, 2], "uv": [43, 252], "inflate": 0.01},
					{"origin": [15, 7, 11], "size": [2, 2, 2], "uv": [43, 252], "inflate": 0.01},
					{"origin": [-17, 7, 7], "size": [2, 2, 2], "uv": [43, 252], "inflate": 0.01},
					{"origin": [17, 7, 7], "size": [2, 2, 2], "uv": [43, 252], "inflate": 0.01},
					{"origin": [-17, 7, 2], "size": [2, 2, 2], "uv": [43, 252], "inflate": 0.01},
					{"origin": [-17, 7, -4], "size": [2, 2, 2], "uv": [43, 252], "inflate": 0.01},
					{"origin": [17, 7, -4], "size": [2, 2, 2], "uv": [43, 252], "inflate": 0.01},
					{"origin": [17, 7, 2], "size": [2, 2, 2], "uv": [43, 252], "inflate": 0.01},
					{"origin": [-17, 7, -9], "size": [2, 2, 2], "uv": [43, 252], "inflate": 0.01},
					{"origin": [17, 7, -9], "size": [2, 2, 2], "uv": [43, 252], "inflate": 0.01},
					{"origin": [-15, 7, -13], "size": [2, 2, 2], "uv": [43, 252], "inflate": 0.01},
					{"origin": [15, 7, -13], "size": [2, 2, 2], "uv": [43, 252], "inflate": 0.01},
					{"origin": [-13, 7, -16], "size": [2, 2, 2], "uv": [43, 252], "inflate": 0.01},
					{"origin": [-8, 7, -16], "size": [2, 2, 2], "uv": [43, 252], "inflate": 0.01},
					{"origin": [13, 7, 14], "size": [2, 2, 2], "uv": [43, 252], "inflate": 0.01}
				]
			},
			{
				"name": "buc8",
				"parent": "buc",
				"pivot": [1, 2, 0],
				"rotation": [0, -150, 0],
				"cubes": [
					{"origin": [-5, 2, 12], "size": [12, 5, 9], "uv": [141, 153]}
				]
			},
			{
				"name": "buc9",
				"parent": "buc",
				"pivot": [1, 2, 0],
				"rotation": [0, -120, 0],
				"cubes": [
					{"origin": [-5, 2, 6], "size": [12, 5, 15], "uv": [55, 94]}
				]
			},
			{
				"name": "buc10",
				"parent": "buc",
				"pivot": [1, 2, 0],
				"rotation": [0, -90, 0],
				"cubes": [
					{"origin": [-5, 2, 8], "size": [12, 5, 13], "uv": [113, 94], "inflate": 0.01}
				]
			},
			{
				"name": "buc11",
				"parent": "buc",
				"pivot": [1, 2, 0],
				"rotation": [0, -60, 0],
				"cubes": [
					{"origin": [-5, 2, 12], "size": [12, 5, 9], "uv": [150, 92]}
				]
			},
			{
				"name": "buc12",
				"parent": "buc",
				"pivot": [1, 2, 0],
				"rotation": [0, -30, 0],
				"cubes": [
					{"origin": [-5, 2, 19], "size": [12, 5, 2], "uv": [134, 48]}
				]
			},
			{
				"name": "tru19",
				"pivot": [0.3, 32, -1.3],
				"rotation": [0, 0, -90],
				"cubes": [
					{"origin": [3.3, 14.9, -3.5], "size": [6, 8, 6], "uv": [198, 69]}
				]
			},
			{
				"name": "tru20",
				"parent": "tru19",
				"pivot": [4.3, 31.9, -0.5],
				"rotation": [-20, 0, 0],
				"cubes": [
					{"origin": [3.3, 14.9, -3.5], "size": [6, 11, 6], "uv": [201, 178]}
				]
			},
			{
				"name": "tru21",
				"parent": "tru19",
				"pivot": [4.3, 31.9, -0.5],
				"rotation": [-40, 0, 0],
				"cubes": [
					{"origin": [3.3, 14.9, -3.5], "size": [6, 13, 6], "uv": [186, 122]}
				]
			},
			{
				"name": "tru22",
				"parent": "tru19",
				"pivot": [4.3, 31.9, -0.5],
				"rotation": [-60, 0, 0],
				"cubes": [
					{"origin": [3.3, 14.9, -3.5], "size": [6, 15, 6], "uv": [24, 184]}
				]
			},
			{
				"name": "tru23",
				"parent": "tru19",
				"pivot": [4.3, 31.9, -0.5],
				"rotation": [-80, 0, 0],
				"cubes": [
					{"origin": [3.3, 14.9, -3.5], "size": [6, 11, 6], "uv": [201, 161]}
				]
			},
			{
				"name": "tru24",
				"parent": "tru19",
				"pivot": [4.3, 31.9, -0.5],
				"rotation": [-100, 0, 0],
				"cubes": [
					{"origin": [3.3, 14.9, -3.5], "size": [6, 16, 6], "uv": [177, 177]}
				]
			},
			{
				"name": "tru25",
				"parent": "tru19",
				"pivot": [4.3, 31.9, -0.5],
				"rotation": [-120, 0, 0],
				"cubes": [
					{"origin": [3.3, 14.9, -3.5], "size": [6, 11, 6], "uv": [171, 201]}
				]
			},
			{
				"name": "tru26",
				"parent": "tru19",
				"pivot": [4.3, 31.9, -0.5],
				"rotation": [-140, 0, 0],
				"cubes": [
					{"origin": [3.3, 14.9, -3.5], "size": [6, 15, 6], "uv": [183, 146]}
				]
			},
			{
				"name": "tru27",
				"parent": "tru19",
				"pivot": [4.3, 31.9, -0.5],
				"rotation": [-160, 0, 0],
				"cubes": [
					{"origin": [3.3, 14.9, -3.5], "size": [6, 11, 6], "uv": [196, 42]}
				]
			},
			{
				"name": "tru28",
				"parent": "tru19",
				"pivot": [4.3, 31.9, -0.5],
				"rotation": [180, 0, 0],
				"cubes": [
					{"origin": [3.3, 14.9, -3.5], "size": [6, 26, 6], "uv": [38, 152]}
				]
			},
			{
				"name": "tru29",
				"parent": "tru19",
				"pivot": [4.3, 31.9, -0.5],
				"rotation": [160, 0, 0],
				"cubes": [
					{"origin": [3.3, 14.9, -3.5], "size": [6, 11, 6], "uv": [195, 195]}
				]
			},
			{
				"name": "tru30",
				"parent": "tru19",
				"pivot": [4.3, 31.9, -0.5],
				"rotation": [140, 0, 0],
				"cubes": [
					{"origin": [3.3, 14.9, -3.5], "size": [6, 15, 6], "uv": [104, 183]}
				]
			},
			{
				"name": "tru31",
				"parent": "tru19",
				"pivot": [4.3, 31.9, -0.5],
				"rotation": [120, 0, 0],
				"cubes": [
					{"origin": [3.3, 14.9, -3.5], "size": [6, 11, 6], "uv": [48, 195]}
				]
			},
			{
				"name": "tru32",
				"parent": "tru19",
				"pivot": [4.3, 31.9, -0.5],
				"rotation": [100, 0, 0],
				"cubes": [
					{"origin": [3.3, 14.9, -3.5], "size": [6, 16, 6], "uv": [62, 173]}
				]
			},
			{
				"name": "tru33",
				"parent": "tru19",
				"pivot": [4.3, 31.9, -0.5],
				"rotation": [80, 0, 0],
				"cubes": [
					{"origin": [3.3, 14.9, -3.5], "size": [6, 13, 6], "uv": [185, 23]}
				]
			},
			{
				"name": "tru34",
				"parent": "tru19",
				"pivot": [4.3, 31.9, -0.5],
				"rotation": [60, 0, 0],
				"cubes": [
					{"origin": [3.3, 14.9, -3.5], "size": [6, 11, 6], "uv": [192, 83]}
				]
			},
			{
				"name": "tru35",
				"parent": "tru19",
				"pivot": [4.3, 31.9, -0.5],
				"rotation": [40, 0, 0],
				"cubes": [
					{"origin": [3.3, 14.9, -3.5], "size": [6, 15, 6], "uv": [0, 183]}
				]
			},
			{
				"name": "tru36",
				"parent": "tru19",
				"pivot": [4.3, 31.9, -0.5],
				"rotation": [20, 0, 0],
				"cubes": [
					{"origin": [3.3, 14.9, -3.5], "size": [6, 11, 6], "uv": [153, 190]}
				]
			},
			{
				"name": "tru37",
				"parent": "tru19",
				"pivot": [10.9, 32.9, -1.1],
				"cubes": [
					{"origin": [9.3, 17.9, -3.1], "size": [5, 5, 4], "uv": [204, 59]}
				]
			},
			{
				"name": "tru38",
				"parent": "tru37",
				"pivot": [6.9, 31.9, -1.1],
				"rotation": [-20, 0, 0],
				"cubes": [
					{"origin": [9.3, 17.9, -3.1], "size": [5, 8, 4], "uv": [210, 125]}
				]
			},
			{
				"name": "tru39",
				"parent": "tru37",
				"pivot": [6.9, 31.9, -1.1],
				"rotation": [-40, 0, 0],
				"cubes": [
					{"origin": [9.3, 17.9, -3.1], "size": [5, 10, 4], "uv": [100, 204]}
				]
			},
			{
				"name": "tru40",
				"parent": "tru37",
				"pivot": [6.9, 31.9, -1.1],
				"rotation": [-60, 0, 0],
				"cubes": [
					{"origin": [9.3, 17.9, -3.1], "size": [5, 12, 4], "uv": [0, 204]}
				]
			},
			{
				"name": "tru41",
				"parent": "tru37",
				"pivot": [6.9, 31.9, -1.1],
				"rotation": [-80, 0, 0],
				"cubes": [
					{"origin": [9.3, 17.9, -3.1], "size": [5, 8, 4], "uv": [210, 100]}
				]
			},
			{
				"name": "tru42",
				"parent": "tru37",
				"pivot": [6.9, 31.9, -1.1],
				"rotation": [-100, 0, 0],
				"cubes": [
					{"origin": [9.3, 17.9, -3.1], "size": [5, 13, 4], "uv": [72, 70]}
				]
			},
			{
				"name": "tru43",
				"parent": "tru37",
				"pivot": [6.9, 31.9, -1.1],
				"rotation": [-120, 0, 0],
				"cubes": [
					{"origin": [9.3, 17.9, -3.1], "size": [5, 8, 4], "uv": [209, 28]}
				]
			},
			{
				"name": "tru44",
				"parent": "tru37",
				"pivot": [6.9, 31.9, -1.1],
				"rotation": [-140, 0, 0],
				"cubes": [
					{"origin": [9.3, 17.9, -3.1], "size": [5, 12, 4], "uv": [58, 132]}
				]
			},
			{
				"name": "tru45",
				"parent": "tru37",
				"pivot": [6.9, 31.9, -1.1],
				"rotation": [-160, 0, 0],
				"cubes": [
					{"origin": [9.3, 17.9, -3.1], "size": [5, 8, 4], "uv": [208, 0]}
				]
			},
			{
				"name": "tru46",
				"parent": "tru37",
				"pivot": [6.9, 31.9, -1.1],
				"rotation": [180, 0, 0],
				"cubes": [
					{"origin": [9.3, 17.9, -3.1], "size": [5, 23, 4], "uv": [86, 180]}
				]
			},
			{
				"name": "tru47",
				"parent": "tru37",
				"pivot": [6.9, 31.9, -1.1],
				"rotation": [160, 0, 0],
				"cubes": [
					{"origin": [9.3, 17.9, -3.1], "size": [5, 8, 4], "uv": [152, 207]}
				]
			},
			{
				"name": "tru48",
				"parent": "tru37",
				"pivot": [6.9, 31.9, -1.1],
				"rotation": [140, 0, 0],
				"cubes": [
					{"origin": [9.3, 17.9, -3.1], "size": [5, 12, 4], "uv": [85, 21]}
				]
			},
			{
				"name": "tru49",
				"parent": "tru37",
				"pivot": [6.9, 31.9, -1.1],
				"rotation": [120, 0, 0],
				"cubes": [
					{"origin": [9.3, 17.9, -3.1], "size": [5, 8, 4], "uv": [206, 113]}
				]
			},
			{
				"name": "tru50",
				"parent": "tru37",
				"pivot": [6.9, 31.9, -1.1],
				"rotation": [100, 0, 0],
				"cubes": [
					{"origin": [9.3, 17.9, -3.1], "size": [5, 13, 4], "uv": [64, 0]}
				]
			},
			{
				"name": "tru51",
				"parent": "tru37",
				"pivot": [6.9, 31.9, -1.1],
				"rotation": [80, 0, 0],
				"cubes": [
					{"origin": [9.3, 17.9, -3.1], "size": [5, 10, 4], "uv": [126, 75]}
				]
			},
			{
				"name": "tru52",
				"parent": "tru37",
				"pivot": [6.9, 31.9, -1.1],
				"rotation": [60, 0, 0],
				"cubes": [
					{"origin": [9.3, 17.9, -3.1], "size": [5, 8, 4], "uv": [18, 205]}
				]
			},
			{
				"name": "tru53",
				"parent": "tru37",
				"pivot": [6.9, 31.9, -1.1],
				"rotation": [40, 0, 0],
				"cubes": [
					{"origin": [9.3, 17.9, -3.1], "size": [5, 12, 4], "uv": [0, 74]}
				]
			},
			{
				"name": "tru54",
				"parent": "tru37",
				"pivot": [6.9, 31.9, -1.1],
				"rotation": [20, 0, 0],
				"cubes": [
					{"origin": [9.3, 17.9, -3.1], "size": [5, 8, 4], "uv": [158, 0]}
				]
			},
			{
				"name": "dinh",
				"parent": "tru19",
				"pivot": [14.4, 32.5, -1],
				"rotation": [0, 0, 90],
				"cubes": [
					{"origin": [11.7, 32, -4.5], "size": [7, 5, 7], "uv": [39, 96]}
				]
			},
			{
				"name": "head",
				"pivot": [0.5, 19.5, -0.5],
				"cubes": [
					{"origin": [-5.5, 18.5, -6.5], "size": [12, 12, 12], "uv": [98, 49], "inflate": -0.5}
				]
			},
			{
				"name": "cot",
				"pivot": [0, 14, 0],
				"cubes": [
					{"origin": [-5, 7, -6], "size": [11, 12, 11], "uv": [80, 125]},
					{"origin": [-11, 32, -11], "size": [23, 3, 22], "uv": [0, 45]},
					{"origin": [-9, 30, -9], "size": [19, 2, 19], "uv": [64, 0]},
					{"origin": [6, 19, 5], "size": [4, 11, 3], "uv": [27, 249]},
					{"origin": [6, 19, -9], "size": [4, 11, 3], "uv": [27, 249]},
					{"origin": [-9, 19, 5], "size": [4, 11, 3], "uv": [27, 249]},
					{"origin": [-9, 19, -9], "size": [4, 11, 3], "uv": [27, 249]}
				],
				"locators": {
					"broke": [-10, 13, -12],
					"broke2": [11, 14, 10],
					"broke3": [-9, 13, 10],
					"smoke": [11, 33, -10],
					"smoke2": [-10, 33, -10],
					"smoke3": [9, 33, 10],
					"smoke4": [-8, 33, 8]
				}
			},
			{
				"name": "cen",
				"parent": "cot",
				"pivot": [0.5, 7.5, 9.5],
				"rotation": [25, 0, 0],
				"cubes": [
					{"origin": [-5, 7, 9], "size": [11, 11, 2], "uv": [203, 15]}
				]
			},
			{
				"name": "cen5",
				"parent": "cen",
				"pivot": [0.5, 18, 9.5],
				"rotation": [-45, 0, 0],
				"cubes": [
					{"origin": [-5, 18, 9], "size": [11, 21, 2], "uv": [151, 167], "inflate": 0.001}
				]
			},
			{
				"name": "cen15",
				"parent": "cen",
				"pivot": [-4.5, 16.1, 10.5],
				"rotation": [-45, 0, 0],
				"cubes": [
					{"origin": [-5, 16.1, 10], "size": [5.5, 21, 1], "uv": [244, 234], "inflate": 0.001}
				]
			},
			{
				"name": "cen16",
				"parent": "cen",
				"pivot": [5.5, 16.1, 10.5],
				"rotation": [-45, 0, 0],
				"cubes": [
					{"origin": [0.5, 16.1, 10], "size": [5.5, 21, 1], "uv": [244, 234], "inflate": 0.001}
				]
			},
			{
				"name": "cen3",
				"parent": "cot",
				"pivot": [-9.5, 7.5, -0.5],
				"rotation": [0, 0, 25],
				"cubes": [
					{"origin": [-11, 7, -6], "size": [2, 11, 11], "uv": [166, 106]}
				]
			},
			{
				"name": "cen8",
				"parent": "cen3",
				"pivot": [-9.5, 18, -0.5],
				"rotation": [0, 0, -45],
				"cubes": [
					{"origin": [-11, 18, -6], "size": [2, 21, 11], "uv": [65, 141], "inflate": 0.001}
				]
			},
			{
				"name": "cen11",
				"parent": "cen3",
				"pivot": [-10.5, 16.1, -5.5],
				"rotation": [0, 0, -45],
				"cubes": [
					{"origin": [-10.9577, 16.03989, -6], "size": [1, 21, 5.5], "uv": [244, 230], "inflate": 0.001}
				]
			},
			{
				"name": "cen12",
				"parent": "cen3",
				"pivot": [-10.5, 16.1, 4.5],
				"rotation": [0, 0, -45],
				"cubes": [
					{"origin": [-10.9577, 16.03989, -0.5], "size": [1, 21, 5.5], "uv": [244, 230], "inflate": 0.001}
				]
			},
			{
				"name": "cen2",
				"parent": "cot",
				"pivot": [10.5, 7.5, -0.5],
				"rotation": [0, 0, -25],
				"cubes": [
					{"origin": [10, 7, -6], "size": [2, 11, 11], "uv": [165, 7]}
				]
			},
			{
				"name": "cen7",
				"parent": "cen2",
				"pivot": [10.5, 18, -0.5],
				"rotation": [0, 0, 45],
				"cubes": [
					{"origin": [10, 18, -6], "size": [2, 21, 11], "uv": [91, 148], "inflate": 0.001}
				]
			},
			{
				"name": "cen9",
				"parent": "cen2",
				"pivot": [10.9, 17, 4.5],
				"rotation": [0, 0, 45],
				"cubes": [
					{"origin": [11.4, 17, -0.5], "size": [1, 21, 5.5], "uv": [244, 230], "inflate": 0.001}
				]
			},
			{
				"name": "cen10",
				"parent": "cen2",
				"pivot": [10.9, 17, -5.5],
				"rotation": [0, 0, 45],
				"cubes": [
					{"origin": [11.4, 17, -6], "size": [1, 21, 5.5], "uv": [244, 230], "inflate": 0.001}
				]
			},
			{
				"name": "cen4",
				"parent": "cot",
				"pivot": [0.5, 7.5, -10.5],
				"rotation": [-25, 0, 0],
				"cubes": [
					{"origin": [-5, 7, -12], "size": [11, 11, 2], "uv": [126, 202]}
				]
			},
			{
				"name": "cen6",
				"parent": "cen4",
				"pivot": [0.5, 18, -11.5],
				"rotation": [45, 0, 0],
				"cubes": [
					{"origin": [-5, 17.06031, -12.34202], "size": [11, 21, 2], "uv": [160, 129], "inflate": 0.001}
				]
			},
			{
				"name": "cen13",
				"parent": "cen4",
				"pivot": [4.5, 16.2, -12.5],
				"rotation": [45, 0, 0],
				"cubes": [
					{"origin": [0.5, 15.26031, -12.34202], "size": [5.5, 21, 1], "uv": [244, 234], "inflate": 0.001}
				]
			},
			{
				"name": "cen14",
				"parent": "cen4",
				"pivot": [-4.5, 16.2, -12.5],
				"rotation": [45, 0, 0],
				"cubes": [
					{"origin": [-5, 15.26031, -12.34202], "size": [5.5, 21, 1], "uv": [244, 234], "inflate": 0.001}
				]
			}
		]
	}
}