{
	"format_version": "1.10.0",
	"geometry.brute_boris": {
		"texturewidth": 128,
		"textureheight": 128,
		"visible_bounds_width": 3,
		"visible_bounds_height": 3,
		"visible_bounds_offset": [0, 1.5, 0],
		"bones": [
			{
				"name": "rightleg",
				"pivot": [-3, 15, 0],
				"rotation": [-15, 30, 0],
				"cubes": [
					{"origin": [-6, 6, -2], "size": [5, 9, 5], "uv": [87, 50], "inflate": 0.001}
				]
			},
			{
				"name": "rightleg2",
				"parent": "rightleg",
				"pivot": [-3, 7, 0],
				"rotation": [35, 0, 0],
				"cubes": [
					{"origin": [-6, 2, -2], "size": [5, 5, 5], "uv": [84, 63]}
				]
			},
			{
				"name": "rightleg3",
				"parent": "rightleg2",
				"pivot": [-3, 2, 2],
				"rotation": [-15, 0, 0],
				"cubes": [
					{"origin": [-6, -1, -4], "size": [5, 3, 7], "uv": [65, 75]},
					{"origin": [-6, 0, -4], "size": [5, 1, 3], "uv": [93, 39], "inflate": 0.3}
				]
			},
			{
				"name": "leftleg",
				"pivot": [3, 14, 0],
				"rotation": [-45, -15, 0],
				"cubes": [
					{"origin": [1, 5, -2], "size": [5, 9, 5], "uv": [59, 85], "inflate": 0.001},
					{"origin": [1, 11, -2], "size": [5, 2, 5], "uv": [34, 57], "inflate": 0.3}
				]
			},
			{
				"name": "leftleg2",
				"parent": "leftleg",
				"pivot": [3, 6, 0],
				"rotation": [45, 0, 0],
				"cubes": [
					{"origin": [1, 1, -2], "size": [5, 5, 5], "uv": [12, 54]}
				]
			},
			{
				"name": "leftleg3",
				"parent": "leftleg2",
				"pivot": [3, 1, 2],
				"rotation": [5, 0, 0],
				"cubes": [
					{"origin": [1, -2, -4], "size": [5, 3, 7], "uv": [0, 74]}
				]
			},
			{
				"name": "body",
				"pivot": [0, 14, 0],
				"rotation": [0, 0, 10],
				"cubes": [
					{"origin": [-6, 14, -4], "size": [12, 2, 9], "uv": [46, 24]},
					{"origin": [-4, 20, -5], "size": [13, 3, 1], "uv": [79, 24]},
					{"origin": [-7, 17, -5], "size": [14, 1, 1], "uv": [0, 72]},
					{"origin": [-9, 18, -5], "size": [18, 2, 1], "uv": [46, 35]},
					{"origin": [-9, 20, -5], "size": [3, 3, 1], "uv": [34, 22]},
					{"origin": [-7, 14, -5], "size": [14, 2, 1], "uv": [78, 47]},
					{"origin": [-7, 16, -5], "size": [14, 1, 1], "uv": [79, 28]},
					{"origin": [8, 18, -4], "size": [1, 5, 10], "uv": [22, 54]},
					{"origin": [-9, 18, -4], "size": [1, 5, 10], "uv": [0, 54]},
					{"origin": [-8, 16, 5], "size": [16, 2, 1], "uv": [46, 38]},
					{"origin": [-7, 14, 5], "size": [14, 2, 1], "uv": [78, 44]},
					{"origin": [7, 16, -5], "size": [1, 2, 10], "uv": [50, 69]},
					{"origin": [6, 14, -4], "size": [1, 2, 9], "uv": [70, 89]},
					{"origin": [-7, 14, -4], "size": [1, 2, 9], "uv": [0, 85]},
					{"origin": [-8, 16, -5], "size": [1, 2, 10], "uv": [22, 69]},
					{"origin": [-8, 18, 5], "size": [16, 5, 1], "uv": [50, 0]},
					{"origin": [-8, 18, -4], "size": [16, 5, 9], "uv": [0, 8]}
				]
			},
			{
				"name": "body2",
				"parent": "body",
				"pivot": [0, 22, 0],
				"rotation": [0, 0, -10],
				"cubes": [
					{"origin": [-8, 19, -4], "size": [16, 2, 9], "uv": [0, 43]},
					{"origin": [-8, 21, -4], "size": [16, 13, 9], "uv": [0, 0]},
					{"origin": [2, 26, -5], "size": [3, 10, 1], "uv": [35, 94]},
					{"origin": [2, 20, -5], "size": [3, 4, 1], "uv": [35, 94], "inflate": 0.001},
					{"origin": [-5, 29, -5], "size": [3, 7, 1], "uv": [0, 0]},
					{"origin": [2, 23, -6], "size": [3, 3, 2], "uv": [34, 81]},
					{"origin": [-5, 30, 5], "size": [3, 7, 1], "uv": [0, 42]},
					{"origin": [-8, 23, 5], "size": [16, 7, 1], "uv": [50, 5]},
					{"origin": [-8, 19, 5], "size": [16, 7, 1], "uv": [50, 5], "inflate": 0.001},
					{"origin": [2, 30, 5], "size": [3, 7, 1], "uv": [41, 0]},
					{"origin": [-5, 36, -5], "size": [3, 1, 10], "uv": [34, 68]},
					{"origin": [2, 36, -5], "size": [3, 1, 10], "uv": [44, 57]},
					{"origin": [-7, 34, -4], "size": [14, 2, 9], "uv": [46, 13]}
				]
			},
			{
				"name": "leftarm",
				"parent": "body2",
				"pivot": [7.5, 33, 0.5],
				"rotation": [0, 0, -10],
				"cubes": [
					{"origin": [8, 26, -2], "size": [5, 8, 5], "uv": [84, 84]}
				]
			},
			{
				"name": "leftarm2",
				"parent": "leftarm",
				"pivot": [10.5, 26, 0.5],
				"rotation": [-50, 0, 0],
				"cubes": [
					{"origin": [8, 18, -2], "size": [5, 8, 5], "uv": [83, 8]},
					{"origin": [8, 19, -2], "size": [5, 1, 5], "uv": [15, 94], "inflate": 0.3},
					{"origin": [7.3, 20.3, -2.6], "size": [6.3, 1.3, 6.2], "uv": [82, 75], "inflate": -0.3}
				]
			},
			{
				"name": "leftarm3",
				"parent": "leftarm2",
				"pivot": [10.5, 18, 0.5],
				"cubes": [
					{"origin": [7, 16, -3], "size": [7, 2.5, 7], "uv": [63, 66], "inflate": -0.3},
					{"origin": [9, 12.1, -2.3], "size": [3, 4.5, 5.6], "uv": [23, 32], "inflate": -0.3}
				]
			},
			{
				"name": "leftarm4",
				"parent": "leftarm3",
				"pivot": [10.5, 12.5, 2],
				"rotation": [0, 0, 90],
				"cubes": [
					{"origin": [9, 8.2, 1.1], "size": [3, 4.5, 2.2], "uv": [85, 103], "inflate": -0.3}
				]
			},
			{
				"name": "leftarm7",
				"parent": "leftarm4",
				"pivot": [10.5, 9.5, 2],
				"rotation": [0, 0, 90],
				"cubes": [
					{"origin": [9, 5.2, 1.1], "size": [3, 4.5, 2.2], "uv": [100, 73], "inflate": -0.3}
				]
			},
			{
				"name": "leftarm5",
				"parent": "leftarm3",
				"pivot": [10.5, 12.5, 0.2],
				"rotation": [0, 0, 85],
				"cubes": [
					{"origin": [9, 8.2, -0.6], "size": [3, 4.5, 2.3], "uv": [100, 30], "inflate": -0.3}
				]
			},
			{
				"name": "leftarm8",
				"parent": "leftarm5",
				"pivot": [10.5, 9.5, 0.4],
				"rotation": [0, 0, 100],
				"cubes": [
					{"origin": [9, 5.2, -0.6], "size": [3, 4.5, 2.3], "uv": [100, 100], "inflate": -0.3}
				]
			},
			{
				"name": "leftarm6",
				"parent": "leftarm3",
				"pivot": [10.5, 12.5, -1.6],
				"rotation": [0, 0, 95],
				"cubes": [
					{"origin": [9, 8.2, -2.3], "size": [3, 4.5, 2.3], "uv": [75, 100], "inflate": -0.3}
				]
			},
			{
				"name": "leftarm9",
				"parent": "leftarm6",
				"pivot": [10.5, 9.5, -1.2],
				"rotation": [0, 0, 100],
				"cubes": [
					{"origin": [9, 5.2, -2.3], "size": [3, 4.5, 2.3], "uv": [65, 100], "inflate": -0.3}
				]
			},
			{
				"name": "leftarm10",
				"parent": "leftarm3",
				"pivot": [10.5, 15.5, -2],
				"rotation": [0, 0, 85],
				"cubes": [
					{"origin": [9, 11.2, -4], "size": [3, 4.5, 2.3], "uv": [18, 100], "inflate": -0.3}
				]
			},
			{
				"name": "leftarm11",
				"parent": "leftarm10",
				"pivot": [10.5, 12.5, -2.9],
				"rotation": [70, 0, 0],
				"cubes": [
					{"origin": [9, 8.2, -4], "size": [3, 4.5, 2.3], "uv": [8, 100], "inflate": -0.3}
				]
			},
			{
				"name": "block",
				"parent": "leftarm3",
				"pivot": [2, 5, -3],
				"cubes": [
					{"origin": [-1.8025, 10.55105, -6.02929], "size": [4, 4, 4], "uv": [0, 119], "inflate": 6}
				]
			},
			{
				"name": "pile3",
				"parent": "leftarm",
				"pivot": [11, 33.5, 0.5],
				"rotation": [0, 0, -95],
				"cubes": [
					{"origin": [11, 33, 0], "size": [4, 1, 1], "uv": [41, 43]}
				]
			},
			{
				"name": "pile",
				"parent": "leftarm",
				"pivot": [12, 33.5, 0.5],
				"rotation": [0, 0, -50],
				"cubes": [
					{"origin": [12, 33, 0], "size": [4, 1, 1], "uv": [51, 43]}
				]
			},
			{
				"name": "pile2",
				"parent": "pile",
				"pivot": [16, 33.5, 0.5],
				"rotation": [0, 0, 70],
				"cubes": [
					{"origin": [16, 33, 0], "size": [2, 1, 1], "uv": [34, 26]}
				]
			},
			{
				"name": "rightarm",
				"parent": "body2",
				"pivot": [-7.6, 33, 0.5],
				"rotation": [0, 0, 15],
				"cubes": [
					{"origin": [-13, 26, -2], "size": [5, 8, 5], "uv": [39, 81]}
				]
			},
			{
				"name": "rightarm2",
				"parent": "rightarm",
				"pivot": [-10.5, 26, 0.5],
				"rotation": [-45, 0, 0],
				"cubes": [
					{"origin": [-13, 18, -2], "size": [5, 8, 5], "uv": [19, 81]},
					{"origin": [-13, 19, -2], "size": [5, 1, 5], "uv": [84, 0], "inflate": 0.3},
					{"origin": [-13.5, 20.4, -2.8], "size": [6.1, 1.4, 6.5], "uv": [82, 32], "inflate": -0.3}
				]
			},
			{
				"name": "rightarm3",
				"parent": "rightarm2",
				"pivot": [-10.5, 18, 0.5],
				"cubes": [
					{"origin": [-14, 16, -3], "size": [7, 2.5, 7], "uv": [60, 57], "inflate": -0.3},
					{"origin": [-12, 12.1, -2.3], "size": [3, 4.5, 5.6], "uv": [23, 23], "inflate": -0.3}
				]
			},
			{
				"name": "rightarm4",
				"parent": "rightarm3",
				"pivot": [-10.5, 12.5, 2],
				"rotation": [0, 0, -90],
				"cubes": [
					{"origin": [-12, 8.2, 1.1], "size": [3, 4.5, 2.2], "uv": [99, 82], "inflate": -0.3}
				]
			},
			{
				"name": "rightarm5",
				"parent": "rightarm4",
				"pivot": [-10.5, 9.5, 2],
				"rotation": [0, 0, -100],
				"cubes": [
					{"origin": [-12, 5.2, 1.1], "size": [3, 4.5, 2.2], "uv": [98, 6], "inflate": -0.3}
				]
			},
			{
				"name": "rightarm6",
				"parent": "rightarm3",
				"pivot": [-10.5, 12.5, 0.2],
				"rotation": [0, 0, -85],
				"cubes": [
					{"origin": [-12, 8.2, -0.6], "size": [3, 4.5, 2.3], "uv": [55, 98], "inflate": -0.3}
				]
			},
			{
				"name": "rightarm7",
				"parent": "rightarm6",
				"pivot": [-10.5, 9.5, 0.4],
				"rotation": [0, 0, -105],
				"cubes": [
					{"origin": [-12, 5.2, -0.6], "size": [3, 4.5, 2.3], "uv": [90, 97], "inflate": -0.3}
				]
			},
			{
				"name": "rightarm8",
				"parent": "rightarm3",
				"pivot": [-10.5, 12.5, -1.6],
				"rotation": [0, 0, -100],
				"cubes": [
					{"origin": [-12, 8.2, -2.3], "size": [3, 4.5, 2.3], "uv": [0, 96], "inflate": -0.3}
				]
			},
			{
				"name": "rightarm9",
				"parent": "rightarm8",
				"pivot": [-10.5, 9.5, -1.2],
				"rotation": [0, 0, -105],
				"cubes": [
					{"origin": [-12, 5.2, -2.3], "size": [3, 4.5, 2.3], "uv": [34, 69], "inflate": -0.3}
				]
			},
			{
				"name": "rightarm10",
				"parent": "rightarm3",
				"pivot": [-10.5, 15.5, -2],
				"rotation": [0, 0, -80],
				"cubes": [
					{"origin": [-12, 11.2, -4], "size": [3, 4.5, 2.3], "uv": [50, 68], "inflate": -0.3}
				]
			},
			{
				"name": "rightarm11",
				"parent": "rightarm10",
				"pivot": [-10.5, 12.5, -2.9],
				"rotation": [80, 0, 0],
				"cubes": [
					{"origin": [-12, 8.2, -4], "size": [3, 4.5, 2.3], "uv": [0, 54], "inflate": -0.3}
				]
			},
			{
				"name": "head",
				"parent": "body2",
				"pivot": [0, 35, 0.66667],
				"cubes": [
					{"origin": [-1, 35, -1], "size": [2, 2, 3], "uv": [54, 81]},
					{"origin": [-2, 37, -1], "size": [4, 9, 3], "uv": [0, 22]},
					{"origin": [2, 40, -1], "size": [1, 1, 3], "uv": [46, 24]},
					{"origin": [-3, 40, -1], "size": [1, 1, 3], "uv": [41, 45]},
					{"origin": [-2, 38, -5], "size": [4, 3, 4], "uv": [0, 34]},
					{"origin": [-1, 40, -6], "size": [2, 2, 2], "uv": [34, 32], "inflate": -0.5}
				]
			},
			{
				"name": "snout",
				"parent": "head",
				"pivot": [0, 37.5, -0.5],
				"cubes": [
					{"origin": [-1, 37, -4], "size": [2, 1, 4], "uv": [17, 74]}
				]
			},
			{
				"name": "ear",
				"parent": "head",
				"pivot": [1.5, 46, -0.5],
				"cubes": [
					{"origin": [1, 46, -1], "size": [1, 4, 1], "uv": [23, 32]}
				]
			},
			{
				"name": "ear2",
				"parent": "head",
				"pivot": [-1.5, 46, -0.5],
				"cubes": [
					{"origin": [-2, 46, -1], "size": [1, 4, 1], "uv": [23, 23]}
				]
			},
			{
				"name": "eye1",
				"parent": "head",
				"pivot": [-1.15, 42.4, -0.85],
				"rotation": [0, 0, -45],
				"cubes": [
					{"origin": [-1.7, 40.9, -1.6], "size": [1.1, 3, 1.1], "uv": [50, 17], "inflate": -0.5}
				]
			},
			{
				"name": "eye2",
				"parent": "eye1",
				"pivot": [-1.15, 42.4, -0.85],
				"rotation": [0, 0, 90],
				"cubes": [
					{"origin": [-1.7, 40.9, -1.6], "size": [1.1, 3, 1.1], "uv": [50, 13], "inflate": -0.5}
				]
			},
			{
				"name": "eye3",
				"parent": "head",
				"pivot": [1.15, 42.4, -0.85],
				"rotation": [0, 0, -45],
				"cubes": [
					{"origin": [0.6, 40.9, -1.6], "size": [1.1, 3, 1.1], "uv": [46, 28], "inflate": -0.5}
				]
			},
			{
				"name": "eye4",
				"parent": "eye3",
				"pivot": [1.15, 42.4, -0.85],
				"rotation": [0, 0, 90],
				"cubes": [
					{"origin": [0.6, 40.9, -1.6], "size": [1.1, 3, 1.1], "uv": [0, 34], "inflate": -0.5}
				]
			},
			{
				"name": "bone",
				"parent": "body2",
				"pivot": [-6, 46, -10],
				"cubes": [
					{"origin": [-9, 46, -9], "size": [2, 1, 19], "uv": [23, 23]},
					{"origin": [7, 46, -9], "size": [2, 1, 19], "uv": [0, 22]},
					{"origin": [-7, 46, -9], "size": [14, 1, 2], "uv": [0, 69]},
					{"origin": [-7, 46, 8], "size": [14, 1, 2], "uv": [63, 41]}
				]
			},
			{
				"name": "pole4",
				"parent": "bone",
				"pivot": [3.5, 37, 4.5],
				"rotation": [-30, 45, 0],
				"cubes": [
					{"origin": [3.25882, 36.16348, 4.48296], "size": [1, 12, 1], "uv": [14, 22]}
				]
			},
			{
				"name": "pole3",
				"parent": "bone",
				"pivot": [-3.5, 37, 4.5],
				"rotation": [-30, -45, 0],
				"cubes": [
					{"origin": [-4.25882, 36.16348, 4.48296], "size": [1, 12, 1], "uv": [43, 94]}
				]
			},
			{
				"name": "pole2",
				"parent": "bone",
				"pivot": [-3.5, 37, -3.5],
				"rotation": [30, 45, 0],
				"cubes": [
					{"origin": [-4.25882, 36.16348, -4.48296], "size": [1, 12, 1], "uv": [47, 94]}
				]
			},
			{
				"name": "pole",
				"parent": "bone",
				"pivot": [3.5, 37, -3.5],
				"rotation": [30, -45, 0],
				"cubes": [
					{"origin": [3.25882, 36.16348, -4.48296], "size": [1, 12, 1], "uv": [51, 94]}
				]
			}
		]
	}
}