{
	"format_version": "1.10.0",
	"geometry.striker": {
		"texturewidth": 64,
		"textureheight": 64,
		"visible_bounds_width": 3,
		"visible_bounds_height": 2,
		"visible_bounds_offset": [0, 1, 0],
		"bones": [
			{
				"name": "body",
				"pivot": [-0.5, 8, 0],
				"cubes": [
					{"origin": [-4, 9, -2], "size": [7, 5, 4], "uv": [0, 13]},
					{"origin": [-4, 7.5, -2], "size": [7, 2, 4], "uv": [18, 18], "inflate": -0.5}
				]
			},
			{
				"name": "body2",
				"parent": "body",
				"pivot": [-0.5, 14, 0],
				"cubes": [
					{"origin": [-3, 13, -1], "size": [5, 6, 3], "uv": [0, 22]},
					{"origin": [-3, 14, -2], "size": [5, 4, 1], "uv": [26, 7]}
				]
			},
			{
				"name": "rightarm",
				"parent": "body2",
				"pivot": [-3, 18, 0],
				"cubes": [
					{"origin": [-5, 13, -1], "size": [2, 5, 2], "uv": [30, 34]}
				]
			},
			{
				"name": "rightarm2",
				"parent": "rightarm",
				"pivot": [-4, 14, 0],
				"cubes": [
					{"origin": [-5, 10, -1], "size": [2, 5, 2], "uv": [0, 36]}
				]
			},
			{
				"name": "rightarm3",
				"parent": "rightarm2",
				"pivot": [-4, 10, 0],
				"cubes": [
					{"origin": [-5, 9, -2], "size": [2, 1, 4], "uv": [12, 31]},
					{"origin": [-5, 7, -2], "size": [2, 3, 4], "uv": [24, 27], "inflate": -0.5}
				]
			},
			{
				"name": "rightarm4",
				"parent": "rightarm3",
				"pivot": [-4, 7.5, -1],
				"cubes": [
					{"origin": [-5, 5, -2], "size": [2, 3, 2], "uv": [44, 33], "inflate": -0.5}
				]
			},
			{
				"name": "rightarm5",
				"parent": "rightarm3",
				"pivot": [-4, 7.5, 0],
				"cubes": [
					{"origin": [-5, 5, -1], "size": [2, 3, 2], "uv": [44, 44], "inflate": -0.5}
				]
			},
			{
				"name": "rightarm6",
				"parent": "rightarm3",
				"pivot": [-4, 7.5, 1],
				"cubes": [
					{"origin": [-5, 6, 0], "size": [2, 2, 2], "uv": [8, 31], "inflate": -0.5}
				]
			},
			{
				"name": "rightarm7",
				"parent": "rightarm3",
				"pivot": [-4, 8.5, -1.5],
				"cubes": [
					{"origin": [-5, 6, -3], "size": [2, 3, 2], "uv": [16, 44], "inflate": -0.5}
				]
			},
			{
				"name": "rightarm8",
				"parent": "body2",
				"pivot": [-3, 15.75, 0],
				"cubes": [
					{"origin": [-5, 11.75, -1], "size": [2, 5, 2], "uv": [38, 38]}
				]
			},
			{
				"name": "rightarm9",
				"parent": "rightarm8",
				"pivot": [-4, 12, 0],
				"cubes": [
					{"origin": [-5, 8, -1], "size": [2, 5, 2], "uv": [8, 36]}
				]
			},
			{
				"name": "rightarm10",
				"parent": "rightarm9",
				"pivot": [-4, 8, 0],
				"cubes": [
					{"origin": [-5, 7, -2], "size": [2, 1, 4], "uv": [0, 31]},
					{"origin": [-5, 5, -2], "size": [2, 3, 4], "uv": [26, 0], "inflate": -0.5}
				]
			},
			{
				"name": "rightarm11",
				"parent": "rightarm10",
				"pivot": [-4, 5.5, -1],
				"cubes": [
					{"origin": [-5, 3, -2], "size": [2, 3, 2], "uv": [8, 43], "inflate": -0.5}
				]
			},
			{
				"name": "rightarm12",
				"parent": "rightarm10",
				"pivot": [-4, 5.5, 0],
				"cubes": [
					{"origin": [-5, 3, -1], "size": [2, 3, 2], "uv": [30, 41], "inflate": -0.5}
				]
			},
			{
				"name": "rightarm13",
				"parent": "rightarm10",
				"pivot": [-4, 5.5, 1],
				"cubes": [
					{"origin": [-5, 4, 0], "size": [2, 2, 2], "uv": [44, 4], "inflate": -0.5}
				]
			},
			{
				"name": "rightarm14",
				"parent": "rightarm10",
				"pivot": [-4, 6.5, -1.5],
				"cubes": [
					{"origin": [-5, 4, -3], "size": [2, 3, 2], "uv": [22, 41], "inflate": -0.5}
				]
			},
			{
				"name": "leftarm7",
				"parent": "body2",
				"pivot": [2, 18, 0],
				"cubes": [
					{"origin": [2, 14, -1], "size": [2, 4, 2], "uv": [38, 6]}
				]
			},
			{
				"name": "leftarm",
				"parent": "leftarm7",
				"pivot": [3, 14, 0],
				"cubes": [
					{"origin": [2, 8, -1], "size": [2, 0, 2], "uv": [21, 14], "inflate": 0.3},
					{"origin": [2, 14, -1], "size": [2, 0, 2], "uv": [22, 14], "inflate": 0.3},
					{"origin": [3, 8, -1], "size": [1, 6, 2], "uv": [40, 16], "inflate": -0.1},
					{"origin": [2, 8, -1], "size": [1, 6, 2], "uv": [16, 36], "inflate": -0.1}
				]
			},
			{
				"name": "leftarm2",
				"parent": "leftarm",
				"pivot": [3, 8, 0],
				"cubes": [
					{"origin": [2, 7, -2], "size": [2, 1, 4], "uv": [30, 13]},
					{"origin": [2, 5, -2], "size": [2, 3, 4], "uv": [16, 24], "inflate": -0.5}
				]
			},
			{
				"name": "leftarm3",
				"parent": "leftarm2",
				"pivot": [3, 5.5, -1],
				"cubes": [
					{"origin": [2, 3, -2], "size": [2, 3, 2], "uv": [40, 24], "inflate": -0.5}
				]
			},
			{
				"name": "leftarm4",
				"parent": "leftarm2",
				"pivot": [3, 5.5, 0],
				"cubes": [
					{"origin": [2, 3, -1], "size": [2, 3, 2], "uv": [36, 45], "inflate": -0.5}
				]
			},
			{
				"name": "leftarm5",
				"parent": "leftarm2",
				"pivot": [3, 5.5, 1],
				"cubes": [
					{"origin": [2, 4, 0], "size": [2, 2, 2], "uv": [45, 10], "inflate": -0.5}
				]
			},
			{
				"name": "leftarm6",
				"parent": "leftarm2",
				"pivot": [3, 6.5, -1.5],
				"cubes": [
					{"origin": [2, 4, -3], "size": [2, 3, 2], "uv": [0, 43], "inflate": -0.5}
				]
			},
			{
				"name": "head",
				"parent": "body2",
				"pivot": [-0.5, 19, 0.125],
				"cubes": [
					{"origin": [-4, 19, -3], "size": [7, 3, 1], "uv": [18, 13]},
					{"origin": [-4, 19, -2], "size": [7, 7, 6], "uv": [0, 0]},
					{"origin": [3, 20, 0], "size": [1, 3, 2], "uv": [0, 0]},
					{"origin": [-5, 20, 0], "size": [1, 3, 2], "uv": [24, 46]}
				]
			},
			{
				"name": "leftleg",
				"pivot": [1, 8, 0],
				"cubes": [
					{"origin": [0, 4, -1], "size": [2, 5, 2], "uv": [32, 24]}
				]
			},
			{
				"name": "leftleg2",
				"parent": "leftleg",
				"pivot": [1, 4, 0],
				"cubes": [
					{"origin": [0, 1, -1], "size": [2, 4, 2], "uv": [38, 0]}
				]
			},
			{
				"name": "leftleg3",
				"parent": "leftleg2",
				"pivot": [1, 1, 0.5],
				"cubes": [
					{"origin": [0, 0, -2], "size": [2, 1, 3], "uv": [38, 12]}
				]
			},
			{
				"name": "rightleg",
				"pivot": [-2, 8, 0],
				"cubes": [
					{"origin": [-3, 4, -1], "size": [2, 5, 2], "uv": [22, 34]}
				]
			},
			{
				"name": "rightleg2",
				"parent": "rightleg",
				"pivot": [-2, 4, 0],
				"cubes": [
					{"origin": [-3, 1, -1], "size": [2, 4, 2], "uv": [38, 29]}
				]
			},
			{
				"name": "rightleg3",
				"parent": "rightleg2",
				"pivot": [-2, 1, 0.5],
				"cubes": [
					{"origin": [-3, 0, -2], "size": [2, 1, 3], "uv": [20, 0]}
				]
			}
		]
	}
}