{
	"format_version": "1.10.0",
	"geometry.hand": {
		"texturewidth": 256,
		"textureheight": 256,
		"visible_bounds_width": 4,
		"visible_bounds_height": 6,
		"visible_bounds_offset": [0, 3, 0],
		"bones": [
			{
				"name": "hand",
				"pivot": [0, 0, 0],
				"cubes": [
					{"origin": [-7, 0, -7], "size": [14, 29, 14], "uv": [56, 56]}
				]
			},
			{
				"name": "hand2",
				"parent": "hand",
				"pivot": [0, 29, 0],
				"cubes": [
					{"origin": [-7, 29, -7], "size": [14, 29, 14], "uv": [0, 56]}
				]
			},
			{
				"name": "arm",
				"parent": "hand2",
				"pivot": [0, 59, 0],
				"cubes": [
					{"origin": [-10, 58, -10], "size": [20, 5, 20], "uv": [0, 31]},
					{"origin": [-15, 63, -5], "size": [30, 21, 10], "uv": [0, 0]}
				]
			},
			{
				"name": "finger",
				"parent": "arm",
				"pivot": [-10, 84, 0],
				"rotation": [35, 0, -25],
				"cubes": [
					{"origin": [-15, 84, -5], "size": [10, 16, 10], "uv": [110, 115]}
				]
			},
			{
				"name": "finger4",
				"parent": "finger",
				"pivot": [-10, 100, 0],
				"rotation": [65, 0, 0],
				"cubes": [
					{"origin": [-15, 100, -5], "size": [10, 16, 10], "uv": [100, 0]}
				]
			},
			{
				"name": "finger2",
				"parent": "arm",
				"pivot": [0, 84, 0],
				"rotation": [35, 0, -5],
				"cubes": [
					{"origin": [-5, 84, -5], "size": [10, 16, 10], "uv": [112, 63]}
				]
			},
			{
				"name": "finger5",
				"parent": "finger2",
				"pivot": [0, 100, 0],
				"rotation": [65, 0, 0],
				"cubes": [
					{"origin": [-5, 100, -5], "size": [10, 16, 10], "uv": [80, 99]}
				]
			},
			{
				"name": "finger3",
				"parent": "arm",
				"pivot": [10, 84, 0],
				"rotation": [50, 0, 20],
				"cubes": [
					{"origin": [5, 84, -5], "size": [10, 16, 10], "uv": [100, 37]}
				]
			},
			{
				"name": "finger6",
				"parent": "finger3",
				"pivot": [10, 100, 0],
				"rotation": [65, 0, 0],
				"cubes": [
					{"origin": [5, 100, -5], "size": [10, 16, 10], "uv": [40, 99]}
				]
			},
			{
				"name": "finger7",
				"parent": "arm",
				"pivot": [15, 74, 0],
				"rotation": [60, 0, 30],
				"cubes": [
					{"origin": [15, 74, -5], "size": [10, 16, 10], "uv": [0, 99]}
				]
			},
			{
				"name": "finger8",
				"parent": "finger7",
				"pivot": [20, 90, 0],
				"rotation": [60, 0, 0],
				"cubes": [
					{"origin": [15, 90, -5], "size": [10, 16, 10], "uv": [70, 21]}
				]
			}
		]
	}
}