{
	"format_version": "1.10.0",
	"geometry.searcher_m": {
		"texturewidth": 128,
		"textureheight": 128,
		"visible_bounds_width": 3,
		"visible_bounds_height": 2,
		"visible_bounds_offset": [0, 1, 0],
		"bones": [
			{
				"name": "body",
				"pivot": [0, 5, 0],
				"cubes": [
					{"origin": [-4, 0, 7], "size": [8, 8, 8], "uv": [24, 30]}
				]
			},
			{
				"name": "body2",
				"parent": "body",
				"pivot": [0, 12.5, 0],
				"rotation": [80, 0, 0],
				"cubes": [
					{"origin": [-4, 10, -4], "size": [8, 14, 8], "uv": [0, 16], "inflate": -0.5},
					{"origin": [-4, -3, -4], "size": [8, 14, 8], "uv": [0, 16], "inflate": -0.5}
				]
			},
			{
				"name": "body3",
				"parent": "body2",
				"pivot": [0, 20, 0],
				"rotation": [5, 0, 0],
				"cubes": [
					{"origin": [-6, 20, -4], "size": [12, 8, 8], "uv": [0, 0]}
				]
			},
			{
				"name": "leftarm",
				"parent": "body3",
				"pivot": [6, 24, 0],
				"rotation": [75, 0, 0],
				"cubes": [
					{"origin": [6, 22, -9], "size": [4, 4, 11], "uv": [48, 0]}
				]
			},
			{
				"name": "leftarm2",
				"parent": "leftarm",
				"pivot": [8, 24, -8],
				"rotation": [-70, 0, 0],
				"cubes": [
					{"origin": [6, 22, -19], "size": [4, 4, 12], "uv": [28, 4]}
				]
			},
			{
				"name": "leftarm3",
				"parent": "leftarm2",
				"pivot": [8, 25, -19],
				"rotation": [-110, 0, 0],
				"cubes": [
					{"origin": [6, 24, -22], "size": [4, 2, 3], "uv": [32, 25]}
				]
			},
			{
				"name": "leftarm4",
				"parent": "leftarm3",
				"pivot": [9.5, 25.5, -22],
				"rotation": [20, -20, 0],
				"cubes": [
					{"origin": [9, 25, -25], "size": [1, 1, 3], "uv": [46, 46]}
				]
			},
			{
				"name": "leftarm9",
				"parent": "leftarm4",
				"pivot": [9.5, 25.5, -24],
				"rotation": [45, 0, 0],
				"cubes": [
					{"origin": [9, 25, -26], "size": [1, 1, 2], "uv": [37, 0]}
				]
			},
			{
				"name": "leftarm5",
				"parent": "leftarm3",
				"pivot": [8.5, 25.5, -22],
				"rotation": [20, -10, 0],
				"cubes": [
					{"origin": [8, 25, -25], "size": [1, 1, 3], "uv": [38, 46]}
				]
			},
			{
				"name": "leftarm10",
				"parent": "leftarm5",
				"pivot": [8.5, 25.5, -24.5],
				"rotation": [35, 0, 0],
				"cubes": [
					{"origin": [8, 25, -27], "size": [1, 1, 3], "uv": [32, 0]}
				]
			},
			{
				"name": "leftarm6",
				"parent": "leftarm3",
				"pivot": [7.5, 25.5, -22],
				"rotation": [15, 0, 0],
				"cubes": [
					{"origin": [7, 25, -25], "size": [1, 1, 3], "uv": [0, 42]}
				]
			},
			{
				"name": "leftarm11",
				"parent": "leftarm6",
				"pivot": [7.5, 25.5, -24],
				"rotation": [25, 0, 0],
				"cubes": [
					{"origin": [7, 25, -28], "size": [1, 1, 4], "uv": [32, 46]}
				]
			},
			{
				"name": "leftarm7",
				"parent": "leftarm3",
				"pivot": [6.5, 25.5, -22],
				"rotation": [20, 10, 0],
				"cubes": [
					{"origin": [6, 25, -25], "size": [1, 1, 3], "uv": [40, 0]}
				]
			},
			{
				"name": "leftarm12",
				"parent": "leftarm7",
				"pivot": [6.5, 25.5, -24.5],
				"rotation": [35, 0, 0],
				"cubes": [
					{"origin": [6, 25, -27], "size": [1, 1, 3], "uv": [0, 20]}
				]
			},
			{
				"name": "leftarm8",
				"parent": "leftarm3",
				"pivot": [6, 25.5, -21],
				"rotation": [25, 15, 0],
				"cubes": [
					{"origin": [5, 25, -24], "size": [1, 1, 3], "uv": [0, 0]}
				]
			},
			{
				"name": "leftarm13",
				"parent": "leftarm8",
				"pivot": [5.5, 25.5, -23.5],
				"rotation": [40, 0, 0],
				"cubes": [
					{"origin": [5, 25, -25], "size": [1, 1, 2], "uv": [43, 46]}
				]
			},
			{
				"name": "rightarm",
				"parent": "body3",
				"pivot": [-6, 24, 0],
				"rotation": [75, 0, 0],
				"cubes": [
					{"origin": [-10, 22, -9], "size": [4, 4, 11], "uv": [48, 20]}
				]
			},
			{
				"name": "rightarm2",
				"parent": "rightarm",
				"pivot": [-8, 24, -8],
				"rotation": [-70, 0, 0],
				"cubes": [
					{"origin": [-10, 22, -19], "size": [4, 4, 12], "uv": [44, 44]}
				]
			},
			{
				"name": "rightarm3",
				"parent": "rightarm2",
				"pivot": [-8, 25, -19],
				"rotation": [-105, 0, -5],
				"cubes": [
					{"origin": [-10, 24, -22], "size": [4, 2, 3], "uv": [32, 20]}
				]
			},
			{
				"name": "rightarm4",
				"parent": "rightarm3",
				"pivot": [-6.5, 25.5, -22],
				"rotation": [0, -5, 0],
				"cubes": [
					{"origin": [-7, 25, -25], "size": [1, 1, 3], "uv": [46, 26]}
				]
			},
			{
				"name": "rightarm5",
				"parent": "rightarm4",
				"pivot": [-6.5, 25.5, -24],
				"rotation": [55, 0, 0],
				"cubes": [
					{"origin": [-7, 25, -27], "size": [1, 1, 3], "uv": [0, 38]}
				]
			},
			{
				"name": "rightarm6",
				"parent": "rightarm3",
				"pivot": [-7.5, 25.5, -22],
				"rotation": [0, 10, 0],
				"cubes": [
					{"origin": [-8, 25, -25], "size": [1, 1, 3], "uv": [24, 20]}
				]
			},
			{
				"name": "rightarm7",
				"parent": "rightarm6",
				"pivot": [-7.5, 25.5, -24.5],
				"rotation": [45, 0, 0],
				"cubes": [
					{"origin": [-8, 25, -28], "size": [1, 1, 4], "uv": [43, 21]}
				]
			},
			{
				"name": "rightarm8",
				"parent": "rightarm3",
				"pivot": [-8.5, 25.5, -22],
				"rotation": [5, 15, 0],
				"cubes": [
					{"origin": [-9, 25, -25], "size": [1, 1, 3], "uv": [0, 4]}
				]
			},
			{
				"name": "rightarm9",
				"parent": "rightarm8",
				"pivot": [-8.5, 25.5, -24],
				"rotation": [40, 0, 0],
				"cubes": [
					{"origin": [-9, 25, -27], "size": [1, 1, 3], "uv": [0, 16]}
				]
			},
			{
				"name": "rightarm10",
				"parent": "rightarm3",
				"pivot": [-9.5, 25.5, -22],
				"rotation": [15, 25, 0],
				"cubes": [
					{"origin": [-10, 25, -25], "size": [1, 1, 3], "uv": [48, 0]}
				]
			},
			{
				"name": "rightarm11",
				"parent": "rightarm10",
				"pivot": [-9.5, 25.5, -24.5],
				"rotation": [50, 0, 0],
				"cubes": [
					{"origin": [-10, 25, -26], "size": [1, 1, 2], "uv": [29, 20]}
				]
			},
			{
				"name": "rightarm12",
				"parent": "rightarm3",
				"pivot": [-6, 25.5, -21],
				"rotation": [15, -10, 0],
				"cubes": [
					{"origin": [-6, 25, -24], "size": [1, 1, 3], "uv": [32, 4]}
				]
			},
			{
				"name": "rightarm13",
				"parent": "rightarm12",
				"pivot": [-5.5, 25.5, -23.5],
				"rotation": [60, 0, 0],
				"cubes": [
					{"origin": [-6, 25, -25], "size": [1, 1, 2], "uv": [45, 0]}
				]
			},
			{
				"name": "head",
				"parent": "body3",
				"pivot": [0, 31, 0],
				"rotation": [-85, 0, 0],
				"cubes": [
					{"origin": [-4, 35, -4], "size": [8, 8, 8], "uv": [0, 38]},
					{"origin": [-3, 42, -3], "size": [6, 1, 6], "uv": [0, 38], "inflate": 0.5},
					{"origin": [-4, 40, -4], "size": [8, 1, 1], "uv": [110, 126], "inflate": 0.5},
					{"origin": [-4, 40, 3], "size": [8, 1, 1], "uv": [110, 126], "inflate": 0.5},
					{"origin": [3, 40, -2], "size": [1, 1, 4], "uv": [0, 66], "inflate": 0.5},
					{"origin": [-2, 40, -6], "size": [4, 4, 1], "uv": [0, 123], "inflate": 0.5},
					{"origin": [-4, 40, -2], "size": [1, 1, 4], "uv": [0, 66], "inflate": 0.5}
				]
			},
			{
				"name": "jaw",
				"parent": "head",
				"pivot": [0, 35, 4],
				"rotation": [25, 0, 0],
				"cubes": [
					{"origin": [-4, 31, -4], "size": [8, 4, 8], "uv": [0, 54]}
				]
			}
		]
	}
}