{
	"format_version": "1.10.0",
	"geometry.tom": {
		"texturewidth": 64,
		"textureheight": 64,
		"visible_bounds_width": 2,
		"visible_bounds_height": 3,
		"visible_bounds_offset": [0, 1.5, 0],
		"bones": [
			{
				"name": "body",
				"pivot": [0, 12, 0],
				"cubes": [
					{"origin": [-3, 12, -2], "size": [6, 12, 3], "uv": [0, 0]},
					{"origin": [1, 17, -2.5], "size": [1, 1, 0.5], "uv": [0, 1]},
					{"origin": [1, 18, -2.2], "size": [1, 6, 0.2], "uv": [0, 15]},
					{"origin": [1, 24, -2.2], "size": [1, 0.2, 3.4], "uv": [3, 30]},
					{"origin": [3, 12, -2.2], "size": [0.1, 2, 3.4], "uv": [3, 30]},
					{"origin": [-3.1, 12, -2.2], "size": [0.1, 2, 3.4], "uv": [3, 30]},
					{"origin": [-2, 24, -2.2], "size": [1, 0.2, 3.4], "uv": [3, 30]},
					{"origin": [-2, 14, -2.2], "size": [4, 3, 0.2], "uv": [13, 18]},
					{"origin": [-3, 12, -2.2], "size": [6, 2, 0.2], "uv": [23, 21]},
					{"origin": [1, 20, 1], "size": [1, 4, 0.2], "uv": [34, 0]},
					{"origin": [-2, 20, 1], "size": [1, 4, 0.2], "uv": [32, 36]},
					{"origin": [-3, 12, 1], "size": [6, 8, 0.2], "uv": [36, 0]},
					{"origin": [-2, 18, -2.2], "size": [1, 6, 0.2], "uv": [26, 23]},
					{"origin": [-2, 17, -2.5], "size": [1, 1, 0.5], "uv": [0, 0]}
				]
			},
			{
				"name": "leftarm",
				"parent": "body",
				"pivot": [3.5, 23, -0.5],
				"cubes": [
					{"origin": [3, 17, -2], "size": [3, 7, 3], "uv": [18, 0], "inflate": -0.5},
					{"origin": [3, 19, -2], "size": [3, 1, 3], "uv": [0, 48]},
					{"origin": [5.5, 23, -1], "size": [0.5, 0.5, 1], "uv": [5, 50]},
					{"origin": [3, 23, -1], "size": [0.5, 0.5, 1], "uv": [5, 49]},
					{"origin": [4, 23, -2], "size": [1, 0.5, 0.5], "uv": [4, 50]},
					{"origin": [4, 23, 0.5], "size": [1, 0.5, 0.5], "uv": [5, 50]},
					{"origin": [4, 23, -1], "size": [1, 1, 1], "uv": [12, 50]}
				]
			},
			{
				"name": "leftarm2",
				"parent": "leftarm",
				"pivot": [4.5, 18, -0.5],
				"cubes": [
					{"origin": [3, 12, -2], "size": [3, 7, 3], "uv": [35, 35], "inflate": -0.5},
					{"origin": [3, 13, -2], "size": [3, 2, 3], "uv": [0, 52]},
					{"origin": [3, 16, -2], "size": [3, 2, 3], "uv": [0, 52]}
				]
			},
			{
				"name": "leftarm3",
				"parent": "leftarm2",
				"pivot": [4.5, 12.575, -0.5],
				"cubes": [
					{"origin": [2.2, 11.2, -2.8], "size": [4.6, 1.9, 4.6], "uv": [8, 34], "inflate": -0.5},
					{"origin": [4, 10, -2], "size": [1, 2, 3], "uv": [8, 41]}
				]
			},
			{
				"name": "leftarm4",
				"parent": "leftarm3",
				"pivot": [4.5, 10, 0.5],
				"cubes": [
					{"origin": [4, 8, 0], "size": [1, 2, 1], "uv": [42, 32]}
				]
			},
			{
				"name": "leftarm8",
				"parent": "leftarm4",
				"pivot": [4.5, 8.5, 0.5],
				"cubes": [
					{"origin": [4, 7, 0], "size": [1, 2, 1], "uv": [45, 45]}
				]
			},
			{
				"name": "leftarm5",
				"parent": "leftarm3",
				"pivot": [4.5, 10, -0.5],
				"cubes": [
					{"origin": [4, 8, -1], "size": [1, 2, 1], "uv": [38, 32]}
				]
			},
			{
				"name": "leftarm9",
				"parent": "leftarm5",
				"pivot": [4.5, 8.5, -0.5],
				"cubes": [
					{"origin": [4, 7, -1], "size": [1, 2, 1], "uv": [35, 0]}
				]
			},
			{
				"name": "leftarm6",
				"parent": "leftarm3",
				"pivot": [4.5, 10, -1.5],
				"cubes": [
					{"origin": [4, 8, -2], "size": [1, 2, 1], "uv": [5, 40]}
				]
			},
			{
				"name": "leftarm10",
				"parent": "leftarm6",
				"pivot": [4.5, 8.5, -1.5],
				"cubes": [
					{"origin": [4, 7, -2], "size": [1, 2, 1], "uv": [37, 45]}
				]
			},
			{
				"name": "leftarm7",
				"parent": "leftarm3",
				"pivot": [4.5, 11, -2],
				"cubes": [
					{"origin": [4, 9, -3], "size": [1, 2, 1], "uv": [37, 45]}
				]
			},
			{
				"name": "leftarm11",
				"parent": "leftarm7",
				"pivot": [4.5, 9.5, -2.5],
				"cubes": [
					{"origin": [4, 8, -3], "size": [1, 2, 1], "uv": [4, 45]}
				]
			},
			{
				"name": "leftarm12",
				"parent": "leftarm",
				"pivot": [6.25, 20, -0.45],
				"rotation": [0, 0, -10],
				"cubes": [
					{"origin": [5, 19, -1.7], "size": [2.5, 5, 2.5], "uv": [49, 41], "inflate": -0.99}
				]
			},
			{
				"name": "leftarm13",
				"parent": "leftarm",
				"pivot": [4.55, 20, 1.25],
				"rotation": [10, 0, 0],
				"cubes": [
					{"origin": [3.3, 19, 0], "size": [2.5, 5, 2.5], "uv": [49, 41], "inflate": -0.99}
				]
			},
			{
				"name": "leftarm14",
				"parent": "leftarm",
				"pivot": [4.55, 20, -2.25],
				"rotation": [-10, 0, 0],
				"cubes": [
					{"origin": [3.3, 19, -3.5], "size": [2.5, 5, 2.5], "uv": [49, 41], "inflate": -0.99}
				]
			},
			{
				"name": "leftarm15",
				"parent": "leftarm",
				"pivot": [2.75, 20, -0.45],
				"rotation": [0, 0, 10],
				"cubes": [
					{"origin": [1.5, 19, -1.7], "size": [2.5, 5, 2.5], "uv": [49, 41], "inflate": -0.99}
				]
			},
			{
				"name": "rightarm",
				"parent": "body",
				"pivot": [-3.5, 23, -0.5],
				"cubes": [
					{"origin": [-6, 17, -2], "size": [3, 7, 3], "uv": [26, 26]}
				]
			},
			{
				"name": "rightarm2",
				"parent": "rightarm",
				"pivot": [-4.5, 18, -0.5],
				"cubes": [
					{"origin": [-6, 12, -2], "size": [3, 7, 3], "uv": [27, 7]}
				]
			},
			{
				"name": "rightarm3",
				"parent": "rightarm2",
				"pivot": [-4.5, 12.575, -0.5],
				"cubes": [
					{"origin": [-5, 10, -2], "size": [1, 2, 3], "uv": [0, 40]},
					{"origin": [-6.8, 11.2, -2.8], "size": [4.6, 1.9, 4.6], "uv": [8, 34], "inflate": -0.5}
				]
			},
			{
				"name": "rightarm4",
				"parent": "rightarm3",
				"pivot": [-4.5, 10, 0.5],
				"rotation": [0, 0, -40],
				"cubes": [
					{"origin": [-5, 8, 0], "size": [1, 2, 1], "uv": [44, 35]}
				]
			},
			{
				"name": "rightarm5",
				"parent": "rightarm4",
				"pivot": [-4.5, 8.5, 0.5],
				"rotation": [0, 0, -50],
				"cubes": [
					{"origin": [-5, 7, 0], "size": [1, 2, 1], "uv": [44, 35]}
				]
			},
			{
				"name": "rightarm6",
				"parent": "rightarm3",
				"pivot": [-4.5, 10, -0.5],
				"rotation": [0, 0, -45],
				"cubes": [
					{"origin": [-5, 8, -1], "size": [1, 2, 1], "uv": [44, 35]}
				]
			},
			{
				"name": "rightarm7",
				"parent": "rightarm6",
				"pivot": [-4.5, 8.5, -0.5],
				"rotation": [0, 0, -40],
				"cubes": [
					{"origin": [-5, 7, -1], "size": [1, 2, 1], "uv": [45, 45]}
				]
			},
			{
				"name": "rightarm8",
				"parent": "rightarm3",
				"pivot": [-4.5, 10, -1.5],
				"rotation": [0, 0, -30],
				"cubes": [
					{"origin": [-5, 8, -2], "size": [1, 2, 1], "uv": [9, 30]}
				]
			},
			{
				"name": "rightarm9",
				"parent": "rightarm8",
				"pivot": [-4.5, 8.5, -1.5],
				"rotation": [0, 0, -40],
				"cubes": [
					{"origin": [-5, 7, -2], "size": [1, 2, 1], "uv": [21, 31]}
				]
			},
			{
				"name": "rightarm10",
				"parent": "rightarm3",
				"pivot": [-4.5, 11, -2],
				"rotation": [0, -80, -50],
				"cubes": [
					{"origin": [-5, 9, -3], "size": [1, 2, 1], "uv": [4, 45]}
				]
			},
			{
				"name": "rightarm11",
				"parent": "rightarm10",
				"pivot": [-4.5, 9.5, -2.5],
				"rotation": [45, 0, 0],
				"cubes": [
					{"origin": [-5, 8, -3], "size": [1, 2, 1], "uv": [44, 16]}
				]
			},
			{
				"name": "axe",
				"parent": "rightarm3",
				"pivot": [-3.5, 9.5, -0.66667],
				"cubes": [
					{"origin": [-4, 9, -8], "size": [1, 1, 10], "uv": [42, 53]},
					{"origin": [-4, 6, -11], "size": [1, 4, 3], "uv": [0, 57]},
					{"origin": [-4, 10, -11], "size": [1, 2, 1], "uv": [9, 48]}
				]
			},
			{
				"name": "head",
				"parent": "body",
				"pivot": [0, 24, -0.33333],
				"cubes": [
					{"origin": [-1, 24, -2], "size": [2, 2, 3], "uv": [38, 27]},
					{"origin": [-2, 26, -2], "size": [4, 9, 3], "uv": [0, 18]},
					{"origin": [2, 29, -2], "size": [1, 1, 3], "uv": [29, 43]},
					{"origin": [-3, 29, -2], "size": [1, 1, 3], "uv": [24, 42]},
					{"origin": [-2, 27, -6], "size": [4, 3, 4], "uv": [36, 1]},
					{"origin": [-1, 29, -7], "size": [2, 2, 2], "uv": [16, 42], "inflate": -0.5},
					{"origin": [0, 30, -2.6], "size": [2, 2, 2], "uv": [16, 42], "inflate": -0.5},
					{"origin": [0, 31, -2.6], "size": [2, 1.4, 2], "uv": [16, 42], "inflate": -0.5},
					{"origin": [-2, 31, -2.6], "size": [2, 1.4, 2], "uv": [16, 42], "inflate": -0.5},
					{"origin": [-2, 30, -2.6], "size": [2, 2, 2], "uv": [16, 42], "inflate": -0.5}
				]
			},
			{
				"name": "snout",
				"parent": "head",
				"pivot": [0, 26.5, -1.5],
				"cubes": [
					{"origin": [-1, 26, -5], "size": [2, 1, 4], "uv": [20, 37]}
				]
			},
			{
				"name": "ear",
				"parent": "head",
				"pivot": [1.5, 35, -1.5],
				"cubes": [
					{"origin": [1, 35, -2], "size": [1, 4, 1], "uv": [28, 36]}
				]
			},
			{
				"name": "ear2",
				"parent": "head",
				"pivot": [-1.5, 35, -1.5],
				"cubes": [
					{"origin": [-2, 35, -2], "size": [1, 4, 1], "uv": [30, 0]}
				]
			},
			{
				"name": "bbrow1",
				"parent": "head",
				"pivot": [1, 32.25, -1.6],
				"rotation": [0, 0, -99],
				"cubes": [
					{"origin": [0.65513, 30.57479, -2.6069], "size": [1.9, 3.2, 2], "uv": [15, 59], "inflate": -0.5}
				]
			},
			{
				"name": "bbrow2",
				"parent": "head",
				"pivot": [-2, 32.95, -1.6],
				"rotation": [0, 1, 99],
				"cubes": [
					{"origin": [-3, 32.4, -2.6], "size": [1.9, 3.1, 2], "uv": [16, 59], "inflate": -0.5}
				]
			},
			{
				"name": "leftleg",
				"pivot": [1.5, 12, -0.5],
				"cubes": [
					{"origin": [0, 5, -2], "size": [3, 7, 3], "uv": [0, 31]}
				]
			},
			{
				"name": "leftleg2",
				"parent": "leftleg",
				"pivot": [1.5, 5.5, -0.5],
				"cubes": [
					{"origin": [0, 0, -2], "size": [3, 7, 3], "uv": [35, 17]},
					{"origin": [0, 0, -4], "size": [3, 2, 2], "uv": [39, 12]}
				]
			},
			{
				"name": "leftleg3",
				"pivot": [-1.5, 12, -0.5],
				"cubes": [
					{"origin": [-3, 5, -2], "size": [3, 7, 3], "uv": [12, 31]}
				]
			},
			{
				"name": "leftleg4",
				"parent": "leftleg3",
				"pivot": [-1.5, 5.5, -0.5],
				"cubes": [
					{"origin": [-3, 0, -2], "size": [3, 7, 3], "uv": [14, 21]},
					{"origin": [-3, 0, -4], "size": [3, 2, 2], "uv": [39, 8]}
				]
			}
		]
	}
}