{
	"format_version": "1.10.0",
	"geometry.alice_e": {
		"texturewidth": 128,
		"textureheight": 128,
		"visible_bounds_width": 2,
		"visible_bounds_height": 3,
		"visible_bounds_offset": [0, 1.5, 0],
		"bones": [
			{
				"name": "waist",
				"pivot": [0, 12, 0]
			},
			{
				"name": "body2",
				"parent": "waist",
				"pivot": [0, 12, 0],
				"cubes": [
					{"origin": [-3, 12, -2], "size": [6, 6, 3], "uv": [52, 33], "inflate": 0.51111}
				]
			},
			{
				"name": "body",
				"parent": "body2",
				"pivot": [0, 18, 0],
				"cubes": [
					{"origin": [-4, 18, -2], "size": [8, 6, 4], "uv": [0, 26]},
					{"origin": [-4, 18, -3], "size": [8, 4, 1], "uv": [56, 21]},
					{"origin": [-1, 20, -3.2], "size": [2, 1, 1], "uv": [0, 39]},
					{"origin": [1, 19.3, -3.5], "size": [2, 2.5, 1], "uv": [10, 36]},
					{"origin": [-3, 19.3, -3.5], "size": [2, 2.5, 1], "uv": [0, 36]}
				]
			},
			{
				"name": "head",
				"parent": "body",
				"pivot": [0, 24, 0],
				"cubes": [
					{"origin": [-4, 25, -4], "size": [8, 8, 8], "uv": [0, 0]},
					{"origin": [4, 26, -4], "size": [1, 2, 1], "uv": [10, 39]},
					{"origin": [4, 29, -4], "size": [1, 1, 1], "uv": [34, 0]},
					{"origin": [-5, 32, -4], "size": [10, 2, 8], "uv": [0, 16], "inflate": -0.5},
					{"origin": [-4, 32, -5], "size": [8, 2, 2], "uv": [55, 0], "inflate": -0.5},
					{"origin": [-4, 32, 3], "size": [8, 2, 2], "uv": [52, 42], "inflate": -0.5},
					{"origin": [-5, 31, -5], "size": [6, 2, 2], "uv": [60, 4], "inflate": -0.5},
					{"origin": [-5, 27, -5], "size": [2, 5, 2], "uv": [60, 26], "inflate": -0.5},
					{"origin": [-5, 27, -3], "size": [2, 6, 2], "uv": [0, 16], "inflate": -0.5},
					{"origin": [-5, 25, -2], "size": [2, 8, 2], "uv": [54, 67], "inflate": -0.5},
					{"origin": [-5, 29, -4], "size": [2, 4, 2], "uv": [68, 26], "inflate": -0.5},
					{"origin": [3, 25, -2], "size": [2, 8, 2], "uv": [0, 66], "inflate": -0.5},
					{"origin": [3, 27, -3], "size": [2, 6, 2], "uv": [0, 0], "inflate": -0.5},
					{"origin": [3, 28, -5], "size": [2, 4, 2], "uv": [66, 67], "inflate": -0.5},
					{"origin": [3, 30, -4], "size": [2, 3, 2], "uv": [12, 70], "inflate": -0.5},
					{"origin": [3, 24, -1], "size": [2, 9, 6], "uv": [0, 36], "inflate": -0.5},
					{"origin": [-5, 24, -1], "size": [2, 9, 6], "uv": [32, 0], "inflate": -0.5},
					{"origin": [-4, 24, 3], "size": [8, 9, 2], "uv": [24, 26], "inflate": -0.5},
					{"origin": [0, 29, -5], "size": [2, 4, 2], "uv": [66, 52], "inflate": -0.5},
					{"origin": [-1, 30, -5], "size": [2, 2, 2], "uv": [24, 48], "inflate": -0.5},
					{"origin": [-4, 29, -5], "size": [2, 2, 2], "uv": [44, 33], "inflate": -0.5},
					{"origin": [1, 31, -5], "size": [4, 2, 2], "uv": [60, 8], "inflate": -0.5},
					{"origin": [-4, 30, -5], "size": [3, 2, 2], "uv": [42, 0], "inflate": -0.5},
					{"origin": [-1, 24, -1], "size": [2, 1, 2], "uv": [40, 48]}
				]
			},
			{
				"name": "tie",
				"parent": "head",
				"pivot": [-1, 34.83333, 3.5],
				"rotation": [-90, 0, 15],
				"cubes": [
					{"origin": [-5, 34, 4], "size": [2, 1, 1], "uv": [24, 6]},
					{"origin": [-1, 34, 4], "size": [4, 1, 1], "uv": [36, 24]},
					{"origin": [-5, 26, 4], "size": [8, 1, 1], "uv": [28, 22]},
					{"origin": [3, 26, 4], "size": [1, 9, 1], "uv": [62, 67]},
					{"origin": [-6, 26, 4], "size": [1, 9, 1], "uv": [8, 66]}
				]
			},
			{
				"name": "horn",
				"parent": "head",
				"pivot": [4.5, 32, -1.5],
				"rotation": [0, 0, 35],
				"cubes": [
					{"origin": [4, 31, -2], "size": [1, 3, 1], "uv": [20, 26]}
				]
			},
			{
				"name": "horn2",
				"parent": "head",
				"pivot": [-4.5, 32, -1.5],
				"rotation": [0, 0, -35],
				"cubes": [
					{"origin": [-5, 31, -2], "size": [1, 3, 1], "uv": [0, 26]}
				]
			},
			{
				"name": "hair",
				"parent": "head",
				"pivot": [0, 25, 4],
				"cubes": [
					{"origin": [-5, 21, 3], "size": [10, 4, 2], "uv": [28, 16], "inflate": -0.5},
					{"origin": [-4, 18, 3], "size": [8, 4, 2], "uv": [52, 15], "inflate": -0.5},
					{"origin": [-3, 15, 3], "size": [6, 4, 2], "uv": [56, 46], "inflate": -0.5},
					{"origin": [-2, 12, 3], "size": [4, 4, 2], "uv": [24, 0], "inflate": -0.5}
				]
			},
			{
				"name": "rightArm",
				"parent": "body",
				"pivot": [-5, 22, 0],
				"cubes": [
					{"origin": [-7, 17, -2], "size": [3, 7, 4], "uv": [40, 59]}
				]
			},
			{
				"name": "rightItem",
				"parent": "rightArm",
				"pivot": [-6, 15, 1]
			},
			{
				"name": "rightArm2",
				"parent": "rightArm",
				"pivot": [-6, 18, 0],
				"cubes": [
					{"origin": [-7, 12, -2], "size": [3, 7, 4], "uv": [26, 59], "inflate": 0.001}
				]
			},
			{
				"name": "rightItem2",
				"parent": "rightArm2",
				"pivot": [-6, 15, 1]
			},
			{
				"name": "leftArm",
				"parent": "body",
				"pivot": [5, 22, 0],
				"mirror": true,
				"cubes": [
					{"origin": [4, 17, -2], "size": [3, 7, 4], "uv": [12, 59], "mirror": false}
				]
			},
			{
				"name": "leftArm2",
				"parent": "leftArm",
				"pivot": [6, 18, 0],
				"mirror": true,
				"cubes": [
					{"origin": [4, 12, -2], "size": [3, 7, 4], "uv": [56, 56], "inflate": 0.001, "mirror": false}
				]
			},
			{
				"name": "skirt",
				"parent": "body2",
				"pivot": [0, 12.5, -2.5],
				"rotation": [-5, 0, 0],
				"cubes": [
					{"origin": [-4, 3, -2.5], "size": [8, 10, 1], "uv": [34, 37], "inflate": 0.001}
				]
			},
			{
				"name": "skirt4",
				"parent": "body2",
				"pivot": [-3.5, 13, 0],
				"cubes": [
					{"origin": [-4, 3, -2.5], "size": [1, 10, 5], "uv": [0, 51]}
				]
			},
			{
				"name": "skirt3",
				"parent": "body2",
				"pivot": [3.5, 13, 0],
				"cubes": [
					{"origin": [3, 3, -2.5], "size": [1, 10, 5], "uv": [48, 0]}
				]
			},
			{
				"name": "skirt2",
				"parent": "body2",
				"pivot": [0, 13, 2],
				"rotation": [5, 0, 0],
				"cubes": [
					{"origin": [-4, 3, 1.5], "size": [8, 10, 1], "uv": [16, 37], "inflate": 0.001}
				]
			},
			{
				"name": "rightLeg",
				"pivot": [-1.9, 12, 0],
				"cubes": [
					{"origin": [-3.9, 5, -2], "size": [4, 7, 4], "uv": [44, 48]}
				]
			},
			{
				"name": "rightLeg2",
				"parent": "rightLeg",
				"pivot": [-1.9, 6, 0],
				"cubes": [
					{"origin": [-3.9, 0, -2], "size": [4, 7, 4], "uv": [28, 48], "inflate": 0.001}
				]
			},
			{
				"name": "leftLeg",
				"pivot": [1.9, 12, 0],
				"mirror": true,
				"cubes": [
					{"origin": [-0.1, 5, -2], "size": [4, 7, 4], "uv": [12, 48], "mirror": false}
				]
			},
			{
				"name": "leftLeg2",
				"parent": "leftLeg",
				"pivot": [1.9, 6, 0],
				"mirror": true,
				"cubes": [
					{"origin": [-0.1, 0, -2], "size": [4, 7, 4], "uv": [44, 22], "inflate": 0.001, "mirror": false}
				]
			}
		]
	}
}