{
	"format_version": "1.10.0",
	"geometry.beast_bendy": {
		"texturewidth": 128,
		"textureheight": 128,
		"visible_bounds_width": 4,
		"visible_bounds_height": 3,
		"visible_bounds_offset": [0, 1.5, 0],
		"bones": [
			{
				"name": "body",
				"pivot": [0, 9.9, 0],
				"cubes": [
					{"origin": [-3.3, 9.9, -2], "size": [6.6, 2, 4], "uv": [68, 49]}
				],
				"locators": {
					"bull3": [0, 25.0323, -12.52573],
					"bull4": [0, 13.0323, -8.52573],
					"bull5": [0, 9.0323, -17.52573]
				}
			},
			{
				"name": "body2",
				"parent": "body",
				"pivot": [0, 11.9, 0],
				"cubes": [
					{"origin": [-2, 11.9, -2], "size": [4, 4, 4], "uv": [81, 81]}
				]
			},
			{
				"name": "body3",
				"parent": "body2",
				"pivot": [0, 15.9, 0],
				"rotation": [15, 0, 0],
				"cubes": [
					{"origin": [-3, 15.9, -3], "size": [6, 8, 6], "uv": [32, 39]},
					{"origin": [-3, 16.9, -5], "size": [6, 7, 2], "uv": [79, 63]},
					{"origin": [-3, 23.9, -4], "size": [6, 1, 1], "uv": [47, 28]},
					{"origin": [-7, 21.9, -3], "size": [14, 4, 6], "uv": [0, 0]},
					{"origin": [-5, 25.9, -3], "size": [10, 3, 6], "uv": [30, 30]},
					{"origin": [-1, 28.9, -1], "size": [2, 7, 2], "uv": [79, 89]},
					{"origin": [-1, 28.9, 2], "size": [2, 3, 1], "uv": [100, 22]},
					{"origin": [-1, 28.9, -3], "size": [2, 5, 1], "uv": [99, 99]},
					{"origin": [5, 25.9, -3], "size": [4, 4, 6], "uv": [14, 68]},
					{"origin": [-9, 25.9, -3], "size": [4, 4, 6], "uv": [57, 62]}
				]
			},
			{
				"name": "body4",
				"parent": "body3",
				"pivot": [2, 15.9, 0],
				"rotation": [0, 0, 30],
				"cubes": [
					{"origin": [2, 15.9, -3], "size": [1, 8, 6], "uv": [28, 72]},
					{"origin": [2.86603, 16.4, -2], "size": [1, 8, 4], "uv": [88, 44]},
					{"origin": [-1.12942, 15.88301, -4], "size": [3.1, 8, 7], "uv": [0, 55]}
				]
			},
			{
				"name": "body5",
				"parent": "body3",
				"pivot": [-2, 15.9, 0],
				"rotation": [0, 0, -30],
				"cubes": [
					{"origin": [-1.97058, 15.88301, -4], "size": [3.1, 8, 7], "uv": [21, 53]},
					{"origin": [-3, 15.9, -3], "size": [1, 8, 6], "uv": [71, 71]},
					{"origin": [-3.86603, 16.4, -2], "size": [1, 8, 4], "uv": [50, 86]}
				]
			},
			{
				"name": "body6",
				"parent": "body3",
				"pivot": [0, 15.9, 0],
				"cubes": [
					{"origin": [-3, 15.9, -3], "size": [6, 6, 6], "uv": [50, 50]}
				]
			},
			{
				"name": "body7",
				"parent": "body3",
				"pivot": [0, 15.9, 3],
				"rotation": [15, 0, 0],
				"cubes": [
					{"origin": [-3, 15.9, 3], "size": [6, 5.5, 5], "uv": [59, 13]},
					{"origin": [-1, 14.55273, 5.63776], "size": [2, 1.5, 1], "uv": [85, 79]},
					{"origin": [-1, 15.07037, 3.7059], "size": [2, 1.5, 1], "uv": [79, 75]},
					{"origin": [-1, 19.62359, 7.89526], "size": [2, 1.5, 1], "uv": [28, 72]},
					{"origin": [-1, 17.69174, 7.37762], "size": [2, 1.5, 2], "uv": [84, 22]},
					{"origin": [-1, 15.75989, 6.85999], "size": [2, 1.5, 2], "uv": [80, 33]}
				]
			},
			{
				"name": "body8",
				"parent": "body3",
				"pivot": [0, 24.9, 3],
				"rotation": [-35, 0, 0],
				"cubes": [
					{"origin": [-5, 19.9, 2], "size": [10, 8, 5.1], "uv": [0, 26]},
					{"origin": [-0.9, 27.83998, 4.08124], "size": [2, 4, 1.1], "uv": [99, 66]},
					{"origin": [-0.9, 27.77525, 6.04754], "size": [2, 3, 1.1], "uv": [58, 12]}
				]
			},
			{
				"name": "body9",
				"parent": "body3",
				"pivot": [0, 19.3, 4.2],
				"rotation": [-35, 0, 0],
				"cubes": [
					{"origin": [-3, 12.3, 4.2], "size": [6, 7.3, 2.1], "uv": [10, 78]},
					{"origin": [-1, 14.35105, 6.26488], "size": [2, 1.3, 1.1], "uv": [57, 66]},
					{"origin": [-1, 11.5656, 5.77372], "size": [2, 1.3, 1.1], "uv": [13, 60]}
				]
			},
			{
				"name": "body10",
				"parent": "body3",
				"pivot": [7, 24.4, 0],
				"rotation": [0, 0, -40],
				"cubes": [
					{"origin": [6, 22.9, -3], "size": [8, 3, 6], "uv": [0, 46]}
				]
			},
			{
				"name": "body11",
				"parent": "body3",
				"pivot": [-7, 24.4, 0],
				"rotation": [0, 0, 40],
				"cubes": [
					{"origin": [-14, 22.9, -3], "size": [8, 3, 6], "uv": [40, 0]}
				]
			},
			{
				"name": "neck",
				"parent": "body3",
				"pivot": [0, 26.9, -2],
				"rotation": [105, 0, 0],
				"cubes": [
					{"origin": [-2, 20.9, -4], "size": [4, 11, 4], "uv": [41, 62]}
				]
			},
			{
				"name": "head",
				"parent": "neck",
				"pivot": [0, 33.9, -4],
				"rotation": [-120, 0, 0],
				"cubes": [
					{"origin": [-5, 33.9, -4], "size": [10, 8, 2], "uv": [56, 39], "inflate": 0.001},
					{"origin": [-4, 34.9, -2], "size": [8, 6, 1], "uv": [77, 26], "inflate": 0.001},
					{"origin": [-3, 40.9, -2], "size": [6, 1, 1], "uv": [39, 18], "inflate": 0.001},
					{"origin": [-2, 41.9, -2], "size": [4, 1, 1], "uv": [74, 55], "inflate": 0.001},
					{"origin": [-6, 34.9, -4], "size": [1, 7, 1], "uv": [59, 99], "inflate": 0.001},
					{"origin": [5, 34.9, -4], "size": [1, 7, 1], "uv": [67, 77], "inflate": 0.001},
					{"origin": [-7, 41.9, -9], "size": [14, 2, 5], "uv": [0, 19], "inflate": 0.001},
					{"origin": [5, 35.9, -6], "size": [1, 4, 2], "uv": [87, 98], "inflate": 0.001},
					{"origin": [-6, 35.9, -6], "size": [1, 4, 2], "uv": [0, 55], "inflate": 0.001},
					{"origin": [5, 39.9, -9], "size": [1, 2, 5], "uv": [86, 3], "inflate": 0.001},
					{"origin": [-6, 39.9, -9], "size": [1, 2, 5], "uv": [85, 72], "inflate": 0.001},
					{"origin": [-6, 33.9, -9], "size": [1, 2, 5], "uv": [79, 1], "inflate": 0.001},
					{"origin": [5, 33.9, -9], "size": [1, 2, 5], "uv": [34, 53], "inflate": 0.001},
					{"origin": [-6, 41.9, -4], "size": [12, 1, 2], "uv": [58, 23], "inflate": 0.001},
					{"origin": [-5, 42.9, -4], "size": [10, 1, 1], "uv": [25, 28], "inflate": 0.001},
					{"origin": [-6, 41.9, -11], "size": [12, 1, 2], "uv": [58, 9], "inflate": 0.001},
					{"origin": [1, 42.9, -10], "size": [4, 1, 1], "uv": [68, 6], "inflate": 0.001},
					{"origin": [-5, 42.9, -10], "size": [4, 1, 1], "uv": [64, 26], "inflate": 0.001},
					{"origin": [-3, 43.9, -9], "size": [6, 1, 5], "uv": [62, 0], "inflate": 0.001},
					{"origin": [-2, 43.9, -4], "size": [4, 1, 1], "uv": [56, 34], "inflate": 0.001},
					{"origin": [-1, 42.9, -3], "size": [2, 1, 1], "uv": [53, 18], "inflate": 0.001},
					{"origin": [-4, 42.9, -3], "size": [3, 1, 1], "uv": [47, 53], "inflate": 0.001},
					{"origin": [1, 42.9, -3], "size": [3, 1, 1], "uv": [0, 16], "inflate": 0.001},
					{"origin": [-1, 42.9, -10], "size": [2, 1, 1], "uv": [25, 26], "inflate": 0.001},
					{"origin": [6, 43.9, -7], "size": [1, 8, 1], "uv": [55, 98], "inflate": 0.001},
					{"origin": [6, 36.9, -6], "size": [1, 5, 1], "uv": [100, 75], "inflate": 0.001},
					{"origin": [-7, 36.9, -6], "size": [1, 5, 1], "uv": [100, 38], "inflate": 0.001},
					{"origin": [-7, 38.9, -5], "size": [1, 3, 1], "uv": [73, 72], "inflate": 0.001},
					{"origin": [6, 38.9, -5], "size": [1, 3, 1], "uv": [67, 72], "inflate": 0.001},
					{"origin": [6, 40.9, -8], "size": [1, 1, 2], "uv": [101, 86], "inflate": 0.001},
					{"origin": [-7, 40.9, -8], "size": [1, 1, 2], "uv": [101, 71], "inflate": 0.001},
					{"origin": [-7, 43.9, -7], "size": [1, 8, 1], "uv": [36, 68], "inflate": 0.001},
					{"origin": [3, 43.9, -9], "size": [2, 8, 1], "uv": [93, 93], "inflate": 0.001},
					{"origin": [-5, 43.9, -9], "size": [2, 8, 1], "uv": [92, 33], "inflate": 0.001},
					{"origin": [-5, 43.9, -5], "size": [2, 8, 1], "uv": [60, 90], "inflate": 0.001},
					{"origin": [-4, 43.9, -4], "size": [1, 4, 1], "uv": [62, 0], "inflate": 0.001},
					{"origin": [3, 43.9, -4], "size": [1, 4, 1], "uv": [34, 53], "inflate": 0.001},
					{"origin": [3, 43.9, -5], "size": [2, 8, 1], "uv": [87, 89], "inflate": 0.001},
					{"origin": [4, 52.9, -7], "size": [1, 4, 1], "uv": [100, 5], "inflate": 0.001},
					{"origin": [4, 52.9, -8], "size": [1, 1, 3], "uv": [71, 63], "inflate": 0.001},
					{"origin": [-5, 52.9, -8], "size": [1, 1, 3], "uv": [10, 70], "inflate": 0.001},
					{"origin": [-4, 52.9, -7], "size": [1, 1, 2], "uv": [101, 0], "inflate": 0.001},
					{"origin": [3, 52.9, -7], "size": [1, 1, 2], "uv": [99, 83], "inflate": 0.001},
					{"origin": [-6, 52.9, -7], "size": [1, 1, 1], "uv": [8, 70], "inflate": 0.001},
					{"origin": [5, 52.9, -7], "size": [1, 1, 1], "uv": [62, 36], "inflate": 0.001},
					{"origin": [-5, 52.9, -7], "size": [1, 4, 1], "uv": [99, 93], "inflate": 0.001},
					{"origin": [-4, 56.9, -7], "size": [1, 1, 1], "uv": [99, 93], "inflate": 0.001},
					{"origin": [3, 56.9, -7], "size": [1, 1, 1], "uv": [99, 93], "inflate": 0.001},
					{"origin": [3, 43.9, -8], "size": [3, 9, 3], "uv": [80, 36], "inflate": 0.001},
					{"origin": [-6, 43.9, -8], "size": [3, 9, 3], "uv": [42, 77], "inflate": 0.001},
					{"origin": [-3, 44.9, -8], "size": [1, 1, 3], "uv": [28, 68], "inflate": 0.001},
					{"origin": [2, 44.9, -8], "size": [1, 1, 3], "uv": [19, 55], "inflate": 0.001}
				]
			},
			{
				"name": "jaw1",
				"parent": "head",
				"pivot": [0, 36.9, -4],
				"rotation": [25, 0, 0],
				"cubes": [
					{"origin": [-5, 35.9, -10.6], "size": [10, 2, 6.6], "uv": [32, 20]},
					{"origin": [-6, 34.9, -10.6], "size": [12, 1, 8.6], "uv": [0, 10]},
					{"origin": [-5, 33.9, -9.6], "size": [10, 1, 6.6], "uv": [0, 39]},
					{"origin": [-4, 32.9, -8.6], "size": [8, 1, 5.6], "uv": [56, 28]},
					{"origin": [5, 33.9, -8.6], "size": [1, 1, 4.6], "uv": [67, 72]},
					{"origin": [4, 32.9, -7.6], "size": [1, 1, 2.6], "uv": [82, 55]},
					{"origin": [-5, 32.9, -7.6], "size": [1, 1, 2.6], "uv": [51, 77]},
					{"origin": [-6, 33.9, -8.6], "size": [1, 1, 4.6], "uv": [13, 55]},
					{"origin": [-5, 37.9, -10], "size": [1, 2, 1], "uv": [15, 104]},
					{"origin": [-3, 37.9, -10], "size": [1, 2, 1], "uv": [103, 95]},
					{"origin": [-1, 37.9, -10], "size": [1, 2, 1], "uv": [103, 92]},
					{"origin": [1, 37.9, -10], "size": [1, 2, 1], "uv": [103, 89]},
					{"origin": [2.5, 37.9, -10], "size": [1, 2, 1], "uv": [103, 80]},
					{"origin": [4, 37.9, -10], "size": [1, 2, 1], "uv": [103, 63]},
					{"origin": [4, 37.9, -8], "size": [1, 2, 1], "uv": [103, 60]},
					{"origin": [4, 37.9, -6], "size": [1, 2, 1], "uv": [103, 29]},
					{"origin": [-5, 37.9, -6], "size": [1, 2, 1], "uv": [103, 26]},
					{"origin": [-5, 37.9, -8], "size": [1, 2, 1], "uv": [103, 3]}
				]
			},
			{
				"name": "jaw2",
				"parent": "head",
				"pivot": [0, 40.9, -4],
				"cubes": [
					{"origin": [-5, 39.9, -10.6], "size": [10, 2, 6.6], "uv": [32, 10], "inflate": 0.001},
					{"origin": [-5, 37.9, -10], "size": [1, 2, 1], "uv": [31, 103], "inflate": 0.001},
					{"origin": [-3, 37.9, -10], "size": [1, 2, 1], "uv": [27, 103], "inflate": 0.001},
					{"origin": [-1, 37.9, -10], "size": [1, 2, 1], "uv": [23, 103], "inflate": 0.001},
					{"origin": [1, 37.9, -10], "size": [1, 2, 1], "uv": [102, 44], "inflate": 0.001},
					{"origin": [2.5, 37.9, -10], "size": [1, 2, 1], "uv": [102, 11], "inflate": 0.001},
					{"origin": [4, 37.9, -10], "size": [1, 2, 1], "uv": [93, 102], "inflate": 0.001},
					{"origin": [4, 37.9, -8], "size": [1, 2, 1], "uv": [75, 102], "inflate": 0.001},
					{"origin": [4, 37.9, -6], "size": [1, 2, 1], "uv": [71, 102], "inflate": 0.001},
					{"origin": [-5, 37.9, -6], "size": [1, 2, 1], "uv": [67, 102], "inflate": 0.001},
					{"origin": [-5, 37.9, -8], "size": [1, 2, 1], "uv": [95, 66], "inflate": 0.001}
				]
			},
			{
				"name": "leftarm",
				"parent": "body3",
				"pivot": [11, 26.9, 0],
				"cubes": [
					{"origin": [10, 11.9, -1], "size": [3, 16, 2], "uv": [57, 72]},
					{"origin": [13, 21.9, -1], "size": [1, 4, 1], "uv": [33, 19]},
					{"origin": [9, 21.9, -1], "size": [1, 4, 1], "uv": [0, 26]},
					{"origin": [13, 12.9, -1], "size": [1, 4, 2], "uv": [50, 39]},
					{"origin": [9, 12.9, -1], "size": [1, 4, 2], "uv": [0, 46]},
					{"origin": [10.5, 11.9, -2], "size": [2, 16, 1], "uv": [31, 86]},
					{"origin": [10.5, 11.9, 1], "size": [2, 16, 1], "uv": [25, 86]},
					{"origin": [10, 10.9, -1.7], "size": [3, 2, 3.4], "uv": [26, 39], "inflate": -0.5}
				],
				"locators": {
					"bull": [12, 8.83203, -5.91567]
				}
			},
			{
				"name": "leftarm2",
				"parent": "leftarm",
				"pivot": [11.5, 11.4, 0],
				"rotation": [-60, 0, 0],
				"cubes": [
					{"origin": [10, 1.4, -1], "size": [3, 10, 2], "uv": [8, 87]},
					{"origin": [13, 3.4, 0], "size": [1, 3, 1], "uv": [68, 49]},
					{"origin": [9, 3.4, -1], "size": [1, 4, 2], "uv": [0, 39]},
					{"origin": [13, 3.54142, -0.98995], "size": [1, 2, 1], "uv": [94, 16]},
					{"origin": [11, 11.37021, 0.07071], "size": [1, 5, 1], "uv": [63, 99]},
					{"origin": [10.5, 1.4, -2], "size": [2, 10, 1], "uv": [43, 89]},
					{"origin": [10.5, 1.4, 1], "size": [2, 10, 1], "uv": [37, 88]}
				]
			},
			{
				"name": "leftarm3",
				"parent": "leftarm2",
				"pivot": [11.5, 1.4, 0],
				"rotation": [50, 0, 0],
				"cubes": [
					{"origin": [9, -2.6, -1], "size": [2, 4.3, 2], "uv": [37, 99], "inflate": -0.3},
					{"origin": [12, -2.6, -1], "size": [3, 4.3, 2], "uv": [87, 56], "inflate": -0.3},
					{"origin": [8.4, -0.2, -2], "size": [6.2, 1.9, 4], "uv": [71, 58], "inflate": -0.3},
					{"origin": [10.4, -2.6, -1], "size": [2.2, 1.2, 2], "uv": [79, 72], "inflate": -0.3}
				]
			},
			{
				"name": "leftarm4",
				"parent": "leftarm3",
				"pivot": [13.1, -2.3, 0],
				"rotation": [80, 0, 0],
				"cubes": [
					{"origin": [12, -6.3, -1], "size": [2, 4.3, 2], "uv": [8, 99], "inflate": -0.3}
				]
			},
			{
				"name": "leftarm8",
				"parent": "leftarm4",
				"pivot": [13.1, -5.3, 0],
				"rotation": [90, 0, 0],
				"cubes": [
					{"origin": [12, -9.3, -1], "size": [2, 4.3, 2], "uv": [0, 99], "inflate": -0.3}
				]
			},
			{
				"name": "leftarm12",
				"parent": "leftarm8",
				"pivot": [13.1, -9, 0],
				"rotation": [45, 0, 0],
				"cubes": [
					{"origin": [12.4, -11, -0.6], "size": [1.2, 2.3, 1.2], "uv": [88, 33], "inflate": -0.3}
				]
			},
			{
				"name": "leftarm5",
				"parent": "leftarm3",
				"pivot": [11.6, -2.3, 0],
				"rotation": [85, 0, 0],
				"cubes": [
					{"origin": [10.5, -6.3, -1], "size": [2, 4.3, 2], "uv": [98, 48], "inflate": -0.3}
				]
			},
			{
				"name": "leftarm9",
				"parent": "leftarm5",
				"pivot": [11.6, -5.3, 0],
				"rotation": [95, 0, 0],
				"cubes": [
					{"origin": [10.5, -9.3, -1], "size": [2, 4.3, 2], "uv": [98, 32], "inflate": -0.3}
				]
			},
			{
				"name": "leftarm13",
				"parent": "leftarm9",
				"pivot": [11.6, -9, 0],
				"rotation": [45, 0, 0],
				"cubes": [
					{"origin": [10.9, -11, -0.6], "size": [1.2, 2.3, 1.2], "uv": [86, 74], "inflate": -0.3}
				]
			},
			{
				"name": "leftarm6",
				"parent": "leftarm3",
				"pivot": [10.1, -2.3, 0],
				"rotation": [90, 0, 0],
				"cubes": [
					{"origin": [9, -6.3, -1], "size": [2, 4.3, 2], "uv": [98, 16], "inflate": -0.3}
				]
			},
			{
				"name": "leftarm10",
				"parent": "leftarm6",
				"pivot": [10.1, -5.3, 0],
				"rotation": [100, 0, 0],
				"cubes": [
					{"origin": [9, -9.3, -1], "size": [2, 4.3, 2], "uv": [79, 98], "inflate": -0.3}
				]
			},
			{
				"name": "leftarm14",
				"parent": "leftarm10",
				"pivot": [10.1, -9, 0],
				"rotation": [50, 0, 0],
				"cubes": [
					{"origin": [9.4, -11, -0.6], "size": [1.2, 2.3, 1.2], "uv": [84, 48], "inflate": -0.3}
				]
			},
			{
				"name": "leftarm7",
				"parent": "leftarm3",
				"pivot": [9.3, 0.7, 0],
				"rotation": [60, 0, 0],
				"cubes": [
					{"origin": [7.6, -3.3, -1], "size": [2, 4.3, 2], "uv": [47, 98], "inflate": -0.3}
				]
			},
			{
				"name": "leftarm11",
				"parent": "leftarm7",
				"pivot": [8.7, -2.3, 0],
				"rotation": [0, 0, -105],
				"cubes": [
					{"origin": [7.6, -6.3, -1], "size": [2, 4.3, 2], "uv": [16, 98], "inflate": -0.3}
				]
			},
			{
				"name": "leftarm15",
				"parent": "leftarm11",
				"pivot": [8.7, -6, 0],
				"cubes": [
					{"origin": [8, -8, -0.6], "size": [1.2, 2.3, 1.2], "uv": [79, 0], "inflate": -0.3}
				]
			},
			{
				"name": "rightarm",
				"parent": "body3",
				"pivot": [-11, 26.9, 0],
				"rotation": [5, 0, 0],
				"cubes": [
					{"origin": [-13, 11.9, -1], "size": [3, 16, 2], "uv": [0, 70]},
					{"origin": [-14, 13.9, -1], "size": [1, 4, 1], "uv": [0, 19]},
					{"origin": [-10, 14.9, -1], "size": [1, 3, 1], "uv": [13, 55]},
					{"origin": [-14, 21.9, -1], "size": [1, 4, 2], "uv": [32, 10]},
					{"origin": [-10, 21.9, -1], "size": [1, 4, 2], "uv": [30, 30]},
					{"origin": [-12.5, 11.9, -2], "size": [2, 16, 1], "uv": [73, 85]},
					{"origin": [-12.5, 11.9, 1], "size": [2, 16, 1], "uv": [67, 85]},
					{"origin": [-13, 10.9, -1.7], "size": [3, 2, 3.4], "uv": [34, 0], "inflate": -0.5}
				],
				"locators": {
					"bull2": [-11, 8.0323, -4.52573]
				}
			},
			{
				"name": "rightarm2",
				"parent": "rightarm",
				"pivot": [-11.5, 11.4, 0],
				"rotation": [-55, 0, 0],
				"cubes": [
					{"origin": [-13, 1.4, -1], "size": [3, 10, 2], "uv": [84, 10]},
					{"origin": [-10, 4.4, 0], "size": [1, 5, 1], "uv": [86, 0]},
					{"origin": [-14, 5.4, -1], "size": [1, 4, 2], "uv": [0, 0]},
					{"origin": [-12, 11.36187, 0.10511], "size": [1, 5, 1], "uv": [41, 60]},
					{"origin": [-12.5, 1.4, -2], "size": [2, 10, 1], "uv": [0, 88]},
					{"origin": [-12.5, 1.4, 1], "size": [2, 10, 1], "uv": [18, 87]}
				]
			},
			{
				"name": "rightarm3",
				"parent": "rightarm2",
				"pivot": [-11.5, 1.4, 0],
				"rotation": [40, 0, 0],
				"cubes": [
					{"origin": [-15, -2.6, -1], "size": [3, 4.3, 2], "uv": [22, 46], "inflate": -0.3},
					{"origin": [-11.6, -2.6, -1], "size": [2.5, 4.3, 2], "uv": [97, 54], "inflate": -0.3},
					{"origin": [-12.6, -2.6, -1], "size": [1.6, 1.7, 2], "uv": [44, 58], "inflate": -0.3},
					{"origin": [-14.6, -0.2, -2], "size": [6.6, 1.9, 4], "uv": [62, 34], "inflate": -0.3}
				]
			},
			{
				"name": "rightarm4",
				"parent": "rightarm3",
				"pivot": [-9.9, -2.3, 0],
				"rotation": [80, 0, 0],
				"cubes": [
					{"origin": [-11, -6.3, -1], "size": [2, 4.3, 2], "uv": [95, 87], "inflate": -0.3}
				]
			},
			{
				"name": "rightarm5",
				"parent": "rightarm4",
				"pivot": [-9.9, -5.3, 0],
				"rotation": [90, 0, 0],
				"cubes": [
					{"origin": [-11, -9.3, -1], "size": [2, 4.3, 2], "uv": [95, 60], "inflate": -0.3}
				]
			},
			{
				"name": "rightarm6",
				"parent": "rightarm5",
				"pivot": [-9.9, -9, 0],
				"rotation": [65, 0, 0],
				"cubes": [
					{"origin": [-10.6, -11, -0.6], "size": [1.2, 2.3, 1.2], "uv": [10, 74], "inflate": -0.3}
				]
			},
			{
				"name": "rightarm7",
				"parent": "rightarm3",
				"pivot": [-11.4, -2.3, 0],
				"rotation": [80, 0, 0],
				"cubes": [
					{"origin": [-12.5, -6.3, -1], "size": [2, 4.3, 2], "uv": [95, 26], "inflate": -0.3}
				]
			},
			{
				"name": "rightarm8",
				"parent": "rightarm7",
				"pivot": [-11.4, -5.3, 0],
				"rotation": [100, 0, 0],
				"cubes": [
					{"origin": [-12.5, -9.3, -1], "size": [2, 4.3, 2], "uv": [94, 42], "inflate": -0.3}
				]
			},
			{
				"name": "rightarm9",
				"parent": "rightarm8",
				"pivot": [-11.4, -9, 0],
				"rotation": [55, 0, 0],
				"cubes": [
					{"origin": [-12.1, -11, -0.6], "size": [1.2, 2.3, 1.2], "uv": [15, 70], "inflate": -0.3}
				]
			},
			{
				"name": "rightarm10",
				"parent": "rightarm3",
				"pivot": [-12.9, -2.3, 0],
				"rotation": [80, 0, 0],
				"cubes": [
					{"origin": [-14, -6.3, -1], "size": [2, 4.3, 2], "uv": [94, 10], "inflate": -0.3}
				]
			},
			{
				"name": "rightarm11",
				"parent": "rightarm10",
				"pivot": [-12.9, -5.3, 0],
				"rotation": [90, 0, 0],
				"cubes": [
					{"origin": [-14, -9.3, -1], "size": [2, 4.3, 2], "uv": [93, 79], "inflate": -0.3}
				]
			},
			{
				"name": "rightarm12",
				"parent": "rightarm11",
				"pivot": [-12.9, -9, 0],
				"rotation": [60, 0, 0],
				"cubes": [
					{"origin": [-13.6, -11, -0.6], "size": [1.2, 2.3, 1.2], "uv": [56, 30], "inflate": -0.3}
				]
			},
			{
				"name": "rightarm13",
				"parent": "rightarm3",
				"pivot": [-9.3, 0.7, 0],
				"rotation": [70, 0, 0],
				"cubes": [
					{"origin": [-9.7, -3.3, -1], "size": [2, 4.3, 2], "uv": [93, 70], "inflate": -0.3}
				]
			},
			{
				"name": "rightarm14",
				"parent": "rightarm13",
				"pivot": [-8.6, -2.3, 0],
				"rotation": [0, 0, 85],
				"cubes": [
					{"origin": [-9.7, -6.3, -1], "size": [2, 4.3, 2], "uv": [93, 0], "inflate": -0.3}
				]
			},
			{
				"name": "rightarm15",
				"parent": "rightarm14",
				"pivot": [-8.6, -6, 0],
				"rotation": [0, 0, 65],
				"cubes": [
					{"origin": [-9.3, -8, -0.6], "size": [1.2, 2.3, 1.2], "uv": [24, 55], "inflate": -0.3}
				]
			},
			{
				"name": "leftleg",
				"parent": "body",
				"pivot": [2, 9.9, 0],
				"rotation": [-45, 0, 5],
				"cubes": [
					{"origin": [1, 5.9, -1], "size": [2, 4, 2], "uv": [92, 20]}
				]
			},
			{
				"name": "leftleg2",
				"parent": "leftleg",
				"pivot": [2, 5.9, 0],
				"rotation": [40, 0, 0],
				"cubes": [
					{"origin": [1, 1.9, -1], "size": [2, 4, 2], "uv": [76, 12]}
				]
			},
			{
				"name": "rightleg",
				"parent": "body",
				"pivot": [-2, 9.9, 0],
				"rotation": [-35, 0, -15],
				"cubes": [
					{"origin": [-3, 5.9, -1], "size": [2, 4, 2], "uv": [0, 10]}
				]
			},
			{
				"name": "rightleg2",
				"parent": "rightleg",
				"pivot": [-2, 5.9, 0],
				"rotation": [50, 0, 0],
				"cubes": [
					{"origin": [-3, 2.9, -1], "size": [2, 3, 2], "uv": [41, 53]}
				]
			},
			{
				"name": "rightleg3",
				"parent": "rightleg2",
				"pivot": [-2, 2.9, 1],
				"rotation": [20, 0, 0],
				"cubes": [
					{"origin": [-3, 1.9, -2], "size": [2, 1, 3], "uv": [53, 62]},
					{"origin": [-3, 1.9, -3], "size": [1, 1, 1], "uv": [54, 39]}
				]
			},
			{
				"name": "bone",
				"pivot": [0, 0, 0],
				"cubes": [
					{"origin": [-25, 0, -24], "size": [48, 1, 17], "uv": [0, 110]},
					{"origin": [-25, 0, -7], "size": [48, 1, 17], "uv": [0, 110]},
					{"origin": [-25, 0, 10], "size": [48, 1, 14], "uv": [0, 110]}
				]
			}
		]
	}
}