{
	"format_version": "1.10.0",
	"geometry.butcher_1": {
		"texturewidth": 64,
		"textureheight": 64,
		"visible_bounds_width": 2,
		"visible_bounds_height": 2,
		"visible_bounds_offset": [0, 1, 0],
		"bones": [
			{
				"name": "body",
				"pivot": [0.5, 8, -1],
				"cubes": [
					{"origin": [-2, 9, -3], "size": [5, 3, 4], "uv": [10, 12], "inflate": 0.3},
					{"origin": [-2, 8, -3], "size": [5, 1, 4], "uv": [16, 0]},
					{"origin": [-2, 12, -2], "size": [5, 5, 2], "uv": [16, 19]},
					{"origin": [-2, 12, -3], "size": [5, 3, 1], "uv": [20, 26]},
					{"origin": [-2, 12, 0], "size": [5, 3, 1], "uv": [0, 28]}
				]
			},
			{
				"name": "rightarm",
				"parent": "body",
				"pivot": [-2, 14, -1],
				"cubes": [
					{"origin": [-4, 13, -2], "size": [2, 3, 2], "uv": [0, 32]}
				]
			},
			{
				"name": "rightarm2",
				"parent": "rightarm",
				"pivot": [-3, 13, -1],
				"cubes": [
					{"origin": [-4, 8, -2], "size": [2, 6, 2], "uv": [0, 12], "inflate": -0.5}
				]
			},
			{
				"name": "rightarm3",
				"parent": "rightarm2",
				"pivot": [-2.5, 8.5, -1.2],
				"cubes": [
					{"origin": [-4, 6, -3], "size": [3, 3, 4], "uv": [0, 21], "inflate": -0.5}
				]
			},
			{
				"name": "rightarm4",
				"parent": "rightarm3",
				"pivot": [-3, 6.5, -2],
				"rotation": [0, 0, -40],
				"cubes": [
					{"origin": [-4, 4, -3], "size": [2, 3, 2], "uv": [32, 3], "inflate": -0.5}
				]
			},
			{
				"name": "rightarm5",
				"parent": "rightarm3",
				"pivot": [-3, 6.5, -1],
				"rotation": [0, 0, -25],
				"cubes": [
					{"origin": [-4, 4, -2], "size": [2, 3, 2], "uv": [30, 20], "inflate": -0.5}
				]
			},
			{
				"name": "rightarm6",
				"parent": "rightarm3",
				"pivot": [-3, 6.5, 0],
				"rotation": [0, 0, -40],
				"cubes": [
					{"origin": [-4, 5, -1], "size": [2, 2, 2], "uv": [34, 34], "inflate": -0.5}
				]
			},
			{
				"name": "rightarm7",
				"parent": "rightarm3",
				"pivot": [-2.5, 7, -2],
				"rotation": [0, 0, -30],
				"cubes": [
					{"origin": [-3, 5, -3], "size": [2, 3, 2], "uv": [32, 8], "inflate": -0.5}
				]
			},
			{
				"name": "weapon",
				"parent": "rightarm3",
				"pivot": [-2.5, 6.5, -1.16667],
				"cubes": [
					{"origin": [-3, 6, -8], "size": [1, 1, 8], "uv": [0, 12]},
					{"origin": [-3, 7, -8], "size": [1, 2, 2], "uv": [0, 0]},
					{"origin": [-3, 7, -5], "size": [1, 2, 1], "uv": [10, 12]}
				]
			},
			{
				"name": "head",
				"parent": "body",
				"pivot": [0, 17, 0],
				"cubes": [
					{"origin": [-2, 17, -4], "size": [5, 6, 6], "uv": [0, 0]}
				]
			},
			{
				"name": "leftarm",
				"parent": "body",
				"pivot": [3, 15, -1],
				"cubes": [
					{"origin": [3, 8, -2], "size": [2, 8, 2], "uv": [12, 26]},
					{"origin": [3, 6, -2], "size": [2, 3, 2], "uv": [32, 25], "inflate": -0.5}
				]
			},
			{
				"name": "rightleg",
				"pivot": [-0.5, 8, -0.5],
				"cubes": [
					{"origin": [-2, 0, -2], "size": [2, 9, 2], "uv": [24, 5], "inflate": -0.5}
				]
			},
			{
				"name": "rightleg2",
				"parent": "rightleg",
				"pivot": [-1, 1, -1],
				"cubes": [
					{"origin": [-2, 0, -2], "size": [2, 1, 2], "uv": [30, 0]}
				]
			},
			{
				"name": "leftleg",
				"pivot": [2, 8, -1],
				"cubes": [
					{"origin": [1, 4, -2], "size": [2, 4, 2], "uv": [28, 30]}
				]
			},
			{
				"name": "leftleg2",
				"parent": "leftleg",
				"pivot": [2, 4.5, -1],
				"cubes": [
					{"origin": [1, 1, -2], "size": [2, 4, 2], "uv": [20, 30]}
				]
			},
			{
				"name": "leftleg3",
				"parent": "leftleg2",
				"pivot": [2, 1, 0],
				"cubes": [
					{"origin": [1, 0, -3], "size": [2, 1, 3], "uv": [28, 16]}
				]
			}
		]
	}
}