{
	"format_version": "1.10.0",
	"geometry.projectionist": {
		"texturewidth": 64,
		"textureheight": 64,
		"visible_bounds_width": 2,
		"visible_bounds_height": 3,
		"visible_bounds_offset": [0, 1.5, 0],
		"bones": [
			{
				"name": "waist",
				"pivot": [0, 17, 0]
			},
			{
				"name": "body2",
				"parent": "waist",
				"pivot": [0, 17, -0.5],
				"cubes": [
					{"origin": [-4, 17, -3], "size": [8, 3, 5], "uv": [0, 11]},
					{"origin": [-3, 20, -2], "size": [6, 5, 3], "uv": [22, 22]}
				]
			},
			{
				"name": "body",
				"parent": "body2",
				"pivot": [0, 24, 0],
				"cubes": [
					{"origin": [-4, 27, -3], "size": [8, 7, 4], "uv": [0, 0]},
					{"origin": [-2, 23, -2.5], "size": [4, 4, 1], "uv": [50, 19]},
					{"origin": [-3, 25, -2], "size": [6, 2, 3], "uv": [24, 0]}
				]
			},
			{
				"name": "head",
				"parent": "body",
				"pivot": [0, 34, -1],
				"cubes": [
					{"origin": [-3, 35, -5], "size": [6, 7, 5], "uv": [0, 19]},
					{"origin": [2, 42, -4], "size": [1, 3, 2], "uv": [12, 31]},
					{"origin": [-2, 41, 1], "size": [1, 2, 2], "uv": [12, 36]},
					{"origin": [1, 41, 1], "size": [1, 2, 2], "uv": [49, 24]},
					{"origin": [-3, 42, -4], "size": [1, 3, 2], "uv": [33, 43]},
					{"origin": [-2, 36, -5.5], "size": [4, 4, 1], "uv": [50, 14]},
					{"origin": [-3, 36, 0], "size": [6, 5, 4], "uv": [21, 7]},
					{"origin": [-2, 35, 0], "size": [4, 1, 4], "uv": [22, 16]},
					{"origin": [-3, 36, 4], "size": [6, 4, 1], "uv": [43, 34]},
					{"origin": [-1, 34, -2], "size": [2, 1, 2], "uv": [49, 4]}
				]
			},
			{
				"name": "leftArm",
				"parent": "body",
				"pivot": [5.5, 32.5, 0],
				"mirror": true,
				"cubes": [
					{"origin": [4, 25, -2], "size": [3, 9, 3], "uv": [38, 13], "mirror": false}
				]
			},
			{
				"name": "leftArm2",
				"parent": "leftArm",
				"pivot": [5.5, 24, 0],
				"mirror": true,
				"cubes": [
					{"origin": [4, 17, -2], "size": [3, 9, 3], "uv": [31, 31], "mirror": false}
				]
			},
			{
				"name": "leftArm3",
				"parent": "leftArm2",
				"pivot": [5.5, 17, -0.5],
				"mirror": true,
				"cubes": [
					{"origin": [5, 15, -2], "size": [1, 2, 3], "uv": [0, 43], "mirror": false}
				]
			},
			{
				"name": "leftArm4",
				"parent": "leftArm3",
				"pivot": [5.5, 15, 0.5],
				"mirror": true,
				"cubes": [
					{"origin": [5, 13, 0], "size": [1, 2, 1], "uv": [41, 10], "mirror": false}
				]
			},
			{
				"name": "leftArm8",
				"parent": "leftArm4",
				"pivot": [5.5, 13.5, 0.5],
				"mirror": true,
				"cubes": [
					{"origin": [5, 12, 0], "size": [1, 2, 1], "uv": [53, 0], "mirror": false}
				]
			},
			{
				"name": "leftArm5",
				"parent": "leftArm3",
				"pivot": [5.5, 15, -0.5],
				"mirror": true,
				"cubes": [
					{"origin": [5, 13, -1], "size": [1, 2, 1], "uv": [31, 55], "mirror": false}
				]
			},
			{
				"name": "leftArm9",
				"parent": "leftArm5",
				"pivot": [5.5, 13.5, -0.5],
				"mirror": true,
				"cubes": [
					{"origin": [5, 12, -1], "size": [1, 2, 1], "uv": [53, 39], "mirror": false}
				]
			},
			{
				"name": "leftArm6",
				"parent": "leftArm3",
				"pivot": [5.5, 15, -1.5],
				"mirror": true,
				"cubes": [
					{"origin": [5, 13, -2], "size": [1, 2, 1], "uv": [5, 43], "mirror": false}
				]
			},
			{
				"name": "leftArm10",
				"parent": "leftArm6",
				"pivot": [5.5, 13.5, -1.5],
				"mirror": true,
				"cubes": [
					{"origin": [5, 12, -2], "size": [1, 2, 1], "uv": [19, 55], "mirror": false}
				]
			},
			{
				"name": "leftArm7",
				"parent": "leftArm3",
				"pivot": [5.5, 16, -2],
				"mirror": true,
				"cubes": [
					{"origin": [5, 14, -3], "size": [1, 2, 1], "uv": [52, 46], "mirror": false}
				]
			},
			{
				"name": "leftArm11",
				"parent": "leftArm7",
				"pivot": [5.5, 14.5, -2.5],
				"mirror": true,
				"cubes": [
					{"origin": [5, 13, -3], "size": [1, 2, 1], "uv": [23, 55], "mirror": false}
				]
			},
			{
				"name": "cas",
				"parent": "leftArm",
				"pivot": [5, 31, -1],
				"rotation": [0, 0, 30],
				"cubes": [
					{"origin": [3.35721, 31.76604, -3], "size": [1, 5, 5], "uv": [37, 0]}
				]
			},
			{
				"name": "rightArm",
				"parent": "body",
				"pivot": [-5.5, 32.5, 0],
				"mirror": true,
				"cubes": [
					{"origin": [-7, 25, -2], "size": [3, 9, 3], "uv": [9, 40], "mirror": false}
				]
			},
			{
				"name": "rightArm2",
				"parent": "rightArm",
				"pivot": [-5.5, 24, 0],
				"mirror": true,
				"cubes": [
					{"origin": [-7, 17, -2], "size": [3, 9, 3], "uv": [40, 40], "mirror": false}
				]
			},
			{
				"name": "rightArm3",
				"parent": "rightArm2",
				"pivot": [-5.5, 17, -0.5],
				"mirror": true,
				"cubes": [
					{"origin": [-6, 15, -2], "size": [1, 2, 3], "uv": [17, 19], "mirror": false}
				]
			},
			{
				"name": "rightArm4",
				"parent": "rightArm3",
				"pivot": [-5.5, 15, 0.5],
				"mirror": true,
				"cubes": [
					{"origin": [-6, 13, 0], "size": [1, 2, 1], "uv": [28, 30], "mirror": false}
				]
			},
			{
				"name": "rightArm5",
				"parent": "rightArm4",
				"pivot": [-5.5, 13.5, 0.5],
				"mirror": true,
				"cubes": [
					{"origin": [-6, 12, 0], "size": [1, 2, 1], "uv": [35, 55], "mirror": false}
				]
			},
			{
				"name": "rightArm6",
				"parent": "rightArm3",
				"pivot": [-5.5, 15, -0.5],
				"mirror": true,
				"cubes": [
					{"origin": [-6, 13, -1], "size": [1, 2, 1], "uv": [39, 55], "mirror": false}
				]
			},
			{
				"name": "rightArm7",
				"parent": "rightArm6",
				"pivot": [-5.5, 13.5, -0.5],
				"mirror": true,
				"cubes": [
					{"origin": [-6, 12, -1], "size": [1, 2, 1], "uv": [55, 31], "mirror": false}
				]
			},
			{
				"name": "rightArm8",
				"parent": "rightArm3",
				"pivot": [-5.5, 15, -1.5],
				"mirror": true,
				"cubes": [
					{"origin": [-6, 13, -2], "size": [1, 2, 1], "uv": [50, 55], "mirror": false}
				]
			},
			{
				"name": "rightArm9",
				"parent": "rightArm8",
				"pivot": [-5.5, 13.5, -1.5],
				"mirror": true,
				"cubes": [
					{"origin": [-6, 12, -2], "size": [1, 2, 1], "uv": [54, 55], "mirror": false}
				]
			},
			{
				"name": "rightArm10",
				"parent": "rightArm3",
				"pivot": [-5.5, 16, -2],
				"mirror": true,
				"cubes": [
					{"origin": [-6, 14, -3], "size": [1, 2, 1], "uv": [55, 3], "mirror": false}
				]
			},
			{
				"name": "rightArm11",
				"parent": "rightArm10",
				"pivot": [-5.5, 14.5, -2.5],
				"mirror": true,
				"cubes": [
					{"origin": [-6, 13, -3], "size": [1, 2, 1], "uv": [55, 24], "mirror": false}
				]
			},
			{
				"name": "wire",
				"parent": "body",
				"pivot": [-1, 21, 0.5],
				"rotation": [-20, 0, -2],
				"cubes": [
					{"origin": [-1.5, 21, 0], "size": [1, 3, 1], "uv": [20, 0]}
				]
			},
			{
				"name": "wire2",
				"parent": "wire",
				"pivot": [-1, 24, 0.5],
				"rotation": [-15, 0, 0],
				"cubes": [
					{"origin": [-1.5, 24, 0], "size": [1, 3, 1], "uv": [0, 11]}
				]
			},
			{
				"name": "wire3",
				"parent": "wire2",
				"pivot": [-1, 27, 0.5],
				"rotation": [20, 0, 0],
				"cubes": [
					{"origin": [-1.5, 27, 0], "size": [1, 3, 1], "uv": [20, 51]}
				]
			},
			{
				"name": "wire4",
				"parent": "wire3",
				"pivot": [-1, 30, 0.5],
				"rotation": [30, 0, 0],
				"cubes": [
					{"origin": [-1.5, 30, 0], "size": [1, 3, 1], "uv": [46, 54]}
				]
			},
			{
				"name": "wire5",
				"parent": "wire4",
				"pivot": [-1, 33, 0.5],
				"rotation": [-20, 0, 0],
				"cubes": [
					{"origin": [-1.5, 33, 0], "size": [1, 3, 1], "uv": [0, 19]}
				]
			},
			{
				"name": "wire6",
				"parent": "body",
				"pivot": [1.5, 23, 0.5],
				"rotation": [-35, 0, 2],
				"cubes": [
					{"origin": [0.4, 23, 0], "size": [1, 3, 1], "uv": [49, 39]}
				]
			},
			{
				"name": "wire7",
				"parent": "wire6",
				"pivot": [1.5, 26, 0.5],
				"rotation": [15, 0, 0],
				"cubes": [
					{"origin": [0.4, 26, 0], "size": [1, 3, 1], "uv": [0, 0]}
				]
			},
			{
				"name": "wire8",
				"parent": "wire7",
				"pivot": [1.5, 29, 0.5],
				"rotation": [5, 0, 0],
				"cubes": [
					{"origin": [0.4, 29, 0], "size": [1, 3, 1], "uv": [27, 54]}
				]
			},
			{
				"name": "wire9",
				"parent": "wire8",
				"pivot": [1.5, 32, 0.5],
				"rotation": [-10, 0, 0],
				"cubes": [
					{"origin": [0.4, 32, 0], "size": [1, 3, 1], "uv": [52, 42]}
				]
			},
			{
				"name": "wire10",
				"parent": "wire9",
				"pivot": [1.5, 35, 0.5],
				"rotation": [50, 0, 0],
				"cubes": [
					{"origin": [0.4, 35, 0], "size": [1, 3, 1], "uv": [52, 28]}
				]
			},
			{
				"name": "wire11",
				"parent": "body",
				"pivot": [0.2, 18.8, 1.5],
				"rotation": [-35, 0, 2],
				"cubes": [
					{"origin": [-0.9, 18.8, 1], "size": [1, 3, 1], "uv": [42, 52]}
				]
			},
			{
				"name": "wire12",
				"parent": "wire11",
				"pivot": [0.2, 21.8, 1.5],
				"rotation": [15, 0, 0],
				"cubes": [
					{"origin": [-0.9, 21.8, 1], "size": [1, 3, 1], "uv": [16, 52]}
				]
			},
			{
				"name": "wire13",
				"parent": "wire12",
				"pivot": [0.2, 24.8, 1.5],
				"rotation": [30, 0, 0],
				"cubes": [
					{"origin": [-0.9, 24.8, 1], "size": [1, 3, 1], "uv": [12, 52]}
				]
			},
			{
				"name": "wire14",
				"parent": "wire13",
				"pivot": [0.2, 27.8, 1.5],
				"rotation": [-10, 0, 0],
				"cubes": [
					{"origin": [-0.9, 27.8, 1], "size": [1, 3, 1], "uv": [24, 51]}
				]
			},
			{
				"name": "wire15",
				"parent": "wire14",
				"pivot": [0.2, 30.8, 1.5],
				"rotation": [70, 0, 0],
				"cubes": [
					{"origin": [-0.9, 30.8, 1], "size": [1, 3, 1], "uv": [34, 16]}
				]
			},
			{
				"name": "rightLeg",
				"pivot": [-2.4, 17, 0],
				"cubes": [
					{"origin": [-3.9, 8, -2], "size": [3, 9, 3], "uv": [19, 30]}
				]
			},
			{
				"name": "rightLeg2",
				"parent": "rightLeg",
				"pivot": [-2.4, 7.5, -0.5],
				"cubes": [
					{"origin": [-3.9, 3, -2], "size": [3, 6, 3], "uv": [40, 25]}
				]
			},
			{
				"name": "rightLeg3",
				"parent": "rightLeg2",
				"pivot": [-2.4, 2.75, -1],
				"cubes": [
					{"origin": [-3.9, 0, -2], "size": [3, 4, 3], "uv": [47, 7]},
					{"origin": [-3.9, 0, -5], "size": [3, 3, 3], "uv": [30, 49]}
				]
			},
			{
				"name": "leftLeg",
				"pivot": [2.4, 17, 0],
				"mirror": true,
				"cubes": [
					{"origin": [0.9, 8, -2], "size": [3, 9, 3], "uv": [0, 31], "mirror": false}
				]
			},
			{
				"name": "leftLeg2",
				"parent": "leftLeg",
				"pivot": [2.4, 7.5, 0],
				"mirror": true,
				"cubes": [
					{"origin": [0.9, 3, -2], "size": [3, 6, 3], "uv": [21, 42], "mirror": false},
					{"origin": [0.9, 4.7, -2], "size": [3, 1, 3], "uv": [44, 0], "inflate": 0.3, "mirror": false}
				]
			},
			{
				"name": "leftLeg3",
				"parent": "leftLeg2",
				"pivot": [2.4, 2.75, -1],
				"mirror": true,
				"cubes": [
					{"origin": [0.9, 0, -2], "size": [3, 4, 3], "uv": [0, 49], "mirror": false},
					{"origin": [0.9, 0, -5], "size": [3, 3, 3], "uv": [49, 49], "mirror": false}
				]
			}
		]
	}
}