{
	"format_version": "1.10.0",
	"geometry.sammy": {
		"texturewidth": 64,
		"textureheight": 64,
		"visible_bounds_width": 2,
		"visible_bounds_height": 2,
		"visible_bounds_offset": [0, 1, 0],
		"bones": [
			{
				"name": "waist",
				"pivot": [0, 14, 0]
			},
			{
				"name": "body",
				"parent": "waist",
				"pivot": [0, 12, 0],
				"cubes": [
					{"origin": [-3, 12, -2], "size": [6, 6, 3], "uv": [19, 24]},
					{"origin": [1, 17, -2.5], "size": [1, 1, 0.5], "uv": [0, 1]},
					{"origin": [3, 12, -2.2], "size": [0.1, 2, 3.4], "uv": [0, 0]},
					{"origin": [-3.1, 12, -2.2], "size": [0.1, 2, 3.4], "uv": [0, 2]},
					{"origin": [-2, 14, -2.2], "size": [4, 3, 0.2], "uv": [23, 4]},
					{"origin": [-3, 12, -2.2], "size": [6, 2, 0.2], "uv": [42, 17]},
					{"origin": [-3, 12, 1], "size": [6, 6, 0.2], "uv": [29, 17]},
					{"origin": [-2, 17, -2.5], "size": [1, 1, 0.5], "uv": [0, 0]}
				]
			},
			{
				"name": "body2",
				"parent": "body",
				"pivot": [0, 18, -0.5],
				"cubes": [
					{"origin": [-3, 18, -2], "size": [6, 6, 3], "uv": [0, 26]},
					{"origin": [-2, 24, -2.2], "size": [1, 0.2, 3.4], "uv": [35, 19]},
					{"origin": [-2, 18, 1], "size": [4, 2, 0.2], "uv": [24, 47]},
					{"origin": [-2, 20, 1], "size": [1, 4, 0.2], "uv": [13, 35]},
					{"origin": [1, 20, 1], "size": [1, 4, 0.2], "uv": [43, 0]},
					{"origin": [-2, 18, -2.2], "size": [1, 6, 0.2], "uv": [17, 46]},
					{"origin": [1, 18, -2.2], "size": [1, 6, 0.2], "uv": [17, 48]},
					{"origin": [1, 24, -2.2], "size": [1, 0.2, 3.4], "uv": [34, 19]}
				]
			},
			{
				"name": "leftarm",
				"parent": "body2",
				"pivot": [4, 23, -0.5],
				"cubes": [
					{"origin": [3, 17, -2], "size": [2, 7, 3], "uv": [39, 39]}
				]
			},
			{
				"name": "leftarm2",
				"parent": "leftarm",
				"pivot": [4, 17.5, -0.5],
				"cubes": [
					{"origin": [3, 12, -2], "size": [2, 7, 3], "uv": [0, 15], "inflate": 0.001}
				]
			},
			{
				"name": "leftarm3",
				"parent": "leftarm2",
				"pivot": [4, 12, -0.5],
				"cubes": [
					{"origin": [3.5, 10, -2], "size": [1, 2, 3], "uv": [49, 39]}
				]
			},
			{
				"name": "leftarm4",
				"parent": "leftarm3",
				"pivot": [4, 10, 0.5],
				"cubes": [
					{"origin": [3.5, 8, 0], "size": [1, 2, 1], "uv": [20, 50]}
				]
			},
			{
				"name": "leftarm8",
				"parent": "leftarm4",
				"pivot": [4, 8.5, 0.5],
				"cubes": [
					{"origin": [3.5, 7, 0], "size": [1, 2, 1], "uv": [51, 23]}
				]
			},
			{
				"name": "leftarm5",
				"parent": "leftarm3",
				"pivot": [4, 10, -0.5],
				"cubes": [
					{"origin": [3.5, 8, -1], "size": [1, 2, 1], "uv": [49, 44]}
				]
			},
			{
				"name": "leftarm9",
				"parent": "leftarm5",
				"pivot": [4, 8.5, -0.5],
				"cubes": [
					{"origin": [3.5, 7, -1], "size": [1, 2, 1], "uv": [7, 42]}
				]
			},
			{
				"name": "leftarm6",
				"parent": "leftarm3",
				"pivot": [4, 10, -1.5],
				"cubes": [
					{"origin": [3.5, 8, -2], "size": [1, 2, 1], "uv": [49, 0]}
				]
			},
			{
				"name": "leftarm10",
				"parent": "leftarm6",
				"pivot": [4, 8.5, -1.5],
				"cubes": [
					{"origin": [3.5, 7, -2], "size": [1, 2, 1], "uv": [37, 28]}
				]
			},
			{
				"name": "leftarm7",
				"parent": "leftarm3",
				"pivot": [4, 11, -2],
				"cubes": [
					{"origin": [3.5, 9, -3], "size": [1, 2, 1], "uv": [46, 39]}
				]
			},
			{
				"name": "leftarm11",
				"parent": "leftarm7",
				"pivot": [4, 9.5, -2.5],
				"cubes": [
					{"origin": [3.5, 8, -3], "size": [1, 2, 1], "uv": [9, 35]}
				]
			},
			{
				"name": "rightarm",
				"parent": "body2",
				"pivot": [-4, 23, -0.5],
				"cubes": [
					{"origin": [-5, 17, -2], "size": [2, 7, 3], "uv": [42, 1]}
				]
			},
			{
				"name": "rightarm2",
				"parent": "rightarm",
				"pivot": [-4, 17.5, -0.5],
				"cubes": [
					{"origin": [-5, 12, -2], "size": [2, 7, 3], "uv": [0, 42], "inflate": 0.001}
				]
			},
			{
				"name": "rightarm3",
				"parent": "rightarm2",
				"pivot": [-4, 12, -0.5],
				"cubes": [
					{"origin": [-4.5, 10, -2], "size": [1, 2, 3], "uv": [40, 49]}
				]
			},
			{
				"name": "rightarm4",
				"parent": "rightarm3",
				"pivot": [-4, 10, 0.5],
				"cubes": [
					{"origin": [-4.5, 8, 0], "size": [1, 2, 1], "uv": [15, 26]}
				]
			},
			{
				"name": "rightarm5",
				"parent": "rightarm4",
				"pivot": [-4, 8.5, 0.5],
				"cubes": [
					{"origin": [-4.5, 7, 0], "size": [1, 2, 1], "uv": [48, 51]}
				]
			},
			{
				"name": "rightarm6",
				"parent": "rightarm3",
				"pivot": [-4, 10, -0.5],
				"cubes": [
					{"origin": [-4.5, 8, -1], "size": [1, 2, 1], "uv": [50, 32]}
				]
			},
			{
				"name": "rightarm7",
				"parent": "rightarm6",
				"pivot": [-4, 8.5, -0.5],
				"cubes": [
					{"origin": [-4.5, 7, -1], "size": [1, 2, 1], "uv": [28, 50]}
				]
			},
			{
				"name": "rightarm8",
				"parent": "rightarm3",
				"pivot": [-4, 10, -1.5],
				"cubes": [
					{"origin": [-4.5, 8, -2], "size": [1, 2, 1], "uv": [24, 50]}
				]
			},
			{
				"name": "rightarm9",
				"parent": "rightarm8",
				"pivot": [-4, 8.5, -1.5],
				"cubes": [
					{"origin": [-4.5, 7, -2], "size": [1, 2, 1], "uv": [34, 45]}
				]
			},
			{
				"name": "rightarm10",
				"parent": "rightarm3",
				"pivot": [-4, 11, -2],
				"cubes": [
					{"origin": [-4.5, 9, -3], "size": [1, 2, 1], "uv": [0, 35]}
				]
			},
			{
				"name": "rightarm11",
				"parent": "rightarm10",
				"pivot": [-4, 9.5, -2.5],
				"cubes": [
					{"origin": [-4.5, 8, -3], "size": [1, 2, 1], "uv": [24, 33]}
				]
			},
			{
				"name": "weapon",
				"parent": "rightarm3",
				"pivot": [-3.5, 9.5, -0.66667],
				"cubes": [
					{"origin": [-3, 10, -9], "size": [1, 1, 10], "uv": [0, 15]},
					{"origin": [-3, 7, -12], "size": [1, 4, 3], "uv": [26, 43]},
					{"origin": [-3, 11, -12], "size": [1, 2, 1], "uv": [30, 14]}
				]
			},
			{
				"name": "head",
				"parent": "body2",
				"pivot": [0, 24.25, -0.5],
				"cubes": [
					{"origin": [-1, 24, -2], "size": [2, 1, 3], "uv": [45, 28]},
					{"origin": [-4, 24, -3.5], "size": [8, 8, 7], "uv": [0, 0], "inflate": -1}
				]
			},
			{
				"name": "mask",
				"parent": "head",
				"pivot": [0, 27.35, 2.5],
				"cubes": [
					{"origin": [2, 27, -2.5], "size": [2, 2, 5], "uv": [36, 28], "inflate": -0.5},
					{"origin": [-4, 27, 1.5], "size": [8, 2, 2], "uv": [23, 0], "inflate": -0.5},
					{"origin": [-4, 27, -2.5], "size": [2, 2, 5], "uv": [0, 35], "inflate": -0.5},
					{"origin": [-4, 25, -3.5], "size": [8, 7, 2], "uv": [12, 15], "inflate": -0.5},
					{"origin": [-5, 27, -3.5], "size": [2, 5, 2], "uv": [18, 43], "inflate": -0.5},
					{"origin": [-4, 31, -3.5], "size": [2, 3, 2], "uv": [8, 50], "inflate": -0.5},
					{"origin": [-3, 31, -3.5], "size": [6, 2, 2], "uv": [37, 24], "inflate": -0.5},
					{"origin": [2, 31, -3.5], "size": [2, 3, 2], "uv": [32, 48], "inflate": -0.5},
					{"origin": [3, 27, -3.5], "size": [2, 5, 2], "uv": [10, 43], "inflate": -0.5},
					{"origin": [-3, 24, -3.5], "size": [6, 2, 2], "uv": [39, 35], "inflate": -0.5}
				]
			},
			{
				"name": "leftleg",
				"parent": "waist",
				"pivot": [1.5, 12, -0.5],
				"cubes": [
					{"origin": [0, 5, -2], "size": [3, 7, 3], "uv": [30, 4]}
				]
			},
			{
				"name": "leftleg2",
				"parent": "leftleg",
				"pivot": [1.5, 5.5, -0.5],
				"cubes": [
					{"origin": [0, 0, -2], "size": [3, 7, 3], "uv": [27, 33], "inflate": 0.001},
					{"origin": [0, 0, -4], "size": [3, 2, 2], "uv": [47, 47]}
				]
			},
			{
				"name": "rightleg",
				"parent": "waist",
				"pivot": [-1.5, 12, -0.5],
				"cubes": [
					{"origin": [-3, 5, -2], "size": [3, 7, 3], "uv": [32, 14]}
				]
			},
			{
				"name": "rightleg2",
				"parent": "rightleg",
				"pivot": [-1.5, 5.5, -0.5],
				"cubes": [
					{"origin": [-3, 0, -2], "size": [3, 7, 3], "uv": [15, 33], "inflate": 0.001},
					{"origin": [-3, 0, -4], "size": [3, 2, 2], "uv": [44, 19]}
				]
			}
		]
	}
}