{
  "format_version": "1.10.0",
  "minecraft:client_entity": {
    "description": {
      "identifier": "batim:bert",
      "materials": {
        "default": "spider"
      },
      "textures": {
        "default": "textures/entity/bert"
      },
      "geometry": {
        "default": "geometry.bert"
      },
      "animations": {
        "bert_general": "animation.bert.general",
        "tired": "animation.bert.tired",
		"targeting": "animation.bert.targeting",
		"brocking1": "animation.bert.brocking1",
		"destroying": "animation.bert.destroying",

        "general": "controller.animation.bert.general",
		"target": "controller.animation.bert.target",
		"brock1": "controller.animation.bert.brock1",
		"destroy": "controller.animation.bert.destroy",
        "tire": "controller.animation.bert.tire"
      },
      "scripts": {
        "animate": [
          "general", "tire", "target", "brock1", "destroy"
        ]
      },
	  "particle_effects": {
		  "spell": "batim:bert_broke"
	  },
      "render_controllers": [
        "controller.render.beast_bendy"
      ],
      "spawn_egg": {
	    "texture": "bert",
		"texture_index": 3
	  }
    }
  }
}