{
  "format_version": "1.8.0",
  "minecraft:entity": {
    "description": {
      "identifier": "entity:bendy",
      "is_spawnable": true,
      "is_summonable": true,
      "is_experimental": true
    },

    "component_groups": {
      "minecraft:roar": {
      
        "minecraft:on_target_acquired": {},
        "minecraft:behavior.summon_entity": {
          "priority": 0,
          "probability": 100.0,
          "summon_choices": [
            {
              "weight": 1,
              "cooldown_time": 100.0,
              "cast_duration": 1.2,
              "start_sound_event": "plop",
              "sequence": [
                {
                  "shape": "circle",
                  "target": "self",
                  "base_delay": 0.0,
                  "delay_per_summon": 0.0,
                  "num_entities_spawned": 0,
                  "entity_type": "",
                  "entity_lifespan": 10.0,
                  "size": 10.0,
                  "sound_event": ""
                }
              ]
            }
          ]
        }
      },
      "minecraft:bendy_adult": {
           "minecraft:on_target_acquired": {
          "event": "minecraft:become_angry",
          "target": "self"
        }
      },
      "minecraft:bendy_angry": {
            "minecraft:variant": {
          "value": 1
        },
        "minecraft:angry": {
    
          "duration": 120,
          "broadcastAnger": true,
          "broadcastRange": 20,
    
          "calm_event": {
            "event": "minecraft:on_calm",
            "target": "self"
          }
        },
           "minecraft:on_target_acquired": {
      
        }
      },
          "minecraft:bendy_closed": {
              "minecraft:variant": {
          "value": 0
        }
      },
      "minecraft:bendy_calm": {
              "minecraft:variant": {
          "value": 0
        },
        "minecraft:on_target_acquired": {
          "event": "minecraft:become_angry",
          "target": "self"
        }
      }
    },
    
    "components": {
      "minecraft:breathable": {
        "totalSupply": 15,
        "suffocateTime": -1,
        "breathesWater": false
      },
          "minecraft:behavior.nearest_attackable_target": {
          "priority": 1,
          "within_radius": 64,
             "attack_interval": 1,
          "entity_types": [
            {
              "filters": { "other_with_families": [ "player" ] },
              "max_dist": 64
            }
          ],
          "must_see": true
        },
        "minecraft:behavior.float": {
        "priority": 0
      },
      "minecraft:collision_box": {
        "width": 0.5,
        "height": 1.85
      },
      "minecraft:underwater_movement": {
        "value": 0.06
      },
      "minecraft:nameable": {
      },
      "minecraft:follow_range": {
        "value": 64,
        "max": 64
      },
        "minecraft:behavior.float": {
        "priority": 0
      },
      "minecraft:navigation.walk": {
        "is_amphibious": true,
        "can_pass_doors": true,
        "can_open_doors": true,
        "avoid_water": false,
        "avoid_portals": true
      },
      "minecraft:movement.basic": {
      },
      "minecraft:jump.static": {
      },
      "minecraft:can_climb": {
      },
  
      "minecraft:type_family": {
        "family": [ "bendy", "monster" ]
      },
      "minecraft:loot": {
        "table": "loot_tables/entities/noloot.json"
      },
      "minecraft:damage_sensor": [
       {
         "deals_damage": false
         }
       ],
     
      "minecraft:health": {
        "value": 150,
        "max": 150
      },
      "minecraft:movement": {
        "value": 0.25
      },
      "minecraft:attack": {
        "damage": 8
      },
      "minecraft:knockback_resistance": {
        "value": 2.0
      },
      "minecraft:behavior.break_door": {
        "priority": 1
      },
   
      "minecraft:behavior.melee_attack": {
        "priority": 3,
        "speed_multiplier": 1.25,
        "track_target": true
      },
     "minecraft:behavior.move_towards_restriction": {
        "priority": 5
      },
      "minecraft:behavior.random_stroll": {
        "priority": 7,
        "speed_multiplier": 1.0
      },
      "minecraft:behavior.look_at_player": {
        "priority": 8,
        "look_distance": 6.0,
        "probability": 0.02
      },
      "minecraft:behavior.random_look_around": {
        "priority": 9
      },
      "minecraft:behavior.hurt_by_target": {
        "priority": 1
      },
      "minecraft:physics": {
      }

    },


    "events": {
  
     "minecraft:entity_spawned": {
        "randomize": [
          {
            "weight": 95,
            "remove": {
            },
            "add": {
              "component_groups": [
                "minecraft:bendy_adult",
                "minecraft:bendy_calm"
                      
              ]
            }
          }
        ]
      },
      "minecraft:on_calm": {
        "remove": {
          "component_groups": [
            "minecraft:bendy_angry",
                  "minecraft:roar"  
   
          ]
        },
        "add": {
          "component_groups": [
            "minecraft:bendy_calm",
                "minecraft:bendy_closed"
          ]
        }
      },
      "minecraft:become_angry": {
        "remove": {
          "component_groups": [
            "minecraft:bendy_calm",
                "minecraft:bendy_closed"
          ]
        },
        "add": {
          "component_groups": [
            "minecraft:bendy_angry",
                  "minecraft:roar"  
        
               
   
          ]
        }
      }
    }
  }
}
