{
	"format_version": "1.10.0",
	"particle_effect": {
		"description": {
			"identifier": "batim:drip",
			"basic_render_parameters": {
				"material": "particles_alpha",
				"texture": "textures/particle/particles"
			}
		},
		"components": {
			"minecraft:emitter_rate_steady": {
				"spawn_rate": 1,
				"max_particles": 100
			},
			"minecraft:emitter_lifetime_expression": {
				"activation_expression": 10
			},
			"minecraft:emitter_shape_sphere": {
				"offset": [0, 0.1, 0],
				"radius": 0.1,
				"direction": "outwards"
			},
			"minecraft:particle_lifetime_expression": {
				"max_lifetime": 5
			},
			"minecraft:particle_initial_speed": 0,
			"minecraft:particle_motion_dynamic": {
				"linear_acceleration": [0, -19.6, 0],
				"linear_drag_coefficient": "variable.stuck_time = 2.0; return variable.particle_age < variable.stuck_time ? 277 : 0.01;"
			},
			"minecraft:particle_appearance_billboard": {
				"size": [0.2, 0.2],
				"facing_camera_mode": "lookat_xyz",
				"uv": {
					"texture_width": 128,
					"texture_height": 128,
					"uv": [8, 56],
					"uv_size": [8, 8]
				}
			},
			"minecraft:particle_appearance_tinting": {
				"color": [0.07451, 0.07451, 0.07451, 1]
			}
		}
	}
}