{
    "pools": [{
            "conditions": [{
                    "condition": "random_regional_difficulty_chance",
                    "max_chance": 0.05
                }
            ],
            "rolls": 1,
            "entries": [{
                    "type": "item",
                    "name": "batim:axe",
                    "weight": 1,
                    "functions": [{
                            "function": "set_count",
                            "count": {
                                "min": 0,
                                "max": 1
                            }
                        }
                    ]
                }, {
                    "type": "item",
                    "name": "batim:pipe",
                    "weight": 1,
                    "functions": [{
                            "function": "set_count",
                            "count": {
                                "min": 0,
                                "max": 1
                            }
                        }
                    ]
                }, {
                    "type": "item",
                    "name": "batim:reel",
                    "weight": 1,
                    "functions": [{
                            "function": "set_count",
                            "count": {
                                "min": 0,
                                "max": 1
                            }
                        }
                    ]
                }
            ]
        }
    ]
}