{
  "format_version": "1.10.0",
  "animation_controllers": {
    "controller.animation.alice_e.general": {
      "states": {
        "default": {
          "animations": [
            "alice_e_general"
          ]
        }
      }
    },
    "controller.animation.alice_e.move": {
      "states": {
        "default": {
          "animations": [
            {
              "moving": "query.modified_move_speed"
            }
          ]
        }
      }
    },
    "controller.animation.alice_e.sit": {
      "states": {
        "default": {            
          "transitions": [
            { "sitting": "query.is_sitting" }
          ]
        },
        "sitting": {
          "animations": [
            "sitting"
          ],
          "transitions": [
            { "default": "!query.is_sitting" }
          ]
        }
      }
    },
    "controller.animation.alice_e.attack": {
      "states": {
        "default": {
          "transitions": [
            {
              "attack": "variable.attack>0"
            }
          ],
          "blend_transition": 0.2
        },
        "attack": {
          "animations": [
            "attacking"
          ],
          "transitions": [
            {
              "default": "query.all_animations_finished"
            }
          ],
          "blend_transition": 0.2
        }
      }
    }
  }
}