{
    "format_version": "1.10.0",
    "animation_controllers": {
        "controller.animation.beast_bendy.general": {
            "states": {
                "default": {
                    "animations": [
                        "beast_bendy_general"
                    ],
					"particle_effects" : [
						{
							"effect" : "spell",
							"locator" : "part"
						}
					]
                }
            }
        },
        "controller.animation.beast_bendy.move": {
            "states": {
                "default": {
					"animations": [{
                            "moving": "query.ground_speed * 0.25"
                        }
                    ],
					"transitions": [{
                            "attack1": "variable.attack_time > 0 && variable.random == 0"
                        },
						{
							"cast": "query.is_casting"
						},
						{
                            "running": "query.ground_speed > 5"
                        }
                    ]
                },
                "attack1": {
                    "animations": [
                        "attack1"
                    ],
                    "transitions": [{
                            "default": "query.all_animations_finished"
                        }
                    ],
                    "blend_transition": 0.1
                },
				"cast": {
                    "animations": [
                        "casting"
                    ],
                    "transitions": [{
                            "default": "!query.is_casting"
                        }
                    ],
                    "blend_transition": 0.2
                },
				"running": {
                    "animations": [
                        "running"
                    ],
                    "transitions": [{
                            "default": "!query.ground_speed <= 5"
                        }
                    ],
                    "blend_transition": 0.2
                }
            }
        }
    }
}