{
    "format_version": "1.10.0",
    "animation_controllers": {
        "controller.animation.bendy.general": {
            "states": {
                "default": {
                    "animations": [
                        "bendy_general"
                    ],
					"particle_effects" : [
						{
							"effect" : "spell",
							"locator" : "part"
						},
						{
							"effect" : "driping",
							"locator" : "inky"
						},
						{
							"effect" : "driping",
							"locator" : "inky2"
						},
						{
							"effect" : "driping",
							"locator" : "inky3"
						}
					]
				}
            }
        },
        "controller.animation.bendy.move": {
            "states": {
                "default": {
                    "animations": [{
                            "moving": "query.ground_speed * 0.5"
                        }
                    ],
                    "transitions": [{
                            "seeing": "query.ground_speed > 6"
                        },
						{
							"cast": "query.is_casting"
						}
                    ],
                    "blend_transition": 0.3
                },
				"cast": {
                    "animations": [
                        "casting"
                    ],
                    "transitions": [{
                            "default": "!query.is_casting"
                        }
                    ],
                    "blend_transition": 0.2
                },
                "seeing": {
                    "animations": [
                        "seeing"
                    ],
                    "transitions": [{
                            "default": "!query.ground_speed"
                        }
                    ],
                    "blend_transition": 0.2
                }
            }
        }
    }
}