{
    "format_version": "1.10.0",
    "animation_controllers": {
        "controller.animation.bert_d.general": {
            "states": {
                "default": {
                    "animations": ["bert_d_general"
					],
					"particle_effects" : [
						{
							"effect" : "spell",
							"locator" : "broke"
						},
						{
							"effect" : "spell",
							"locator" : "broke2"
						},
						{
							"effect" : "spell",
							"locator" : "broke3"
						},
						{
							"effect" : "spell",
							"locator" : "broke4"
						},
						{
							"effect" : "spell",
							"locator" : "broke5"
						},
						{
							"effect" : "steam",
							"locator" : "smoke"
						},
						{
							"effect" : "steam",
							"locator" : "smoke2"
						},
						{
							"effect" : "steam",
							"locator" : "smoke3"
						},
						{
							"effect" : "steam",
							"locator" : "smoke4"
						}
					]
				}
			}
		}
	}
}