{
    "format_version": "1.10.0",
    "animation_controllers": {
		"controller.animation.bert_3.general": {
            "states": {
                "default": {
                    "animations": [
						"bert_3_general"
                    ],
					"transitions": [
						{
                            "tired": "query.is_stunned"
                        },
						{
							"targeting": "query.is_casting"
						},
						{
							"brocking3": "query.is_roaring"
						}
                    ],
					"blend_transition": 2
                },
				"tired": {
                    "animations": [
                        "tired"
                    ],
					"particle_effects" : [
						{
							"effect" : "spell",
							"locator" : "broke"
						},
						{
							"effect" : "spell",
							"locator" : "broke2"
						},
						{
							"effect" : "spell",
							"locator" : "broke3"
						}
					],
                    "transitions": [{
                            "default": "!query.is_stunned"
                        }
                    ],
					"particle_effects" : [
						{
							"effect" : "spell",
							"locator" : "broke"
						},
						{
							"effect" : "spell",
							"locator" : "broke2"
						},
						{
							"effect" : "spell",
							"locator" : "broke3"
						}
					],
                    "blend_transition": 5
                },
				"targeting": {
                    "animations": [
                        "targeting"
                    ],
                    "transitions": [{
                            "default": "!query.is_casting"
                        }
                    ],
					"particle_effects" : [
						{
							"effect" : "spell",
							"locator" : "broke"
						},
						{
							"effect" : "spell",
							"locator" : "broke2"
						},
						{
							"effect" : "spell",
							"locator" : "broke3"
						}
					],
					"particle_effects" : [
						{
							"effect" : "spell",
							"locator" : "broke"
						},
						{
							"effect" : "spell",
							"locator" : "broke2"
						},
						{
							"effect" : "spell",
							"locator" : "broke3"
						}
					],
                    "blend_transition": 10
                },
				"brocking3": {
                    "animations": [
                        "brocking3"
                    ],
					"particle_effects" : [
						{
							"effect" : "spell",
							"locator" : "broke"
						},
						{
							"effect" : "spell",
							"locator" : "broke2"
						},
						{
							"effect" : "spell",
							"locator" : "broke3"
						},
						{
							"effect" : "spell",
							"locator" : "broke4"
						}
					],
                    "transitions": [{
                            "default": "!query.is_roaring"
                        }
                    ],
					"particle_effects" : [
						{
							"effect" : "spell",
							"locator" : "broke"
						},
						{
							"effect" : "spell",
							"locator" : "broke2"
						},
						{
							"effect" : "spell",
							"locator" : "broke3"
						},
						{
							"effect" : "spell",
							"locator" : "broke4"
						}
					],
                    "blend_transition": 1
                }
            }
        },
		"controller.animation.bert.destroy": {
			"states": {
				"default": {
					"animations": [
						"destroying"
					],
					"particle_effects" : [
						{
							"effect" : "spell",
							"locator" : "broke"
						},
						{
							"effect" : "spell",
							"locator" : "broke2"
						},
						{
							"effect" : "spell",
							"locator" : "broke3"
						}
					]
				}
			}
		}
    }
}