{
    "format_version": "1.10.0",
    "animation_controllers": {
        "controller.animation.brute_boris.general": {
            "states": {
                "default": {
                    "animations": [
                        "brute_boris_general"
                    ],
					"transitions": [
						{
							"pouncing": "!query.is_on_ground"
						},
						{
							"stunned": "query.is_stunned"
						},
						{
							"throwing": "query.is_charged"
						}
                    ],
					"blend_transition": 0.5
                },
				"stunned": {
                    "animations": [
                        "stunned"
                    ],
                    "transitions": [{
                            "default": "!query.is_stunned"
                        }
                    ],
                    "blend_transition": 0.2
                },
				"throwing": {
                    "animations": [
                        "throwing"
                    ],
                    "transitions": [{
                            "default": "!query.is_charged"
                        }
                    ],
                    "blend_transition": 0.2
                },
				"pouncing": {
                    "animations": [
                        "pouncing"
                    ],
                    "transitions": [{
                            "default": "query.is_on_ground"
                        }
                    ],
                    "blend_transition": 0.000001
                }
            }
        },
        "controller.animation.brute_boris.move": {
            "states": {
                "default": {
					"animations": [{
                            "moving": "query.modified_move_speed"
                        }
                    ],
					"transitions": [{
                            "seeing": "query.ground_speed > 5"
                        },
						{
                            "attack1": "variable.attack_time > 0 && variable.random == 0 && query.ground_speed"
                        },
						{
                            "attack2": "variable.attack_time > 0 && variable.random == 1 && query.ground_speed"
                        },
						{
							"cast": "query.is_casting"
						},
						{
							"roaring": "query.is_roaring"
						},
						{
							"pouncing": "!query.is_on_ground"
						}
                    ]
                },
				"seeing": {
                    "animations": [
                        "seeing"
                    ],
                    "transitions": [{
                            "default": "!query.ground_speed <= 5"
                        }
                    ],
                    "blend_transition": 0.2
                },
                "attack1": {
                    "animations": [
                        "attack1"
                    ],
                    "transitions": [{
                            "default": "query.all_animations_finished"
                        }
                    ],
                    "blend_transition": 0.1
                },
				"attack2": {
                    "animations": [
                        "attack2"
                    ],
                    "transitions": [{
                            "default": "query.all_animations_finished"
                        }
                    ],
                    "blend_transition": 0.1
                },
				"cast": {
                    "animations": [
                        "casting"
                    ],
                    "transitions": [{
                            "default": "!query.is_casting"
                        }
                    ],
                    "blend_transition": 0.2
                },
				"roaring": {
                    "animations": [
                        "roaring"
                    ],
                    "transitions": [{
                            "default": "!query.is_roaring"
                        }
                    ],
                    "blend_transition": 0.2
                },
				"pouncing": {
                    "animations": [
                        "pouncing"
                    ],
                    "transitions": [{
                            "default": "query.is_on_ground"
                        }
                    ],
                    "blend_transition": 0.00001
                }
            }
        }
    }
}