{
    "format_version": "1.10.0",
    "animation_controllers": {
        "controller.animation.butcher_1.general": {
            "states": {
                "default": {
                    "animations": [
                        "butcher_1_general"
                    ]
                }
            }
        },
        "controller.animation.butcher_1.move": {
            "states": {
                "default": {
                    "animations": [{
                            "moving": "query.modified_move_speed"
                        }
                    ],
					"transitions": [{
                            "attack1": "variable.attack_time > 0 && variable.random == 0"
                        }, {
                            "attack2": "variable.attack_time > 0 && variable.random == 1"
                        }
                    ],
					"blend_transition": 0.1
                },
                "attack1": {
                    "animations": [
                        "attack1"
                    ],
                    "transitions": [{
                            "default": "query.all_animations_finished"
                        }
                    ],
                    "blend_transition": 0.1
                },
                "attack2": {
                    "animations": [
                        "attack2"
                    ],
                    "transitions": [{
                            "default": "query.all_animations_finished"
                        }
                    ],
                    "blend_transition": 0.1
                }
            }
        }
    }
}
