{
    "format_version": "1.10.0",
    "animation_controllers": {
        "controller.animation.hand.general": {
            "states": {
                "default": {
                    "animations": [
                        "hand_general"
                    ],
                    "transitions": [{
                            "attacking": "variable.attack>0"
                        }
                    ],
                    "blend_transition": 0.1
                },
                "attacking": {
                    "animations": [
                        "attacking"
                    ],
                    "transitions": [{
                            "default": "query.all_animations_finished"
                        }
                    ],
                    "blend_transition": 0.1
                }
            }
        }
    }
}