{
    "format_version": "1.10.0",
    "minecraft:entity": {
        "description": {
            "identifier": "batim:alice_e",
            "is_spawnable": true,
            "is_summonable": true,
            "is_experimental": false
        },
        "component_groups": {
			"minecraft:is_dead": {
                "minecraft:transformation": {
                    "into": "batim:alice_e_d"
                }
            }
		},
        "components": {
            "minecraft:nameable": {},

            // alice_e Components
            "minecraft:movement": {
                "value": 0.25
            },
            "minecraft:type_family": {
                "family": ["alice_e", "brute_boris"]
            },
            "minecraft:collision_box": {
                "width": 0.6,
                "height": 1.8
            },
			"minecraft:spell_effects": {
                    "add_effects": [{
                            "effect": "regeneration",
                            "amplifier": 1,
                            "visible": false,
                            "duration": 1000000
                        }
                    ]
                },
            "minecraft:hide": {},
            "minecraft:pushable": {
                "is_pushable": true,
                "is_pushable_by_piston": true
            },
            "minecraft:behavior.stay_while_sitting": {
                "priority": 3
            },
            "minecraft:behavior.open_door": {
                "priority": 5,
                "close_door_after": true
            },
            "minecraft:behavior.avoid_mob_type": {
                "priority": 2,
                "entity_types": [{
                        "filters": {
                            "any_of": [{
                                    "test": "is_family",
                                    "subject": "other",
                                    "value": "alice"
                                },
								{
                                    "test": "is_family",
                                    "subject": "other",
                                    "value": "tom"
                                }
                            ]
                        },
                        "walk_speed_multiplier": 1.2,
                        "sprint_speed_multiplier": 1.2
                    }
                ],
                "max_dist": 20
            },
			"minecraft:damage_sensor": [{
                    "on_damage": {
                        "filters": {
                            "all_of": [{
                                    "test": "has_damage",
                                    "value": "fatal"
                                }
                            ]
                        },
                        "event": "minecraft:event_spawn_dead"
                    }
                }
            ],
            "minecraft:behavior.nearest_attackable_target": {
                "priority": 1,
                "within_radius": 64,
                "entity_types": [{
                        "filters": {
                            "other_with_families": ["boris_1"]
                        },
                        "max_dist": 64
                    }
                ],
                "within_radius": 64,
                "must_see_forget_duration": 64.0,
                "must_see": false
            },
            "minecraft:movement.basic": {},
            "minecraft:navigation.walk": {
                "is_amphibious": true,
                "can_pass_doors": true,
                "can_open_doors": true,
                "can_walk": true
            },
            "minecraft:annotation.open_door": {},
            "minecraft:jump.static": {},
            "minecraft:can_climb": {},

            "minecraft:attack": {
                "damage": 20
            },
            "minecraft:behavior.float": {
                "priority": 0
            },
            "minecraft:health": {
                "value": 20,
                "max": 20
            },
            "minecraft:knockback_resistance": {
                "value": 5.0
            },
            "minecraft:behavior.melee_attack": {
                "priority": 4,
                "speed_multiplier": 1.2,
                "track_target": false
            },
            "minecraft:breathable": {
                "totalSupply": 15,
                "suffocateTime": 0,
                "breathesAir": true,
                "breathesWater": true
            },
            "minecraft:loot": {
                "table": "loot_tables/entities/alice_e.json"
            },

            // alice_e Behaviors
            "minecraft:behavior.move_towards_restriction": {
                "priority": 5,
                "speed_multiplier": 0.8
            },
            "minecraft:behavior.random_stroll": {
                "priority": 6,
                "speed_multiplier": 0.8
            },
            "minecraft:behavior.look_at_player": {
                "priority": 7,
                "look_distance": 6,
                "probability": 0.02
            },
            "minecraft:behavior.random_look_around": {
                "priority": 7
            },
            "minecraft:physics": {}
        },

        "events": {
			"minecraft:event_spawn_dead": {
                "add": {
                    "component_groups": ["minecraft:is_dead"]
                }
            }
		}
    }
}
