{
    "format_version": "1.10.0",
    "minecraft:entity": {
        "description": {
            "identifier": "batim:bendy",
            "is_spawnable": true,
            "is_summonable": true,
            "is_experimental": false,
			"scripts": {
                "animate": [
                    "bendyroar"
                ]
            },
            "animations": {
                "bendyroar": "controller.animation.bendy.roar"
			}
        },

        "component_groups": {
			"minecraft:is_dead": {
                "minecraft:transformation": {
                    "into": "batim:bendy_t"
                }
            },
            "minecraft:roar": {

                "minecraft:on_target_acquired": {},
                "minecraft:behavior.summon_entity": {
                    "priority": 0,
                    "probability": 100.0,
                    "summon_choices": [{
                            "weight": 1,
                            "cooldown_time": 100.0,
                            "cast_duration": 1.5,
                            "start_sound_event": "plp",
                            "sequence": [{
                                    "shape": "circle",
                                    "target": "self",
                                    "base_delay": 0.0,
                                    "delay_per_summon": 0.0,
                                    "num_entities_spawned": 0,
                                    "entity_type": "",
                                    "entity_lifespan": 10.0,
                                    "size": 10.0,
                                    "sound_event": ""
                                }
                            ]
                        }
                    ]
                }
            },
            "minecraft:bendy_adult": {
                "minecraft:on_target_acquired": {
                    "event": "minecraft:become_angry",
                    "target": "self"
                }
            },
            "minecraft:bendy_angry": {
                "minecraft:variant": {
                    "value": 1
                },
                "minecraft:angry": {

                    "duration": 100,
                    "broadcastAnger": false,
                    "broadcastRange": 2,

                    "calm_event": {
                        "event": "minecraft:on_calm",
                        "target": "self"
                    }
                },
                "minecraft:on_target_acquired": {}
            },
            "minecraft:bendy_closed": {
                "minecraft:variant": {
                    "value": 0
                }
            },
            "minecraft:bendy_calm": {
                "minecraft:variant": {
                    "value": 0
                },
				"minecraft:is_sheared": {},
                "minecraft:on_target_acquired": {
                    "event": "minecraft:become_angry",
                    "target": "self"
                }
            }
        },

        "components": {
            "minecraft:breathable": {
                "totalSupply": 15,
                "suffocateTime": -1,
                "breathesWater": false
            },
            "minecraft:behavior.nearest_attackable_target": {
                "priority": 1,
                "within_radius": 100,
                "entity_types": [{
                        "filters": {
                            "other_with_families": ["player", "animal", "pig", "monster", "projectionist", "villager", "irongolem"]
                        },
                        "max_dist": 100,
                        "sprint_speed_multiplier": 1.1
                    }
                ],
                "must_see": true,
                "must_see_forget_duration": 10
            },
            "minecraft:behavior.float": {
                "priority": 0
            },
            "minecraft:collision_box": {
                "width": 0.5,
                "height": 1.85
            },
            "minecraft:underwater_movement": {
                "value": 0.3
            },
            "minecraft:nameable": {},
            "minecraft:follow_range": {
                "value": 100,
                "max": 100
            },
            "minecraft:behavior.float": {
                "priority": 0
            },
            "minecraft:pushable": {
                "is_pushable": true,
                "is_pushable_by_piston": true
            },
            "minecraft:navigation.walk": {
                "is_amphibious": true,
                "can_pass_doors": true,
                "can_open_doors": true,
                "avoid_water": false,
                "avoid_portals": true
            },
            "minecraft:movement.basic": {},
            "minecraft:jump.static": {},
            "minecraft:can_climb": {},

            "minecraft:type_family": {
                "family": ["bendy"]
            },
            "minecraft:loot": {
                "table": "loot_tables/entities/noloot.json"
            },
            "minecraft:health": {
                "value": 1000,
                "max": 1000
            },
			"minecraft:damage_sensor": [{
                    "on_damage": {
                        "filters": {
                            "all_of": [{
                                    "test": "has_damage",
                                    "value": "fatal"
                                }
                            ]
                        },
                        "event": "minecraft:event_spawn_dead"
                    }
                }
            ],
            "minecraft:movement": {
                "value": 0.05
            },
            "minecraft:attack": {
                "damage": 15,
                "effect_name": "blindness",
                "effect_duration": 10
            },
            "minecraft:knockback_resistance": {
                "value": 5.0
            },
            "minecraft:behavior.break_door": {
                "priority": 1
            },

            "minecraft:behavior.melee_attack": {
                "priority": 1,
                "speed_multiplier": 8,
                "track_target": false
            },
            "minecraft:behavior.move_towards_restriction": {
                "priority": 2
            },
            "minecraft:behavior.move_towards_restriction": {
                "priority": 2,
                "speed_multiplier": 5
            },
            "minecraft:behavior.random_stroll": {
                "priority": 3,
                "speed_multiplier": 3
            },
            "minecraft:behavior.look_at_player": {
                "priority": 8,
                "look_distance": 6.0,
                "probability": 0.02
            },
            "minecraft:behavior.random_look_around": {
                "priority": 9
            },
            "minecraft:behavior.hurt_by_target": {
                "priority": 1
            },
            "minecraft:physics": {}

        },

        "events": {

            "minecraft:entity_spawned": {
                "randomize": [{
                        "weight": 95,
                        "remove": {},
                        "add": {
                            "component_groups": [
                                "minecraft:bendy_adult",
                                "minecraft:bendy_calm"

                            ]
                        }
                    }
                ]
            },
			"minecraft:entity_transformed": {
                "randomize": [{
                        "weight": 95,
                        "remove": {},
                        "add": {
                            "component_groups": [
                                "minecraft:bendy_adult",
                                "minecraft:bendy_calm"

                            ]
                        }
                    }
                ]
            },
            "minecraft:on_calm": {
                "remove": {
                    "component_groups": [
                        "minecraft:bendy_angry",
                        "minecraft:roar"

                    ]
                },
                "add": {
                    "component_groups": [
                        "minecraft:bendy_calm",
                        "minecraft:bendy_closed"
                    ]
                }
            },
            "minecraft:become_angry": {
                "remove": {
                    "component_groups": [
                        "minecraft:bendy_calm",
                        "minecraft:bendy_closed"
                    ]
                },
                "add": {
                    "component_groups": [
                        "minecraft:bendy_angry",
                        "minecraft:roar"
                    ]
                }
            },
			"minecraft:event_spawn_dead": {
                "add": {
                    "component_groups": ["minecraft:is_dead"]
                }
            }
        }
    }
}
