{
    "format_version": "1.10.0",
    "minecraft:entity": {
        "description": {
            "identifier": "batim:bendy_toon",
            "is_spawnable": false,
            "is_summonable": true,
            "is_experimental": true
        },

        "component_groups": {
			"minecraft:is_dead": {
                "minecraft:transformation": {
                    "into": "batim:bendy"
                }
            }
        },

        "components": {
            "minecraft:breathable": {
                "totalSupply": 15,
                "suffocateTime": -1,
                "breathesWater": false
            },
            "minecraft:behavior.float": {
                "priority": 0
            },
            "minecraft:collision_box": {
                "width": 0.5,
                "height": 1.85
            },
            "minecraft:underwater_movement": {
                "value": 1
            },
            "minecraft:nameable": {},
            "minecraft:follow_range": {
                "value": 100,
                "max": 100
            },
            "minecraft:behavior.float": {
                "priority": 0
            },
            "minecraft:pushable": {
                "is_pushable": true,
                "is_pushable_by_piston": true
            },
            "minecraft:navigation.walk": {
                "is_amphibious": true,
                "can_pass_doors": true,
                "can_open_doors": true,
                "avoid_water": false,
                "avoid_portals": true
            },
            "minecraft:movement.basic": {},
            "minecraft:jump.static": {},
            "minecraft:can_climb": {},

            "minecraft:type_family": {
                "family": ["bendy"]
            },
            "minecraft:loot": {
                "table": "loot_tables/entities/noloot.json"
            },
            "minecraft:health": {
                "value": 20,
                "max": 20
            },
			"minecraft:damage_sensor": [{
                    "on_damage": {
                        "filters": {
                            "all_of": [{
                                    "test": "has_damage",
                                    "value": "fatal"
                                }
                            ]
                        },
                        "event": "minecraft:event_spawn_dead"
                    }
                }
            ],
            "minecraft:movement": {
                "value": 0.05
            },
            "minecraft:behavior.break_door": {
                "priority": 1
            },
            "minecraft:behavior.move_towards_restriction": {
                "priority": 2
            },
            "minecraft:behavior.move_towards_restriction": {
                "priority": 2,
                "speed_multiplier": 5
            },
            "minecraft:behavior.random_stroll": {
                "priority": 3,
                "speed_multiplier": 3
            },
            "minecraft:behavior.look_at_player": {
                "priority": 8,
                "look_distance": 6.0,
                "probability": 0.02
            },
            "minecraft:behavior.random_look_around": {
                "priority": 9
            },
            "minecraft:physics": {}

        },

        "events": {
			"minecraft:event_spawn_dead": {
                "add": {
                    "component_groups": ["minecraft:is_dead"]
                }
            }
        }
    }
}
