{
  "format_version": "1.10.0",
  "minecraft:entity": {
    "description": {
      "identifier": "batim:lost",
      "is_spawnable": true,
      "is_summonable": true,
      "is_experimental": false
    },
    "component_groups": {
      "minecraft:can_have_equipment": {
        "minecraft:equipment": {
          "table": "loot_tables/equipment/lost_equipment.json"
        }
      }
    },
    "components": {
      "minecraft:nameable": {
      },

      // lost Components
      "minecraft:movement": {
          "value": 0.30
        },
      "minecraft:type_family": {
        "family": [ "lost", "monster" ]
      },
      "minecraft:collision_box": {
        "width": 0.6,
        "height": 1.8
      },
      "minecraft:movement.basic": {
      },
      "minecraft:navigation.walk": {
        "is_amphibious": true,
        "can_pass_doors": true,
        "can_break_doors": true,
        "can_walk": true
      },
      "minecraft:annotation.break_door": {
      },
      "minecraft:jump.static": {
      },
      "minecraft:can_climb": {
      },
      "minecraft:attack": {
        "damage": 3
      },
      "minecraft:pushable": {
        "is_pushable": true,
        "is_pushable_by_piston": true
      },
      "minecraft:behavior.float": {
        "priority": 0
      },
      
      "minecraft:health": {
        "value": 30,
        "max": 30
      },
      "minecraft:behavior.delayed_attack": {
          "priority": 4,
          "attack_duration": 0.48,
          "speed_multiplier": 1,
          "hit_delay_pct": 0.4833,
          "track_target": true,
          "sound_event": ""
        },
      "minecraft:breathable": {
        "totalSupply": 15,
        "suffocateTime": 0,
        "breathesAir": true,
        "breathesWater": true
      },
      "minecraft:loot": {
        "table": "loot_tables/entities/lost.json"
      },

      // lost Behaviors
      "minecraft:behavior.move_towards_restriction": {
        "priority": 5,
        "speed_multiplier": 1
      },
      "minecraft:behavior.random_stroll": {
        "priority": 6,
        "speed_multiplier": 1
      },
      "minecraft:behavior.look_at_player": {
        "priority": 7,
        "look_distance": 6,
        "probability": 0.02
      },
      "minecraft:behavior.random_look_around": {
        "priority": 7
      },
      "minecraft:behavior.hurt_by_target": {
        "priority": 1
      },
      "minecraft:behavior.nearest_attackable_target": {
        "priority": 2,
        "within_radius": 25,
        "reselect_targets": true,
        "entity_types": [
          {
            "filters": {
              "any_of": [
                { "test": "is_family", "subject": "other", "value": "player" },
                { "test": "is_family", "subject": "other", "value": "alice" },
                { "test": "is_family", "subject": "other", "value": "tom" }
              ]
            },
            "max_dist": 35
          },
          {
            "filters": {
              "any_of": [
                { "test": "is_family", "subject": "other", "value": "null" },
                { "test": "is_family", "subject": "other", "value": "null" }
              ]
            },
            "max_dist": 35,
            "must_see": true
          },
          {
            "filters": {
              "all_of": [
                { "test": "is_family", "subject": "other", "value": "baby_turtle" },
                { "test": "in_water", "subject": "other", "operator": "!=", "value": true }
              ]
            },
            "max_dist": 35
          }
        ],
        "must_see": true
      },
      "minecraft:physics": {
      }
    },

    "events": {
      "minecraft:entity_spawned": {
        "randomize": [
          {
            "weight": 380,
            "remove": {},
            "add": {
              "component_groups": [
                "minecraft:can_have_equipment"
              ]
            }
          }
        ]
      }
    }
  }
}