{
	"format_version": "1.8.0",
	"animations": {
		"animation.beast_bendy_t.trans": {
			"animation_length": 10000,
			"bones": {
				"body": {
					"rotation": {
						"0.0": [0, 0, 0],
						"9.9167": [0, 0, 0]
					},
					"position": {
						"0.0": [0, -47, 0],
						"4.8833": [0, -17, 0],
						"9.9167": [0, 0, 0]
					}
				},
				"body2": {
					"rotation": {
						"0.0": [0, 0, 0],
						"7.4833": [30, 0, 0],
						"9.9167": [0, 0, 0]
					}
				},
				"body3": {
					"rotation": [0, 0, 0]
				},
				"neck": {
					"rotation": [0, 0, 0]
				},
				"head": {
					"rotation": {
						"0.0": [0, 0, 0],
						"3.0333": [-35, 0, 0],
						"6.0": [0, 0, 0],
						"7.4833": [55, 0, 0],
						"9.0": [55, 0, 0],
						"9.9167": [5, 0, 0]
					}
				},
				"jaw1": {
					"rotation": [0, 0, 0]
				},
				"leftarm": {
					"rotation": {
						"0.0": [0, 0, 0],
						"2.5167": [-175, 0, 50],
						"4.8833": [-110, -25, 0],
						"9.9167": [-15, 0, 0]
					}
				},
				"leftarm2": {
					"rotation": {
						"0.0": [0, 0, 0],
						"3.0333": [80, 0, 0],
						"4.0": [71.52, 0, 0],
						"4.8833": [35, 0, 0],
						"6.4833": [-7.78, 0, 0],
						"7.7333": [-24.81, 0, 0],
						"7.7667": [-15, 0, 0],
						"9.9167": [50, 0, 0]
					}
				},
				"leftarm3": {
					"rotation": {
						"0.0": [0, 0, 0],
						"4.0": [-79.59, 0, 0],
						"4.8833": [-30, 0, 0],
						"7.7333": [-69.79, 0, 0],
						"8.7167": [-144.38, 0, 0],
						"9.3667": [-166.18, 0, 0],
						"9.7167": [-123.75, 0, 0],
						"9.9167": [25, 0, 0]
					}
				},
				"leftarm4": {
					"rotation": {
						"0.0": [0, 0, 0],
						"2.5167": [0, 0, 0],
						"3.0333": [-40, 0, 0]
					}
				},
				"leftarm8": {
					"rotation": {
						"0.0": [0, 0, 0],
						"2.5167": [-50, 0, 0]
					}
				},
				"leftarm5": {
					"rotation": {
						"0.0": [0, 0, 0],
						"2.5167": [0, 0, 0],
						"3.0333": [-50, 0, 0]
					}
				},
				"leftarm9": {
					"rotation": {
						"0.0": [0, 0, 0],
						"2.5167": [-40, 0, 0]
					}
				},
				"leftarm6": {
					"rotation": {
						"0.0": [0, 0, 0],
						"3.0333": [-55, 0, 0]
					}
				},
				"leftarm10": {
					"rotation": {
						"0.0": [0, 0, 0],
						"2.5167": [-45, 0, 0]
					}
				},
				"leftarm7": {
					"rotation": {
						"0.0": [0, 0, 0],
						"2.5167": [0, -55, 0]
					}
				},
				"leftarm11": {
					"rotation": {
						"0.0": [0, 0, 0],
						"2.5167": [0, 0, 55]
					}
				},
				"leftarm15": {
					"rotation": [0, 0, -25]
				},
				"rightarm": {
					"rotation": {
						"0.0": [0, 0, 0],
						"2.5167": [-180, 0, -50],
						"4.8833": [-115, 25, 0],
						"9.9167": [-5, 0, 0]
					}
				},
				"rightarm2": {
					"rotation": {
						"0.0": [0, 0, 0],
						"3.0333": [65, 0, 30],
						"4.0": [76.74, 0, 14.35],
						"4.8833": [30, 0, 0],
						"6.4833": [-9.17, 0, 0],
						"7.7333": [-27.15, 0, 0],
						"7.7667": [-22.5, 0, 0],
						"9.9167": [20, 0, 0]
					}
				},
				"rightarm3": {
					"rotation": {
						"0.0": [0, 0, 0],
						"4.0": [-86.89, 0, 0],
						"4.8833": [-45, 0, 0],
						"7.7333": [-88.41, 0, 0],
						"8.7167": [-130.54, 0, 0],
						"9.3667": [-145.59, 0, 0],
						"9.7167": [-115, 0, 0],
						"9.9167": [15, 0, 0]
					}
				},
				"rightarm4": {
					"rotation": {
						"0.0": [0, 0, 0],
						"2.5167": [0, 0, 0],
						"3.0333": [-15, 0, 0]
					}
				},
				"rightarm5": {
					"rotation": {
						"0.0": [0, 0, 0],
						"2.5167": [-70, 0, 0]
					}
				},
				"rightarm7": {
					"rotation": {
						"0.0": [0, 0, 0],
						"2.5167": [0, 0, 0],
						"3.0333": [-20, 0, 0]
					}
				},
				"rightarm8": {
					"rotation": {
						"0.0": [0, 0, 0],
						"2.5167": [-75, 0, 0]
					}
				},
				"rightarm10": {
					"rotation": {
						"0.0": [0, 0, 0],
						"2.5167": [0, 0, 0],
						"3.0333": [-25, 0, 0],
						"3.7167": [-25, 0, 0]
					}
				},
				"rightarm11": {
					"rotation": {
						"0.0": [0, 0, 0],
						"0.5167": [-55, 0, 0]
					}
				},
				"rightarm13": {
					"rotation": {
						"0.0": [0, 0, 0],
						"0.5167": [0, 55, 0],
						"1.0333": [0, 55, 10]
					}
				},
				"rightarm14": {
					"rotation": {
						"0.0": [0, 0, 0],
						"0.5167": [0, 0, -65]
					}
				},
				"leftleg": {
					"rotation": [0, 0, 0]
				},
				"leftleg2": {
					"rotation": [0, 0, 0]
				},
				"rightleg": {
					"rotation": [0, 0, 0]
				},
				"rightleg2": {
					"rotation": [0, 0, 0]
				},
				"rightleg3": {
					"rotation": [0, 0, 0]
				}
			}
		}
	}
}