{
	"format_version": "1.8.0",
	"animations": {
		"animation.spider.default_leg_pose": {
			"loop": true,
			"bones": {
				"leg0": {
					"rotation": [0, 45, -45]
				},
				"leg1": {
					"rotation": [0, -45, 45]
				},
				"leg2": {
					"rotation": [0, 22.5, -33.3]
				},
				"leg3": {
					"rotation": [0, -22.5, 33.3]
				},
				"leg4": {
					"rotation": [0, -22.5, -33.3]
				},
				"leg5": {
					"rotation": [0, 22.5, 33.3]
				},
				"leg6": {
					"rotation": [0, 0, 0]
				},
				"leg7": {
					"rotation": [0, 0, 0]
				}
			}
		},
		"animation.spider.look_at_target": {
			"loop": true,
			"bones": {
				"head": {
					"rotation": ["query.target_x_rotation", "query.target_y_rotation", 0]
				},
				"leg6": {
					"rotation": [0, 0, 0]
				}
			}
		},
		"animation.spider.walk": {
			"loop": true,
			"anim_time_update": "query.walk_position",
			"bones": {
				"leg0": {
					"rotation": [0, "-Math.abs(Math.cos(global.anim_time * 76.34 + 90 * 0) * 22.92)", "Math.abs(Math.sin(global.anim_time * 38.17 + 90 * 0) * 22.92)"]
				},
				"leg1": {
					"rotation": [0, "Math.abs(Math.cos(global.anim_time * 76.34 + 90 * 0) * 22.92)", "-Math.abs(Math.sin(global.anim_time * 38.17 + 90 * 0) * 22.92)"]
				},
				"leg2": {
					"rotation": [0, "-Math.abs(Math.cos(global.anim_time * 76.34 + 90 * 1) * 22.92)", "Math.abs(Math.sin(global.anim_time * 38.17 + 90 * 1) * 22.92)"]
				},
				"leg3": {
					"rotation": [0, "Math.abs(Math.cos(global.anim_time * 76.34 + 90 * 1) * 22.92)", "-Math.abs(Math.sin(global.anim_time * 38.17 + 90 * 1) * 22.92)"]
				},
				"leg4": {
					"rotation": [0, "-Math.abs(Math.cos(global.anim_time * 76.34 + 90 * 2) * 22.92)", "Math.abs(Math.sin(global.anim_time * 38.17 + 90 * 2) * 22.92)"]
				},
				"leg5": {
					"rotation": [0, "Math.abs(Math.cos(global.anim_time * 76.34 + 90 * 2) * 22.92)", "-Math.abs(Math.sin(global.anim_time * 38.17 + 90 * 2) * 22.92)"]
				},
				"leg6": {
					"rotation": [0, "-Math.abs(Math.cos(global.anim_time * 76.34 + 90 * 3) * 90.92)", "Math.abs(Math.sin(global.anim_time * 38.17 + 90 * 3) * 45.92)"]
				},
				"leg7": {
					"rotation": [0, "Math.abs(Math.cos(global.anim_time * 76.34 + 90 * 3) * 90.92)", "-Math.abs(Math.sin(global.anim_time * 38.17 + 90 * 3) * 45.92)"]
				}
			}
		}
	}
}