{
  "minecraft:entity": {
    "format_version": "1.2.0",

    "components": {
      "minecraft:identifier": {
        "id": "minecraft:skeleton"
      },
      "minecraft:breathable": {
        "totalSupply": 15,
        "suffocateTime": 0
      },
      
      "minecraft:behavior.avoid_mob_type": {
        "priority": 2,
        "entity_types":[
          {
            "filters": { "test" :  "is_family", "subject" : "other", "value" :  "skeleton"},
            "max_dist": 16,
            "walk_speed_multiplier": 1.25,
            "sprint_speed_multiplier": 1.25
          }
        ]
      },
      
      "minecraft:health": {
        "value": 80,
        "max": 80
      },
      "minecraft:collision_box": {
        "width": 0.6,
        "height": 1.95
      },
      "minecraft:attack": {
        "damage": 3
        
			},
      
      "minecraft:knockback_resistance": {
        "value": 2.0
      },
      
      "minecraft:movement": {
        "value": 0.25
      },
      "minecraft:navigation.walk": {
        "can_float": true
      },
      "minecraft:movement.basic": {
      },
      "minecraft:jump.static": {
      },
      "minecraft:can_climb": {
      },
      "minecraft:scale": {
        "value": 1
      },
      "minecraft:fire_immune": true,
      "minecraft:behavior.float": {
        "priority": 0
      },
      "minecraft:behavior.hurt_by_target": {
        "priority": 1
      },
      "minecraft:behavior.nearest_attackable_target": {
        "priority": 2,
        "entity_types": [
          {
            "filters": { "test" :  "is_family", "subject" : "other", "value" :  "player"},
            "max_dist": 64
          }
        ],
        "must_see": true
      },
      "minecraft:behavior.melee_attack": {
        "priority": 4,
        "target_dist": 1.2,
        "speed_multiplier": 1.25,
        "track_target": true
      },
      "minecraft:behavior.random_stroll": {
        "priority": 9,
        "speed_multiplier": 1.25
      },
      "minecraft:behavior.look_at_player": {
        "priority": 6,
        "look_distance": 32
      },
      "minecraft:behavior.random_look_around": {
        "priority": 6
      },
      "minecraft:type_family": {
        "family": [ "wither", "monster", "undead", "skeleton" ]
      },
	    "minecraft:physics": {
      }
    },

    "events": {
      "minecraft:entity_spawned": {

      }
    }
  }
}