{
    "format_version": "1.10.0",
    "animation_controllers": {
        "controller.animation.beast_bendy.chase": {
            "states": {
                "default": {
                    "transitions": [{
                            "sound": "query.is_sheared"
                        }
                    ],
                    "on_entry": [
                        "/stopsound @a mob.beast_bendy.chase",
                        "/stopsound @a mob.brute_boris.spawn",
                        "/stopsound @a mob.bendy.roar",
                        "/playsound mob.beast_bendy.chase @a"
                    ]
                },
                "beast_bendychase": {
                    "transitions": [{
                            "default": "!query.is_sheared"
                        }
                    ],
                    "on_entry": [
                        "/stopsound @a mob.beast_bendy.chase",
                        "/stopsound @a mob.brute_boris.spawn",
                        "/stopsound @a mob.bendy.roar"
                    ]
                }
            }
        },
        "controller.animation.immortal": {
            "states": {
                "default": {
                    "transitions": [{
                            "immortal": "(1.0)"
                        }
                    ],
                    "on_entry": [
                        "/effect @e[type=batim:beast_bendy] resistance 10 255 true"
                    ]
                },
                "immortal": {
                    "transitions": [{
                            "default": "(1.0)"
                        }
                    ],
                    "on_entry": [
                        "/effect @e[type=batim:beast_bendy] resistance 10 255 true"
                    ]
                }
            }
        },
		"controller.animation.beast_bendy.dead": {
            "states": {
                "default": {
                    "transitions": [{
                            "sound": "query.is_sheared"
                        }
                    ],
                    "on_entry": [
                        "/stopsound @a mob.beast_bendy.chase",
                        "/stopsound @a mob.brute_boris.spawn",
                        "/stopsound @a mob.bendy.roar",
                        "/playsound mob.beast_bendy.death @a"
                    ]
                },
                "beast_bendydead": {
                    "transitions": [{
                            "default": "!query.is_sheared"
                        }
                    ],
                    "on_entry": [
                        "/stopsound @a mob.beast_bendy.chase",
                        "/stopsound @a mob.brute_boris.spawn",
                        "/stopsound @a mob.bendy.roar",
						"/playsound mob.beast_bendy.death @a"
                    ]
                }
            }
        }
    }
}