{
    "format_version": "1.10.0",
    "animation_controllers": {
        "controller.animation.brute_boris.spawn": {
            "states": {
                "default": {
                    "transitions": [{
                            "sound": "query.is_sheared"
                        }
                    ],
                    "on_entry": [
						"/stopsound @a mob.brute_boris.spawn",
						"/stopsound @a mob.beast_bendy.chase",
						"/stopsound @a mob.bendy.roar",
                        "/playsound mob.brute_boris.spawn @a"
                    ]
                },
                "brute_borisspawn": {
                    "transitions": [{
                            "default": "!query.is_sheared"
                        }
                    ],
                    "on_entry": [
                        "/stopsound @a mob.brute_boris.spawn",
						"/stopsound @a mob.beast_bendy.chase",
						"/stopsound @a mob.bendy.roar"
                    ]
                }
            }
        }
    }
}
