{
	"geometry.dragon_head": {
		"texturewidth": 320,
		"textureheight": 320,
		"bones": [
			{
				"name": "head",
				"pivot": [5, 20, -5],
				"cubes": [
					{"origin": [-8, 16, -10], "size": [16, 16, 16], "uv": [0, 0]},
					{"origin": [4, 32, -10], "size": [4, 6, 16], "uv": [64, 0]},
					{"origin": [-8, 32, -10], "size": [4, 6, 16], "uv": [104, 0]},
					{"origin": [-8, 16, 6], "size": [16, 9, 8], "uv": [144, 0]},
					{"origin": [-7, 17, -14], "size": [3, 14, 4], "uv": [192, 0]},
					{"origin": [-8, 25, 6], "size": [4, 9, 6], "uv": [206, 52]},
					{"origin": [4, 17, -14], "size": [3, 14, 4], "uv": [226, 0]},
					{"origin": [-4, 27, -14], "size": [8, 4, 4], "uv": [240, 0]},
					{"origin": [-4, 17, -14], "size": [8, 4, 4], "uv": [264, 0]},
					{"origin": [4, 24, 6], "size": [4, 10, 6], "uv": [206, 0]}
				]
			},
			{
				"name": "jaw",
				"pivot": [0, 20, 0]
			}
		]
		
    },
	"geometry.mob_head": {
		"texturewidth": 64,
		"textureheight": 32,
		"visible_bounds_width": 2,
		"visible_bounds_height": 3,
		"visible_bounds_offset": [0, 1.5, 0],
		"bones": [
			{
				"name": "head",
				"pivot": [0, 23, 0],
				"cubes": [
					{"origin": [12, 23, -7], "size": [2, 7, 2], "uv": [0, 0]},
					{"origin": [-16, 23, -7], "size": [2, 7, 2], "uv": [0, 0]},
					{"origin": [12, 23, 5], "size": [2, 7, 2], "uv": [0, 0]},
					{"origin": [-16, 23, 5], "size": [2, 7, 2], "uv": [0, 0]},
					{"origin": [-16, 30, -7], "size": [2, 7, 2], "uv": [0, 0]},
					{"origin": [-16, 37, -7], "size": [2, 7, 2], "uv": [0, 0]},
					{"origin": [-16, 44, -7], "size": [2, 7, 2], "uv": [0, 0]},
					{"origin": [-16, 51, -7], "size": [2, 7, 2], "uv": [0, 0]},
					{"origin": [-16, 58, -7], "size": [2, 7, 2], "uv": [0, 0]},
					{"origin": [-16, 65, -7], "size": [2, 7, 2], "uv": [0, 0]},
					{"origin": [12, 30, -7], "size": [2, 7, 2], "uv": [0, 0]},
					{"origin": [12, 36, -7], "size": [2, 7, 2], "uv": [0, 0]},
					{"origin": [12, 43, -7], "size": [2, 7, 2], "uv": [0, 0]},
					{"origin": [12, 49, -7], "size": [2, 7, 2], "uv": [0, 0]},
					{"origin": [12, 56, -7], "size": [2, 7, 2], "uv": [0, 0]},
					{"origin": [12, 63, -7], "size": [2, 7, 2], "uv": [0, 0]},
					{"origin": [12, 30, 5], "size": [2, 7, 2], "uv": [0, 0]},
					{"origin": [12, 37, 5], "size": [2, 7, 2], "uv": [0, 0]},
					{"origin": [12, 44, 5], "size": [2, 7, 2], "uv": [0, 0]},
					{"origin": [12, 51, 5], "size": [2, 7, 2], "uv": [0, 0]},
					{"origin": [12, 58, 5], "size": [2, 7, 2], "uv": [0, 0]},
					{"origin": [12, 65, 5], "size": [2, 7, 2], "uv": [0, 0]},
					{"origin": [-16, 30, 5], "size": [2, 7, 2], "uv": [0, 0]},
					{"origin": [-16, 37, 5], "size": [2, 7, 2], "uv": [0, 0]},
					{"origin": [-16, 44, 5], "size": [2, 7, 2], "uv": [0, 0]},
					{"origin": [-16, 51, 5], "size": [2, 7, 2], "uv": [0, 0]},
					{"origin": [-16, 58, 5], "size": [2, 7, 2], "uv": [0, 0]},
					{"origin": [-16, 65, 5], "size": [2, 7, 2], "uv": [0, 0]},
					{"origin": [-16, 35, -7], "size": [15, 2, 14], "uv": [0, 16]},
					{"origin": [-1, 35, -7], "size": [15, 2, 14], "uv": [0, 16]},
					{"origin": [-16, 50, -7], "size": [15, 2, 14], "uv": [0, 16]},
					{"origin": [-1, 50, -7], "size": [15, 2, 14], "uv": [0, 16]},
					{"origin": [-16, 60, -7], "size": [15, 2, 14], "uv": [0, 16]},
					{"origin": [-1, 60, -7], "size": [15, 2, 14], "uv": [0, 16]},
					{"origin": [-1, 70, -7], "size": [15, 2, 14], "uv": [0, 16]},
					{"origin": [-16, 70, -7], "size": [15, 2, 14], "uv": [0, 16]}
				]
			}
		]
	},
	"geometry.zombie": {
		"texturewidth": 80,
		"textureheight": 80,
		"visible_bounds_width": 1,
		"visible_bounds_height": 2,
		"visible_bounds_offset": [0, 1, 0],
		"bones": [
			{
				"name": "body",
				"pivot": [0, 20, 0],
				"cubes": [
					{"origin": [-4, 10, -2], "size": [8, 10, 4], "uv": [32, 0]},
					{"origin": [-3, 10, -3], "size": [6, 4, 1], "uv": [0, 47]},
					{"origin": [-3, 10, 2], "size": [6, 4, 1], "uv": [24, 35]}
				]
			},
			{
				"name": "head",
				"pivot": [0, 20, 0],
				"cubes": [
					{"origin": [-4, 20, -4], "size": [8, 6, 8], "uv": [0, 0]},
					{"origin": [4, 20, -2], "size": [1, 2, 4], "uv": [26, 47]},
					{"origin": [-5, 20, -2], "size": [1, 2, 4], "uv": [0, 58]},
					{"origin": [-4, 26, -4], "size": [4, 1, 8], "uv": [24, 14]},
					{"origin": [0, 26, -4], "size": [4, 1, 8], "uv": [0, 14]},
					{"origin": [1, 27, -4], "size": [2, 1, 8], "uv": [0, 23]},
					{"origin": [-3, 27, -4], "size": [2, 1, 8], "uv": [48, 14]},
					{"origin": [-1, 27, -4], "size": [2, 1, 2], "uv": [26, 58]},
					{"origin": [-1, 27, 2], "size": [2, 1, 2], "uv": [26, 61]},
					{"origin": [4, 20, -4], "size": [1, 2, 1], "uv": [22, 64]},
					{"origin": [-5, 20, -5], "size": [10, 2, 1], "uv": [0, 32]},
					{"origin": [-5, 20, -4], "size": [1, 2, 1], "uv": [18, 64]}
				]
			},
			{
				"name": "rightArm",
				"pivot": [-5, 19, 0],
				"cubes": [
					{"origin": [-6, 10, -1], "size": [2, 10, 2], "uv": [0, 35]},
					{"origin": [-6, 10, 3], "size": [2, 10, 2], "uv": [22, 23]}
				]
			},
			{
				"name": "leftArm",
				"pivot": [5, 19, 0],
				"mirror": true,
				"cubes": [
					{"origin": [4, 10, 0], "size": [2, 10, 1], "uv": [14, 47]},
					{"origin": [4, 10, 2], "size": [2, 10, 1], "uv": [20, 47]},
					{"origin": [5, 8, 0], "size": [1, 2, 1], "uv": [34, 64]},
					{"origin": [5, 8, 2], "size": [1, 2, 1], "uv": [30, 64]},
					{"origin": [4, 8, 1], "size": [1, 2, 1], "uv": [26, 64]},
					{"origin": [4, 10, 1], "size": [2, 1, 1], "uv": [34, 58]},
					{"origin": [4, 12, 1], "size": [2, 1, 1], "uv": [0, 64]},
					{"origin": [4, 14, 1], "size": [2, 1, 1], "uv": [6, 64]},
					{"origin": [4, 16, 1], "size": [2, 1, 1], "uv": [12, 64]}
				]
			},
			{
				"name": "rightLeg",
				"pivot": [-2, 10, 0],
				"cubes": [
					{"origin": [-3, 0, -1], "size": [2, 10, 2], "uv": [8, 35]},
					{"origin": [-3, 0, -3], "size": [2, 2, 2], "uv": [10, 58]}
				]
			},
			{
				"name": "leftLeg",
				"pivot": [2, 10, 0],
				"mirror": true,
				"cubes": [
					{"origin": [1, 0, -1], "size": [2, 10, 2], "uv": [16, 35]},
					{"origin": [1, 0, -3], "size": [2, 2, 2], "uv": [18, 58]}
				]
			}
		]
	},
	"geometry.pig.v1.8": {
		"texturewidth": 64,
		"textureheight": 64,
		"visible_bounds_width": 1,
		"visible_bounds_height": 2,
		"visible_bounds_offset": [0, 1, 0],
		"bones": [
			{
				"name": "body",
				"pivot": [0, 13, 2],
				"rotation": [90, 0, 0],
				"reset": true,
				"cubes": [
					{"origin": [-5, 9, 1], "size": [10, 7, 5], "uv": [0, 0]},
					{"origin": [-3, 9, -11], "size": [6, 3, 5], "uv": [24, 12]},
					{"origin": [-4, 8, -6], "size": [8, 5, 7], "uv": [30, 0]}
				]
			},
			{
				"name": "head",
				"pivot": [0, 17, 2],
				"reset": true,
				"cubes": [
					{"origin": [-3, 16, -4], "size": [6, 6, 6], "uv": [0, 12]}
				]
			},
			{
				"name": "leg2",
				"pivot": [-5, 15, 2],
				"reset": true,
				"cubes": [
					{"origin": [-8, 9, 1], "size": [3, 8, 3], "uv": [0, 24]},
					{"origin": [-8, 9, -2], "size": [3, 3, 3], "uv": [24, 24]}
				]
			},
			{
				"name": "leg3",
				"pivot": [5, 15, 2],
				"reset": true,
				"cubes": [
					{"origin": [5, 9, 1], "size": [3, 8, 3], "uv": [12, 24]},
					{"origin": [5, 9, -2], "size": [3, 3, 3], "uv": [0, 35]}
				]
			}
		]
	},
	"geometry.creeper": {
		"texturewidth": 48,
		"textureheight": 48,
		"visible_bounds_width": 1,
		"visible_bounds_height": 2,
		"visible_bounds_offset": [0, 1, 0],
		"bones": [
			{
				"name": "body",
				"pivot": [0, 0, 0],
				"cubes": [
					{"origin": [-4, 12, 0], "size": [8, 12, 1], "uv": [0, 0]},
					{"origin": [-4, 0, 0], "size": [4, 12, 1], "uv": [0, 13]},
					{"origin": [0, 0, 0], "size": [4, 12, 1], "uv": [10, 13]},
					{"origin": [4, 12, 0], "size": [4, 12, 1], "uv": [0, 26]},
					{"origin": [-8, 12, 0], "size": [4, 12, 1], "uv": [10, 26]},
					{"origin": [-4, 24, 0], "size": [8, 8, 1], "uv": [18, 0]}
				]
			}
		]
	},
	"geometry.zombie.villager.v1.8": {
		"texturewidth": 80,
		"textureheight": 80,
		"visible_bounds_width": 2,
		"visible_bounds_height": 2,
		"visible_bounds_offset": [0, 1, 0],
		"bones": [
			{
				"name": "head",
				"pivot": [0, 20, 0],
				"reset": true,
				"cubes": [
					{"origin": [-1, 20, -1], "size": [1, 10, 1], "uv": [0, 51]},
					{"origin": [-4, 17, -14], "size": [8, 1, 1], "uv": [8, 39]},
					{"origin": [-0.5, 30, -10], "size": [0.5, 1, 9.5], "uv": [1, 14]},
					{"origin": [-0.5, 20, -10], "size": [0.5, 10, 0.5], "uv": [26, 39]},
					{"origin": [-3, 15, -13], "size": [6, 6, 6], "uv": [0, 0]},
					{"origin": [-4, 14, -14], "size": [8, 1, 1], "uv": [10, 26]},
					{"origin": [-4, 15, -14], "size": [1, 2, 1], "uv": [8, 62]},
					{"origin": [3, 15, -14], "size": [1, 2, 1], "uv": [12, 62]},
					{"origin": [-2, 15, -14], "size": [1, 2, 1], "uv": [16, 62]},
					{"origin": [1, 15, -14], "size": [1, 2, 1], "uv": [20, 62]},
					{"origin": [-1, 18, -15], "size": [2, 1, 2], "uv": [0, 62]}
				]
			},
			{
				"name": "body",
				"pivot": [0, 20, 0],
				"reset": true,
				"material": "alpha",
				"cubes": [
					{"origin": [-4, 10, -2], "size": [7, 10, 3], "uv": [24, 0]},
					{"origin": [-4, 10, -3], "size": [7, 6, 1], "uv": [32, 13]},
					{"origin": [-3, 15, 1], "size": [5, 5, 1], "uv": [8, 41]}
				]
			},
			{
				"name": "waist",
				"pivot": [0, 10, 0]
			},
			{
				"name": "rightArm",
				"pivot": [-6, 18, 0],
				"reset": true,
				"cubes": [
					{"origin": [-7, 10, -2], "size": [2, 10, 3], "uv": [22, 13]},
					{"origin": [-5, 17, -2], "size": [1, 3, 3], "uv": [12, 51]}
				]
			},
			{
				"name": "rightItem",
				"parent": "rightArm",
				"pivot": [-6, 15, 1]
			},
			{
				"name": "leftArm",
				"pivot": [5, 18, 0],
				"reset": true,
				"mirror": true,
				"cubes": [
					{"origin": [4, 10, -2], "size": [2, 10, 3], "uv": [0, 26]},
					{"origin": [3, 17, -2], "size": [1, 3, 3], "uv": [4, 51]}
				]
			},
			{
				"name": "rightLeg",
				"pivot": [-2, 10, 0],
				"reset": true,
				"cubes": [
					{"origin": [-3, 0, -1], "size": [2, 10, 2], "uv": [28, 26]},
					{"origin": [-3, 0, -3], "size": [2, 2, 2], "uv": [20, 51]}
				]
			},
			{
				"name": "leftLeg",
				"pivot": [1, 10, 0],
				"reset": true,
				"mirror": true,
				"cubes": [
					{"origin": [0, 0, -1], "size": [2, 10, 2], "uv": [0, 39]},
					{"origin": [0, 0, -3], "size": [2, 2, 2], "uv": [12, 57]}
				]
			}
		]
	},
	"geometry.cow.v1.8": {
		"texturewidth": 64,
		"textureheight": 32,
		"visible_bounds_width": 1,
		"visible_bounds_height": 1,
		"visible_bounds_offset": [0, 0.5, 0],
		"bones": [
			{
				"name": "body",
				"pivot": [0, 5, 2],
				"rotation": [90, 0, 0],
				"reset": true,
				"cubes": [
					{"origin": [-4, 4, -2], "size": [5, 1, 7], "uv": [18, 4]},
					{"origin": [-4, 10, -2], "size": [5, 1, 7], "uv": [18, 4]},
					{"origin": [1, 5, -2], "size": [1, 5, 7], "uv": [21, 19]},
					{"origin": [-5, 5, -2], "size": [1, 5, 7], "uv": [21, 19]},
					{"origin": [-5, 4, 5], "size": [7, 7, 1], "uv": [46, 24]},
					{"origin": [-5, 4, -3], "size": [7, 7, 1], "uv": [46, 24]}
				]
			},
			{
				"name": "head",
				"pivot": [0, 20, -8],
				"reset": true
			},
			{
				"name": "leg0",
				"pivot": [-4, 12, 7]
			},
			{
				"name": "leg1",
				"pivot": [4, 12, 7]
			},
			{
				"name": "leg2",
				"pivot": [-4, 12, -6]
			},
			{
				"name": "leg3",
				"pivot": [4, 12, -6]
			}
		]
	},
	"geometry.skeleton.wither.v1.8": {
		"texturewidth": 64,
		"textureheight": 64,
		"visible_bounds_width": 1,
		"visible_bounds_height": 2,
		"visible_bounds_offset": [0, 1, 0],
		"bones": [
			{
				"name": "body",
				"pivot": [0, 24, 0],
				"cubes": [
					{"origin": [-4, 19, -3], "size": [8, 5, 6], "uv": [28, 16]},
					{"origin": [-3, 13, -2], "size": [6, 6, 4], "uv": [14, 35]},
					{"origin": [-4, 0, -3], "size": [8, 13, 6], "uv": [0, 16]},
					{"origin": [-4, 19, -4], "size": [8, 4, 1], "uv": [0, 51]}
				]
			},
			{
				"name": "rightArm",
				"pivot": [-5, 22, 0],
				"reset": true,
				"cubes": [
					{"origin": [-7, 12, -2], "size": [3, 12, 4], "uv": [34, 35]}
				]
			},
			{
				"name": "leftArm",
				"pivot": [5, 22, 0],
				"reset": true,
				"mirror": true,
				"cubes": [
					{"origin": [4, 12, -2], "size": [3, 12, 4], "uv": [0, 35]}
				]
			},
			{
				"name": "head",
				"pivot": [0, 24, 0],
				"cubes": [
					{"origin": [4, 25, -4], "size": [1, 2, 1], "uv": [30, 51]},
					{"origin": [-4, 24, -4], "size": [8, 8, 8], "uv": [0, 0]},
					{"origin": [4, 28, -4], "size": [1, 2, 1], "uv": [30, 54]},
					{"origin": [4, 31, -1], "size": [1, 4, 2], "uv": [24, 51]},
					{"origin": [-5, 30, -1], "size": [1, 5, 2], "uv": [18, 51]},
					{"origin": [-4, 24, -4], "size": [8, 8, 8], "uv": [32, 0], "inflate": 0.5}
				]
			}
		]
	},
	"geometry.player_head": {
		"texturewidth": 64,
		"textureheight": 64,
		"bones": [
			{
				"name": "head",
				"pivot": [0, 24, 0],
				"cubes": [
					{"origin": [-6, 33, -5], "size": [11, 2, 11], "uv": [0, 0]},
					{"origin": [3, 26, -5], "size": [2, 7, 2], "uv": [0, 0]},
					{"origin": [-6, 26, -5], "size": [2, 7, 2], "uv": [0, 0]},
					{"origin": [3, 26, 4], "size": [2, 19, 2], "uv": [0, 0]},
					{"origin": [-4, 33, 4], "size": [7, 10, 2], "uv": [0, 0]},
					{"origin": [-6, 26, 4], "size": [2, 19, 2], "uv": [0, 0]}
				]
			}
		]
	},
	"geometry.armor_stand": {
		"texturewidth": 64,
		"textureheight": 64,
		"bones": [
			{
				"name": "head",
				"pivot": [0, 24, 0],
				"cubes": [
					{"origin": [-4, 24, -4], "size": [8, 8, 8], "uv": [32, 0], "inflate": 0.25},
					{"origin": [-4, 24, -4], "size": [8, 8, 8], "uv": [0, 0]}
				]
			},
			{
				"name": "body",
				"pivot": [0, 24, 0],
				"cubes": [
					{"origin": [-4, 12, -2], "size": [8, 12, 4], "uv": [16, 16]},
					{"origin": [-4, 12, -2], "size": [8, 12, 4], "uv": [16, 32], "inflate": 0.25}
				]
			},
			{
				"name": "rightArm",
				"pivot": [-5, 22, 0],
				"cubes": [
					{"origin": [-8, 12, -2], "size": [4, 12, 4], "uv": [40, 16]},
					{"origin": [-8, 12, -2], "size": [4, 12, 4], "uv": [40, 32], "inflate": 0.25}
				]
			},
			{
				"name": "leftArm",
				"pivot": [5, 22, 0],
				"cubes": [
					{"origin": [4, 12, -2], "size": [4, 12, 4], "uv": [32, 48]},
					{"origin": [4, 12, -2], "size": [4, 12, 4], "uv": [48, 48], "inflate": 0.25}
				]
			},
			{
				"name": "rightLeg",
				"pivot": [-1.9, 12, 0],
				"cubes": [
					{"origin": [-3.9, 0, -2], "size": [4, 12, 4], "uv": [0, 16]},
					{"origin": [-3.9, 0, -2], "size": [4, 12, 4], "uv": [0, 32], "inflate": 0.25}
				]
			},
			{
				"name": "leftLeg",
				"pivot": [1.9, 12, 0],
				"cubes": [
					{"origin": [-0.1, 0, -2], "size": [4, 12, 4], "uv": [16, 48]},
					{"origin": [-0.1, 0, -2], "size": [4, 12, 4], "uv": [0, 48], "inflate": 0.25}
				]
			},
			{
				"name": "basePlate",
				"cubes": [
					{"origin": [0, 0, 0], "size": [0, 0, 0], "uv": [0, 0]}
				]
			}
		]
	},
	"geometry.sheep.v1.8": {
		"texturewidth": 144,
		"textureheight": 144,
		"visible_bounds_width": 1,
		"visible_bounds_height": 4,
		"visible_bounds_offset": [0, 2, 0],
		"bones": [
			{
				"name": "body",
				"pivot": [0, 9, 0],
				"rotation": [90, 0, 0],
				"cubes": [
					{"origin": [-1, 8, -5], "size": [2, 2, 64], "uv": [0, 0]},
					{"origin": [1, 8, -5], "size": [3, 2, 2], "uv": [10, 66]},
					{"origin": [-4, 8, -5], "size": [3, 2, 2], "uv": [0, 66]},
					{"origin": [-1, 10, -5], "size": [2, 3, 2], "uv": [24, 70]},
					{"origin": [-1, 4, -7], "size": [2, 3, 2], "uv": [32, 70]},
					{"origin": [-1, 11, -7], "size": [2, 3, 2], "uv": [0, 75]},
					{"origin": [2, 8, -7], "size": [3, 2, 2], "uv": [20, 66]},
					{"origin": [-5, 8, -7], "size": [3, 2, 2], "uv": [30, 66]},
					{"origin": [-6, 8, -9], "size": [3, 2, 2], "uv": [40, 66]},
					{"origin": [3, 8, -9], "size": [3, 2, 2], "uv": [50, 66]},
					{"origin": [-1, 3, -9], "size": [2, 3, 2], "uv": [40, 70]},
					{"origin": [-1, 12, -9], "size": [2, 3, 2], "uv": [0, 70]},
					{"origin": [-1, 5, -5], "size": [2, 3, 2], "uv": [16, 70]}
				]
			}
		]
	},
	"geometry.skeleton.stray": {
		"texturewidth": 64,
		"textureheight": 32,
		"visible_bounds_width": 1,
		"visible_bounds_height": 2,
		"visible_bounds_offset": [0, 1, 0],
		"bones": [
			{
				"name": "body",
				"pivot": [0, 24, 0],
				"cubes": [
					{"origin": [-4, 12, -2], "size": [8, 12, 4], "uv": [16, 16]}
				]
			},
			{
				"name": "rightArm",
				"pivot": [-5, 22, 0],
				"reset": true,
				"cubes": [
					{"origin": [-7, 12, -2], "size": [3, 12, 4], "uv": [40, 16]}
				]
			},
			{
				"name": "leftArm",
				"pivot": [5, 22, 0],
				"reset": true,
				"mirror": true,
				"cubes": [
					{"origin": [4, 12, -2], "size": [3, 12, 4], "uv": [40, 16]}
				]
			},
			{
				"name": "rightLeg",
				"pivot": [-2, 12, 0],
				"reset": true,
				"cubes": [
					{"origin": [-4, 0, -2], "size": [4, 12, 4], "uv": [0, 16]}
				]
			},
			{
				"name": "leftLeg",
				"pivot": [2, 12, 0],
				"reset": true,
				"mirror": true,
				"cubes": [
					{"origin": [0, 0, -2], "size": [4, 12, 4], "uv": [0, 16]}
				]
			},
			{
				"name": "head",
				"pivot": [0, 24, 0],
				"cubes": [
					{"origin": [-4, 24, -4], "size": [8, 8, 8], "uv": [32, 0]}
				]
			}
		]
	}
}