{
  "format_version": "1.10.0",
  "minecraft:client_entity": {
    "description": {
      "identifier": "batim:lost",
      "materials": {
        "default": "spider"
      },
      "textures": {
        "default": "textures/entity/ink_monster/lost"
      },
      "geometry": {
        "default": "geometry.lost"
      },
      "animations": {
        "moving": "animation.lost.moving",
        "lost_general": "animation.lost.general",
		"attack1": "animation.lost.attack1",
        "attack2": "animation.lost.attack2",

        "move": "controller.animation.lost.move",
        "general": "controller.animation.lost.general",
        "attack": "controller.animation.lost.attack"
      },
      "scripts": {
        "animate": [
          "move", "general", "attack"
        ],
        "pre_animation": [
          "variable.random = math.round(math.random(0,1));"
        ]
      },
      "render_controllers": [
        "controller.render.skeleton"
      ],
      "spawn_egg": {
	    "texture": "lost",
		"texture_index": 4
	  }
    }
  }
}