{
  "format_version": "1.10.0",
  "minecraft:client_entity": {
    "description": {
      "identifier": "batim:sammy",
      "materials": {
        "default": "npc"
      },
      "textures": {
        "default": "textures/entity/sammy"
      },
      "geometry": {
        "default": "geometry.sammy"
      },
      "animations": {
        "moving": "animation.sammy.moving",
        "sammy_general": "animation.sammy.general",
		"attack1": "animation.sammy.attack1",
        "attack2": "animation.sammy.attack2",
		"attack3": "animation.sammy.attack3",

        "move": "controller.animation.sammy.move",
        "general": "controller.animation.sammy.general",
        "attack": "controller.animation.sammy.attack"
      },
      "scripts": {
        "animate": [
          "move", "general", "attack"
        ],
        "pre_animation": [
          "variable.random = math.round(math.random(0,2));"
        ]
      },
      "render_controllers": [
        "controller.render.skeleton"
      ],
      "spawn_egg": {
	    "texture": "sammy",
		"texture_index": 4
	  }
    }
  }
}