{
  "format_version": "1.10.0",
  "minecraft:client_entity": {
    "description": {
      "identifier": "batim:searcher",
      "materials": {
        "default": "npc"
      },
      "textures": {
        "default": "textures/entity/ink_monster/searcher"
      },
      "geometry": {
        "default": "geometry.searcher"
      },
      "animations": {
        "moving": "animation.searcher.moving",
        "searcher_general": "animation.searcher.general",
        "attack1": "animation.searcher.attack1",
        "attack2": "animation.searcher.attack2",

        "move": "controller.animation.searcher.move",
        "general": "controller.animation.searcher.general",
        "attack": "controller.animation.searcher.attack"
      },
      "scripts": {
        "animate": [
          "move", "general", "attack"
        ],
        "pre_animation": [
          "variable.random = math.round(math.random(0,1));"
        ]
      },
      "render_controllers": [
        "controller.render.skeleton"
      ],
      "spawn_egg": {
        "base_color": "#000000",
        "overlay_color": "#121212"
      }
    }
  }
}