{
    "format_version": "1.10.0",
    "minecraft:client_entity": {
        "description": {
            "identifier": "batim:beast_bendy_t",
            "materials": {
                "default": "spider"
            },
            "textures": {
                "default": "textures/entity/bendy/beast_bendy"
            },
            "geometry": {
                "default": "geometry.beast_bendy"
            },
            "animations": {
                "beast_bendy_t_trans": "animation.beast_bendy_t.trans",

                "trans": "controller.animation.beast_bendy_t.trans"
            },
            "scripts": {
                "animate": [
                    "trans"
                ]
            },
            "render_controllers": [
                "controller.render.spider"
            ]
		}
	}
}