{
  "mob.bendy.idle": {
    "category": "hostile",
    "sounds": [
      "sounds/mob/bendy/idle1",
      "sounds/mob/bendy/idle2"
   
    ]
  },
  "big.step": {
    "category": "neutral",
	"max_distance": 100.0,
    "sounds": [
      "sounds/mob/bendy/step1"
   
    ]
  },
  "mob.bendy.hurt": {
    "category": "hostile",
    "sounds": [
      "sounds/mob/bendy/hurt1"
      
    ]
  },
  "mob.bendy.death": {
    "category": "hostile",
    "min_distance": 512.0,
    "sounds": [
      {
        "name": "sounds/mob/bendy/death",
        "volume": 0.75
      
      }
    ]
  },
  "mob.bendy.roar": {
    "category": "hostile",
    "min_distance": 512.0,
    "sounds": [
      {
        "name": "sounds/mob/bendy/roar",
        "volume": 0.75
      
      }
    ]
  },
  "mob.beast_bendy.death": {
    "category": "hostile",
    "min_distance": 512.0,
    "sounds": [
      {
        "name": "sounds/mob/beast_bendy/death",
        "volume": 0.75
      
      }
    ]
  },
  "mob.beast_bendy.chase": {
    "category": "hostile",
    "min_distance": 512.0,
    "sounds": [
      {
        "name": "sounds/mob/beast_bendy/chase",
        "volume": 0.75
      
      }
    ]
  },
  "mob.beast_bendy.hurt": {
    "category": "hostile",
    "sounds": [
      "sounds/mob/beast_bendy/hurt1",
	  "sounds/mob/beast_bendy/hurt2"

    ]
  },
  "mob.beast_bendy.idle": {
    "category": "hostile",
    "sounds": [
      "sounds/mob/beast_bendy/idle1",
	  "sounds/mob/beast_bendy/idle2"

    ]
  },
  "mob.beast_bendy.roar": {
    "category": "hostile",
    "min_distance": 512.0,
    "sounds": [
      {
        "name": "sounds/mob/beast_bendy/roar",
        "volume": 0.75
      
      }
    ]
  },
  "mob.brute_boris.roar": {
    "category": "hostile",
    "min_distance": 512.0,
    "sounds": [
      {
        "name": "sounds/mob/brute_boris/roar1",
        "volume": 0.75
      
      },
	  {
        "name": "sounds/mob/brute_boris/roar2",
        "volume": 0.75
      
      }
    ]
  },
  "mob.brute_boris.spawn": {
    "category": "hostile",
    "min_distance": 512.0,
    "sounds": [
      {
        "name": "sounds/mob/brute_boris/spawn",
        "volume": 0.75
      }
    ]
  },
  "mob.brute_boris.hurt": {
    "category": "hostile",
    "sounds": [
      "sounds/mob/brute_boris/hurt1",
	  "sounds/mob/brute_boris/hurt2"

    ]
  },
  "mob.brute_boris.death": {
    "category": "hostile",
    "sounds": [
      "sounds/mob/brute_boris/death"

    ]
  },
  "mob.bert.fight": {
    "category": "hostile",
    "min_distance": 512.0,
    "sounds": [
      {
        "name": "sounds/mob/bert/fight",
        "volume": 0.75
      
      }
    ]
  },
  "mob.bert.slam": {
    "category": "hostile",
    "min_distance": 200.0,
    "sounds": [
      {
        "name": "sounds/mob/bert/slam",
        "volume": 0.75
      
      }
    ]
  },
  "mob.bert.broke": {
    "category": "hostile",
    "min_distance": 200.0,
    "sounds": [
      {
        "name": "sounds/mob/bert/broke",
        "volume": 0.75
      }
    ]
  },
  "mob.bert.hurt": {
    "category": "hostile",
    "min_distance": 200.0,
    "sounds": [
      {
        "name": "sounds/mob/bert/hurt",
        "volume": 0.75
      }
    ]
  },
  "mob.bert.idle": {
    "category": "hostile",
    "min_distance": 200.0,
    "sounds": [
      {
        "name": "sounds/mob/bert/idle",
        "volume": 0.75
      }
    ]
  },
  "mob.bert.fight": {
    "category": "hostile",
    "min_distance": 512.0,
    "sounds": [
      {
        "name": "sounds/mob/bert/fight",
        "volume": 0.75
      
      }
    ]
  },
  "mob.bert.final": {
    "category": "hostile",
    "min_distance": 512.0,
    "sounds": [
      {
        "name": "sounds/mob/bert/final",
        "volume": 0.75
      
      }
    ]
  },
  "boris.step": {
    "category": "hostile",
    "sounds": [
      "sounds/mob/brute_boris/step1",
	  "sounds/mob/brute_boris/step2",
	  "sounds/mob/brute_boris/step3"

    ]
  },
  "mob.brute_boris.attack": {
    "category": "hostile",
    "sounds": [
      "sounds/mob/brute_boris/attack1",
	  "sounds/mob/brute_boris/attack2"

    ]
  },
  "mob.butcher.idle": {
    "category": "hostile",
    "sounds": [
      "sounds/mob/butcher/idle1",
      "sounds/mob/butcher/idle2",
      "sounds/mob/butcher/idle3",
      "sounds/mob/butcher/idle4"
      
    ]
  },
  "mob.butcher.hurt": {
    "category": "hostile",
    "sounds": [
      "sounds/mob/butcher/hurt",
      "sounds/mob/butcher/hurt",
      "sounds/mob/butcher/hurt3"
      
    ]
  },
  "mob.butcher.death": {
    "category": "hostile",
    "sounds": [
      "sounds/mob/butcher/death1",
      "sounds/mob/butcher/death2"
      
    ]
  },
  "mob.projectionist.idle": {
    "category": "hostile",
    "sounds": [
      "sounds/mob/projectionist/scream",
	  "sounds/mob/projectionist/idle"
      
    ]
  },
  "mob.projectionist.hurt": {
    "category": "hostile",
    "sounds": [
      "sounds/mob/searcher/hurt1",
      "sounds/mob/searcher/hurt2"
      
    ]
  },
  "mob.projectionist.death": {
    "category": "hostile",
    "sounds": [
      "sounds/mob/projectionist/death"
      
    ]
  },
  "mob.projectionist.chase": {
    "category": "hostile",
    "min_distance": 512.0,
    "sounds": [
      {
        "name": "sounds/mob/projectionist/chase",
        "volume": 0.75
      
      }
    ]
  },
  "mob.lost.hurt": {
    "category": "hostile",
    "sounds": [
      "sounds/mob/searcher/hurt1",
      "sounds/mob/searcher/hurt2"
      
    ]
  },
  "mob.lost.death": {
    "category": "hostile",
    "sounds": [
      "sounds/mob/searcher/death"
      
    ]
  },
  "mob.sammy.idle": {
    "category": "hostile",
	"min_distance": 10.0,
    "sounds": [
      "sounds/mob/sammy/idle1",
      "sounds/mob/sammy/idle2",
      "sounds/mob/sammy/idle3",
      "sounds/mob/sammy/idle4",
      "sounds/mob/sammy/idle5"
      
    ]
  },
  "mob.sammy.death": {
    "category": "hostile",
	"min_distance": 10.0,
    "sounds": [
      "sounds/mob/sammy/death"
    ]
  },
  "mob.alice.idle": {
    "category": "hostile",
    "sounds": [
      "sounds/mob/alice/idle1",
      "sounds/mob/alice/idle2",
      "sounds/mob/alice/idle3"
      
    ]
  },
  "mob.searcher.death": {
    "category": "hostile",
    "sounds": [
      "sounds/mob/searcher/death"
      
    ]
  },
  "mob.searcher.hurt": {
    "category": "hostile",
    "sounds": [
      "sounds/mob/searcher/hurt1",
      "sounds/mob/searcher/hurt2"
      
    ]
  },
  "mob.searcher.idle": {
    "category": "hostile",
    "sounds": [
      "sounds/mob/searcher/say1",
      "sounds/mob/searcher/say2"
      
    ]
  }
}