{
	"format_version": "1.8.0",
	"animations": {
		"animation.beast_bendy.general": {
			"loop": true,
			"bones": {
				"body": {
					"position": [0, "0+Math.sin(query.life_time * 180.0) *1", 0]
				},
				"body2": {
					"rotation": ["0+Math.sin(query.life_time * 180.0) *5", 0, 0]
				},
				"body3": {
					"rotation": ["0+Math.sin(query.life_time * 180.0) *-3", 0, 0]
				},
				"neck": {
					"rotation": [0, 0, 0]
				},
				"head": {
					"rotation": ["0+Math.sin(query.life_time * 180.0) *10", 0, 0]
				},
				"jaw1": {
					"rotation": ["10+Math.sin(query.life_time * 180.0) *-15", 0, 0]
				},
				"leftarm": {
					"rotation": ["0+Math.sin(query.life_time * 180.0) * -4.5", "0+Math.sin(query.life_time * 180.0) *-20", 0],
					"position": [0, "0+Math.sin(query.life_time * 180.0) *-1", 0]
				},
				"leftarm2": {
					"rotation": ["0+Math.sin(query.life_time * 180.0) *3.5", "0+Math.sin(query.life_time * 180.0) *20", 0],
					"position": [0, "0+Math.sin(query.life_time * 180.0) *0.5", 0]
				},
				"leftarm3": {
					"rotation": [0, 0, 0]
				},
				"rightarm": {
					"rotation": ["0+Math.sin(query.life_time * 180.0) * -4.5", "0+Math.sin(query.life_time * 180.0) *20", 0],
					"position": [0, "0+Math.sin(query.life_time * 180.0) *-1", 0]
				},
				"rightarm2": {
					"rotation": ["0+Math.sin(query.life_time * 180.0) * 4.5", "0+Math.sin(query.life_time * 180.0) *-20", 0],
					"position": [0, "0+Math.sin(query.life_time * 180.0) *0.5", 0]
				},
				"rightarm3": {
					"rotation": [0, 0, 0]
				},
				"rightarm4": {
					"rotation": [0, 0, 0]
				},
				"rightarm6": {
					"rotation": [0, 0, 0]
				},
				"rightarm7": {
					"rotation": [0, 0, 0]
				},
				"rightarm8": {
					"rotation": [0, 0, 0]
				},
				"rightarm10": {
					"rotation": [0, 0, 0]
				},
				"rightarm11": {
					"rotation": [0, 0, 0]
				},
				"rightarm12": {
					"rotation": [0, 0, 0]
				},
				"rightarm13": {
					"rotation": [0, 0, 0]
				},
				"rightarm14": {
					"rotation": [0, 0, 0]
				},
				"rightarm15": {
					"rotation": [0, 0, 0]
				},
				"leftleg": {
					"rotation": ["0+Math.sin(query.life_time * 180.0) *20", 0, 0]
				},
				"leftleg2": {
					"rotation": [0, 0, 0]
				},
				"rightleg": {
					"rotation": ["0+Math.sin(query.life_time * 180.0) *20", 0, 0]
				},
				"rightleg2": {
					"rotation": [0, 0, 0]
				},
				"rightleg3": {
					"rotation": ["0+Math.sin(query.life_time * 180.0) *20", 0, 0]
				}
			}
		},
		"animation.beast_bendy.mov": {
			"loop": true,
			"anim_time_update": "query.modified_distance_moved",
			"bones": {
				"body": {
					"rotation": [0, 0, "0+Math.cos(query.anim_time * 40 + 40) *30.0"]
				},
				"head": {
					"rotation": ["0+Math.cos(query.anim_time * 40 + 40) *20.0", "0+Math.cos(query.anim_time * 40 + 40) *-30.0", 0]
				},
				"jaw1": {
					"rotation": ["0+Math.cos(query.anim_time * 40 + 40) *30.0", 0, 0]
				},
				"leftarm": {
					"rotation": ["0+Math.cos(query.anim_time * 40 + 40) *20.0", 0, "25+Math.cos(query.anim_time * 40 + 40) *20.0"]
				},
				"leftarm2": {
					"rotation": ["-25+Math.cos(query.anim_time * 40 + 40) *10.0", -25, 0]
				},
				"leftarm3": {
					"rotation": [0, 20, 0]
				},
				"leftarm4": {
					"rotation": ["0+Math.cos(query.anim_time * 40 + 40) *50.0", 0, 0]
				},
				"leftarm8": {
					"rotation": ["-30+Math.cos(query.anim_time * 40 + 40) *30.0", 0, 0]
				},
				"leftarm5": {
					"rotation": ["0+Math.cos(query.anim_time * 40 + 40) *50.0", 0, 0]
				},
				"leftarm9": {
					"rotation": ["-30+Math.cos(query.anim_time * 40 + 40) *30.0", 0, 0]
				},
				"leftarm6": {
					"rotation": ["0+Math.cos(query.anim_time * 40 + 40) *50.0", 0, 0]
				},
				"leftarm10": {
					"rotation": ["-30+Math.cos(query.anim_time * 40 + 40) *30.0", 0, 0]
				},
				"rightarm": {
					"rotation": ["0+Math.cos(query.anim_time * 40 + 40) *-20.0", 0, "-25+Math.cos(query.anim_time * 40 + 40) *20.0"]
				},
				"rightarm2": {
					"rotation": ["-25+Math.cos(query.anim_time * 40 + 40) *-10.0", 25, 0]
				},
				"rightarm3": {
					"rotation": [0, 0, 0]
				},
				"rightarm4": {
					"rotation": ["0+Math.cos(query.anim_time * 40 + 40) *-50.0", 0, 0]
				},
				"rightarm5": {
					"rotation": ["-30+Math.cos(query.anim_time * 40 + 40) *-30.0", 0, 0]
				},
				"rightarm7": {
					"rotation": ["0+Math.cos(query.anim_time * 40 + 40) *-50.0", 0, 0]
				},
				"rightarm8": {
					"rotation": ["-30+Math.cos(query.anim_time * 40 + 40) *-30.0", 0, 0]
				},
				"rightarm10": {
					"rotation": ["0+Math.cos(query.anim_time * 40 + 40) *-50.0", 0, 0]
				},
				"rightarm11": {
					"rotation": ["-30+Math.cos(query.anim_time * 40 + 40) *-30.0", 0, 0]
				},
				"leftleg": {
					"rotation": [90, 0, "0+Math.cos(query.anim_time * 40 + 40) *20.0"]
				},
				"leftleg2": {
					"rotation": [0, 0, "0+Math.cos(query.anim_time * 40 + 40) *20.0"]
				},
				"rightleg": {
					"rotation": [80, -5, "0+Math.cos(query.anim_time * 40 + 40) *20.0"]
				},
				"rightleg2": {
					"rotation": [0, 0, "0+Math.cos(query.anim_time * 40 + 40) *20.0"]
				}
			}
		},
		"animation.beast_bendy.attack1": {
			"animation_length": 1,
			"bones": {
				"body": {
					"rotation": {
						"0.0": [0, 0, 0],
						"0.2833": [0, 0, 0],
						"0.5167": [0, 0, 0]
					},
					"position": [0, "0+Math.sin(query.life_time * 180.0) *1", 0]
				},
				"body2": {
					"rotation": {
						"0.0": [0, 0, 25],
						"0.5167": [0, 0, 25],
						"0.7667": ["0+Math.sin(query.life_time * 180.0) *5", 0, 0]
					}
				},
				"body3": {
					"rotation": {
						"0.0": [0, 0, 0],
						"0.2833": [0, -25, -20],
						"0.5167": [0, -25, -20],
						"0.7667": ["0+Math.sin(query.life_time * 180.0) *-3", 0, 0]
					}
				},
				"head": {
					"rotation": {
						"0.0": [15, -30, 0],
						"0.2833": [15, -10, 0],
						"0.5167": [15, -10, 0],
						"0.7667": ["0+Math.sin(query.life_time * 180.0) *10", 0, 0]
					}
				},
				"jaw1": {
					"rotation": {
						"0.0": [-30, 0, 0],
						"0.2833": [35, 0, 0],
						"0.5167": [-5, 0, 0],
						"0.7667": ["10+Math.sin(query.life_time * 180.0) *-15", 0, 0]
					}
				},
				"leftarm": {
					"rotation": {
						"0.0": [0, 0, 0],
						"0.2833": [0, 0, 0],
						"0.5167": [0, 0, 0],
						"0.7667": [0, "0+Math.sin(query.life_time * 180.0) *-20", 0]
					},
					"position": [0, "0+Math.sin(query.life_time * 180.0) *-1", 0]
				},
				"leftarm2": {
					"rotation": {
						"0.0": [-35, -5, 0],
						"0.2833": [-10, -5, 15],
						"0.5167": [-10, -5, 15],
						"0.7667": ["5+Math.sin(query.life_time * 180.0) *10", 0, 0]
					}
				},
				"leftarm3": {
					"rotation": {
						"0.0": [0, 25, 0],
						"0.5167": [0, 25, 0],
						"0.7667": [0, 0, 0]
					}
				},
				"rightarm": {
					"rotation": {
						"0.0": [0, 0, 10],
						"0.2833": [-75, 0, 80],
						"0.5167": [-75, -35, 80],
						"0.7667": [0, "0+Math.sin(query.life_time * 180.0) *20", 0]
					},
					"position": [0, "0+Math.sin(query.life_time * 180.0) *-1", 0]
				},
				"rightarm2": {
					"rotation": {
						"0.0": [0, -35, 0],
						"0.2833": [20, -35, 0],
						"0.5167": [-55, 0, 55],
						"0.7667": ["0+Math.sin(query.life_time * 180.0) *10", 0, 0]
					}
				},
				"rightarm3": {
					"rotation": {
						"0.0": [-50, 0, 0],
						"0.2833": [-150, 160, 0],
						"0.5167": [-15, 185, 0],
						"0.7667": [0, 0, 0]
					}
				},
				"rightarm4": {
					"rotation": {
						"0.0": [0, 0, 0],
						"0.2833": [-50, 0, -15],
						"0.5167": [-5, 0, -15],
						"0.7667": [0, 0, 0]
					}
				},
				"rightarm5": {
					"rotation": {
						"0.0": [0, 0, 0],
						"0.4833": [-70, 0, 0],
						"1.0": [5, 0, 0]
					}
				},
				"rightarm6": {
					"rotation": {
						"0.0": [0, 0, 0],
						"0.7667": [0, 0, 0]
					}
				},
				"rightarm7": {
					"rotation": {
						"0.0": [0, 0, 0],
						"0.2833": [-70, 0, 0],
						"0.5167": [-15, 0, 20],
						"0.7667": [0, 0, 0]
					}
				},
				"rightarm8": {
					"rotation": {
						"0.0": [0, 0, 0],
						"0.2833": [-80, 0, 0],
						"0.5167": [-5, 0, 0],
						"0.7667": [0, 0, 0]
					}
				},
				"rightarm9": {
					"rotation": [0, 0, 0]
				},
				"rightarm10": {
					"rotation": {
						"0.0": [0, 0, 0],
						"0.2833": [-90, 0, 20],
						"0.5167": [-10, 0, 20],
						"0.7667": [0, 0, 0]
					}
				},
				"rightarm11": {
					"rotation": {
						"0.0": [0, 0, 0],
						"0.2833": [-60, 0, 0],
						"0.5167": [-10, 0, 0],
						"0.7667": [0, 0, 0]
					}
				},
				"rightarm12": {
					"rotation": {
						"0.0": [0, 0, 0],
						"0.7667": [0, 0, 0]
					}
				},
				"rightarm13": {
					"rotation": {
						"0.0": [0, 0, 0],
						"0.2833": [0, 70, 20],
						"0.5167": [0, 20, 20],
						"0.7667": [0, 0, 0]
					}
				},
				"rightarm14": {
					"rotation": {
						"0.0": [0, 0, 0],
						"0.2833": [0, 0, -65],
						"0.5167": [0, 0, 30],
						"0.7667": [0, 0, 0]
					}
				},
				"rightarm15": {
					"rotation": {
						"0.0": [0, 0, 0],
						"0.7667": [0, 0, 0]
					}
				},
				"leftleg": {
					"rotation": {
						"0.0": [0, 0, 20],
						"0.5167": [0, 0, 20],
						"0.7667": ["0+Math.sin(query.life_time * 180.0) *20", 0, 0]
					}
				},
				"leftleg2": {
					"rotation": {
						"0.2833": [40, 0, 0],
						"0.5167": [40, 0, 0],
						"0.7667": [0, 0, 0]
					}
				},
				"rightleg": {
					"rotation": {
						"0.0": [0, 0, 35],
						"0.5167": [0, 0, 35],
						"0.7667": ["0+Math.sin(query.life_time * 180.0) *20", 0, 0]
					}
				},
				"rightleg2": {
					"rotation": {
						"0.2833": [40, 0, 0],
						"0.5167": [40, 0, 0],
						"0.7667": [0, 0, 0]
					}
				},
				"rightleg3": {
					"rotation": {
						"0.2833": [35, 0, 0],
						"0.5167": [35, 0, 0],
						"0.7667": ["0+Math.sin(query.life_time * 180.0) *20", 0, 0]
					}
				}
			}
		},
		"animation.beast_bendy.casting": {
			"animation_length": 1.2833,
			"bones": {
				"body": {
					"rotation": [0, 0, 0],
					"position": {
						"0.0": [0, 0, 0],
						"0.2833": [0, 2, 0],
						"0.4833": [0, 0, 0],
						"1.2833": [0, "0+Math.sin(query.life_time * 180.0) *1", 0]
					}
				},
				"body2": {
					"rotation": {
						"0.0": [0, 0, 0],
						"0.2833": [0, 0, 15],
						"0.4833": [0, 0, -5],
						"0.6833": [1.04, 0, -8.77],
						"0.8333": [1.4, 0, 3.56],
						"1.0": [0.89, 0, -2.72],
						"1.1167": [9.73, 0, -1.57],
						"1.2833": ["0+Math.sin(query.life_time * 180.0) *5", 0, 0]
					}
				},
				"body3": {
					"rotation": {
						"0.0": [0, 0, 0],
						"0.4833": [35, 0, 0],
						"0.6833": [35, 0, 0],
						"0.8333": [30, 0, 0],
						"1.0333": [31.53, 0, 0],
						"1.2833": ["0+Math.sin(query.life_time * 180.0) *-3", 0, 0]
					},
					"position": [0, 0, -3]
				},
				"neck": {
					"rotation": {
						"0.0": [-25, 0, 0],
						"0.2833": [30, 0, 0],
						"0.6833": [-105, 0, 0],
						"0.8333": [-53, 0, 0],
						"1.0833": [-78.94, 0, 0],
						"1.2833": [0, 0, 0]
					}
				},
				"head": {
					"rotation": {
						"0.0": [0, 0, 0],
						"0.2833": [20, 0, 0],
						"0.4833": [-12.5, 0, 15],
						"0.6833": [-10, 20, 0],
						"0.8833": [-20, -10, 0],
						"1.0833": [15, 10, 0],
						"1.2833": ["0+Math.sin(query.life_time * 180.0) *10", 0, 0]
					}
				},
				"jaw1": {
					"rotation": {
						"0.0": [0, 0, 0],
						"0.2833": [-14.58, 0, 0],
						"0.4833": [35, 0, 0],
						"0.6833": [115, 0, 0],
						"1.1167": [62.15, 0, 0],
						"1.2833": ["-20+Math.sin(query.life_time * 180.0) *-15", 0, 0]
					}
				},
				"leftarm": {
					"rotation": {
						"0.0": [0, 0, 0],
						"0.2833": [5, 0, -20],
						"0.4833": [-20, 0, 25],
						"1.0333": [-20, 0, 5],
						"1.2833": [0, "0+Math.sin(query.life_time * 180.0) *-20", 0]
					},
					"position": [0, "0+Math.sin(query.life_time * 180.0) *-1", 0]
				},
				"leftarm2": {
					"rotation": {
						"0.0": [0, 0, 0],
						"0.2833": [-15, 0, 0],
						"0.4833": [-20, 0, 0],
						"1.0333": [-25, 0, 0],
						"1.2833": [0, "0+Math.sin(query.life_time * 180.0) *20", 0]
					}
				},
				"leftarm3": {
					"rotation": {
						"0.0": [0, 0, 0],
						"1.2833": [0, 0, 0]
					}
				},
				"rightarm": {
					"rotation": {
						"0.0": [0, 0, 0],
						"0.2833": [45, 0, 55],
						"0.4833": [-5, 0, 10],
						"1.2833": [0, "0+Math.sin(query.life_time * 180.0) *20", 0]
					},
					"position": [0, "0+Math.sin(query.life_time * 180.0) *-1", 0]
				},
				"rightarm2": {
					"rotation": {
						"0.0": [0, 0, 0],
						"0.2833": [-45, -55, 0],
						"0.4833": [-45, -5, 0],
						"1.2833": [0, "0+Math.sin(query.life_time * 180.0) *-20", 0]
					}
				},
				"rightarm3": {
					"rotation": {
						"0.0": [0, 0, 0],
						"1.2833": [0, 0, 0]
					}
				},
				"leftleg": {
					"rotation": {
						"0.0": [0, 0, 0],
						"1.2833": ["0+Math.sin(query.life_time * 180.0) *20", 0, 0]
					}
				},
				"leftleg2": {
					"rotation": {
						"0.0": [0, 0, 0],
						"1.2833": [0, 0, 0]
					}
				},
				"rightleg": {
					"rotation": {
						"0.0": [0, 0, 0],
						"1.2833": ["0+Math.sin(query.life_time * 180.0) *20", 0, 0]
					}
				},
				"rightleg2": {
					"rotation": {
						"0.0": [0, 0, 0],
						"1.2833": [0, 0, 0]
					}
				},
				"rightleg3": {
					"rotation": {
						"0.0": [0, 0, 0],
						"1.2833": ["0+Math.sin(query.life_time * 180.0) *20", 0, 0]
					}
				}
			}
		},
		"animation.beast_bendy.running": {
			"loop": true,
			"anim_time_update": "query.modified_distance_moved * 0.8",
			"bones": {
				"body": {
					"rotation": [30, 0, 0],
					"position": [0, "0+Math.cos(query.anim_time * 40 + 40) *1.0", 0]
				},
				"body3": {
					"rotation": [0, "0+Math.cos(query.anim_time * 40 + 40) *30.0", 0]
				},
				"neck": {
					"rotation": [-40, 0, 0]
				},
				"head": {
					"rotation": ["35+Math.cos(query.anim_time * 40 + 40) *10.0", "0+Math.cos(query.anim_time * 40 + 40) *-30.0", 0]
				},
				"jaw1": {
					"rotation": ["10+Math.cos(query.anim_time * 40 + 40) *30.0", 0, 0]
				},
				"leftarm": {
					"rotation": ["0+Math.cos(query.anim_time * 40 + 40) *-50.0", 0, 0],
					"position": [0, "0+Math.cos(query.anim_time * 40 + 40) *-1", 0]
				},
				"leftarm2": {
					"rotation": ["0+Math.cos(query.anim_time * 40 + 40) *-50.0", 0, 0]
				},
				"rightarm": {
					"rotation": ["0+Math.cos(query.anim_time * 40 + 40) *50.0", 0, 0],
					"position": [0, "0+Math.cos(query.anim_time * 40 + 40) *1", 0]
				},
				"rightarm2": {
					"rotation": ["0+Math.cos(query.anim_time * 40 + 40) *50.0", 0, 0]
				},
				"leftleg": {
					"rotation": [65, 0, "0+Math.cos(query.anim_time * 40 + 40) *30.0"]
				},
				"leftleg2": {
					"rotation": [0, 0, "0+Math.cos(query.anim_time * 40 + 40) *30.0"]
				},
				"rightleg": {
					"rotation": [65, 0, "0+Math.cos(query.anim_time * 40 + 40) *30.0"]
				},
				"rightleg2": {
					"rotation": [0, 0, "0+Math.cos(query.anim_time * 40 + 40) *30.0"]
				}
			}
		},
		"animation.beast_bendy.moving": {
			"loop": true,
			"animation_length": 0.84,
			"anim_time_update": "query.modified_distance_moved * 0.095",
			"bones": {
				"body": {
					"rotation": {
						"0.0": [0, 0, 20],
						"0.1667": [0, 0, 25],
						"0.3167": [0, 0, -25],
						"0.4833": [0, 0, -15],
						"0.6333": [0, 0, -10],
						"0.8": [0, 0, 20]
					},
					"position": {
						"0.0": [0, 1, 0],
						"0.1667": [0, -1, 0],
						"0.3167": [0, 1, 0],
						"0.4833": [0, -1, 0],
						"0.6333": [0, 0, 0],
						"0.8": [0, 1, 0]
					}
				},
				"body2": {
					"rotation": {
						"0.0": [0, -20, 0],
						"0.1667": [0, -20, 5],
						"0.3167": [0, 20, 5],
						"0.4833": [0, 20, 5],
						"0.6333": [0, 35, 5],
						"0.8": [0, -20, 0]
					}
				},
				"jaw1": {
					"rotation": {
						"0.0": [0, 0, 0],
						"0.1667": [0, 0, 0],
						"0.3167": [30, 0, 0],
						"0.8": [0, 0, 0]
					}
				},
				"leftarm": {
					"rotation": {
						"0.0": [-5, 0, 20],
						"0.1667": [5, 0, 20],
						"0.3167": [-25, 0, -20],
						"0.4833": [-25, 0, 25],
						"0.6333": [-30, 0, 15],
						"0.8": [-5, 0, 20]
					}
				},
				"leftarm2": {
					"rotation": {
						"0.0": [40, 0, 0],
						"0.3167": [0, 10, 40],
						"0.4833": [50, 0, 0],
						"0.6333": [25, 0, -15],
						"0.8": [40, 0, 0]
					}
				},
				"leftarm3": {
					"rotation": {
						"0.0": [0, 25, -30],
						"0.1667": [0, 25, -30],
						"0.3167": [5, 0, 0],
						"0.4833": [5, 0, 0],
						"0.8": [0, 25, -30]
					}
				},
				"leftarm4": {
					"rotation": {
						"0.0": [0, 0, 0],
						"0.1667": [0, -5, 0],
						"0.3167": [-55, -5, 0],
						"0.4833": [-5, -5, 0],
						"0.8": [0, 0, 0]
					}
				},
				"leftarm8": {
					"rotation": {
						"0.0": [0, 0, 0],
						"0.1667": [0, 0, 0],
						"0.3167": [-50, 0, 0],
						"0.4833": [20, 0, 0],
						"0.8": [0, 0, 0]
					}
				},
				"leftarm5": {
					"rotation": {
						"0.0": [0, 0, 0],
						"0.1667": [0, 0, 0],
						"0.3167": [-50, 0, 0],
						"0.4833": [-10, 0, 0],
						"0.8": [0, 0, 0]
					}
				},
				"leftarm9": {
					"rotation": {
						"0.0": [0, 0, 0],
						"0.1667": [0, 0, 0],
						"0.3167": [-35, 0, 0],
						"0.4833": [20, 0, 0],
						"0.8": [0, 0, 0]
					}
				},
				"leftarm6": {
					"rotation": {
						"0.0": [0, 0, 0],
						"0.1667": [0, 0, 0],
						"0.3167": [-50, 0, 0],
						"0.4833": [-10, 0, 0],
						"0.8": [0, 0, 0]
					}
				},
				"leftarm10": {
					"rotation": {
						"0.0": [0, 0, 0],
						"0.1667": [0, 0, 0],
						"0.3167": [-45, 0, 0],
						"0.4833": [15, 0, 0],
						"0.8": [0, 0, 0]
					}
				},
				"leftarm7": {
					"rotation": {
						"0.0": [0, 0, 0],
						"0.1667": [0, 0, 0],
						"0.3167": [0, -80, -20],
						"0.4833": [0, 5, -20],
						"0.8": [0, 0, 0]
					}
				},
				"leftarm11": {
					"rotation": {
						"0.0": [0, 0, 0],
						"0.1667": [0, 0, 0],
						"0.3167": [0, 0, 35],
						"0.4833": [0, 0, 5],
						"0.8": [0, 0, 0]
					}
				},
				"rightarm": {
					"rotation": {
						"0.0": [-25, 0, 10],
						"0.1667": [-35, 0, -15],
						"0.3167": [15, 0, -15],
						"0.4833": [4.8, 0, -8.62],
						"0.6333": [-10.1, 0, 0.69],
						"0.8": [-25, 0, 10]
					}
				},
				"rightarm2": {
					"rotation": {
						"0.0": [0, 0, -40],
						"0.1667": [40, 0, -15],
						"0.3167": [-35, 0, -10],
						"0.4833": [1.83, -35, -20.14],
						"0.8": [0, 0, -40]
					}
				},
				"rightarm3": {
					"rotation": {
						"0.0": [5, 0, 0],
						"0.1667": [5, 0, 0],
						"0.3167": [-20, -25, 25],
						"0.8": [5, 0, 0]
					}
				},
				"rightarm4": {
					"rotation": {
						"0.0": [-55, 0, 0],
						"0.1667": [-15, 0, 0],
						"0.3167": [-15, 0, 0],
						"0.8": [-55, 0, 0]
					}
				},
				"rightarm5": {
					"rotation": {
						"0.0": [-50, 0, 0],
						"0.1667": [30, 0, 0],
						"0.3167": [30, 0, 0],
						"0.8": [-50, 0, 0]
					}
				},
				"rightarm7": {
					"rotation": {
						"0.0": [-60, 0, 0],
						"0.1667": [-10, 0, 0],
						"0.3167": [-10, 0, 0],
						"0.8": [-60, 0, 0]
					}
				},
				"rightarm8": {
					"rotation": {
						"0.0": [-45, 0, 0],
						"0.1667": [20, 0, 0],
						"0.3167": [20, 0, 0],
						"0.8": [-45, 0, 0]
					}
				},
				"rightarm10": {
					"rotation": {
						"0.0": [-65, 0, 0],
						"0.1667": [-10, 0, 0],
						"0.3167": [-10, 0, 0],
						"0.8": [-65, 0, 0]
					}
				},
				"rightarm11": {
					"rotation": {
						"0.0": [-30, 0, 0],
						"0.1667": [20, 0, 0],
						"0.3167": [20, 0, 0],
						"0.8": [-30, 0, 0]
					}
				},
				"rightarm13": {
					"rotation": {
						"0.0": [0, 40, 0],
						"0.1667": [0, -25, 0],
						"0.3167": [0, -25, 0],
						"0.8": [0, 40, 0]
					}
				},
				"rightarm14": {
					"rotation": {
						"0.0": [0, 0, -30],
						"0.1667": [0, 0, -15],
						"0.3167": [0, 0, -15],
						"0.8": [0, 0, -30]
					}
				},
				"leftleg": {
					"rotation": {
						"0.0": [95, -20, 0],
						"0.3167": [95, 10, -10],
						"0.8": [95, -20, 0]
					}
				},
				"leftleg2": {
					"rotation": {
						"0.0": [0, 0, 0],
						"0.8": [0, 0, 0]
					}
				},
				"rightleg": {
					"rotation": {
						"0.0": [60, -20, 20],
						"0.3167": [60, -20, -15],
						"0.8": [60, -20, 20]
					}
				},
				"rightleg2": {
					"rotation": {
						"0.0": [0, 0, 0],
						"0.8": [0, 0, 0]
					}
				},
				"rightleg3": {
					"rotation": {
						"0.0": [25, 0, 0],
						"0.8": [25, 0, 0]
					}
				},
				"head": {
					"rotation": {
						"0.0": [0, -30, 0],
						"0.4": [0, 20, 0],
						"0.8": [0, -30, 0]
					}
				}
			}
		}
	}
}