{
	"format_version": "1.8.0",
	"animations": {
		"animation.beast_bendy_t.trans": {
			"animation_length": 10000,
			"bones": {
				"body": {
					"rotation": {
						"0.0": [0, 0, 0],
						"1.4833": [0, 0, 0],
						"2.3167": [0, 0, 0],
						"2.5167": [0, 0, -15],
						"2.9667": [0, 0, 0]
					},
					"position": {
						"0.0": [0, -47, 0],
						"1.7167": [0, -17, 0],
						"2.5167": [0, 0, 0],
						"2.9667": [0, "0+Math.sin(query.life_time * 180.0) *1", 0]
					},
					"scale": {
						"0.0": [0, 0, 0],
						"0.5167": [1, 1, 1],
						"1.4833": [1, 1, 1],
						"1.7167": [1, 1, 1]
					}
				},
				"body2": {
					"rotation": {
						"0.0": [0, 0, 0],
						"1.8": ["30+Math.sin(query.life_time * 180.0) *-10", 0, 0],
						"2.5167": ["0+Math.sin(query.life_time * 180.0) *-10", 0, 0],
						"2.9667": ["0+Math.sin(query.life_time * 180.0) *5", 0, 0]
					}
				},
				"body3": {
					"rotation": {
						"0.0": [0, 0, 0],
						"2.9667": ["0+Math.sin(query.life_time * 180.0) *-3", 0, 0]
					}
				},
				"neck": {
					"rotation": {
						"0.0": [0, 0, 0],
						"2.9667": [0, 0, 0]
					}
				},
				"head": {
					"rotation": {
						"0.0": [0, 0, 0],
						"1.0": ["-35+Math.sin(query.life_time * 180.0) *-3", 0, "0+Math.sin(query.life_time * 180.0) *-3"],
						"1.8": ["-40+Math.sin(query.life_time * 180.0) *-3", 0, 0],
						"2.9667": ["0+Math.sin(query.life_time * 180.0) *10", 0, 0]
					}
				},
				"jaw1": {
					"rotation": {
						"0.0": [0, 0, 0],
						"2.5667": [-39.09, 0, 0],
						"2.9667": ["10+Math.sin(query.life_time * 180.0) *-15", 0, 0]
					}
				},
				"leftarm": {
					"rotation": {
						"0.0": [0, 0, 0],
						"1.4833": [-175, 0, 50],
						"1.8": ["-110+Math.sin(query.life_time * 180.0) *-3", "-25+Math.sin(query.life_time * 180.0) *-3", 0],
						"2.5167": [-15, 0, 0],
						"2.9667": ["0+Math.sin(query.life_time * 180.0) * -4.5", "0+Math.sin(query.life_time * 180.0) *-20", 0]
					},
					"position": [0, "0+Math.sin(query.life_time * 180.0) *-1", 0]
				},
				"leftarm2": {
					"rotation": {
						"0.0": [0, 0, 0],
						"1.0333": [55, 0, 0],
						"1.7167": ["0+Math.sin(query.life_time * 180.0) *-3", 0, 0],
						"2.1167": ["30+Math.sin(query.life_time * 180.0) *-3", 0, 0],
						"2.5167": [50, 0, 0],
						"2.9667": ["0+Math.sin(query.life_time * 180.0) *3.5", "0+Math.sin(query.life_time * 180.0) *20", 0]
					},
					"position": [0, "0+Math.sin(query.life_time * 180.0) *0.5", 0]
				},
				"leftarm3": {
					"rotation": {
						"0.0": [0, 0, 0],
						"1.7167": [-30, 0, 0],
						"2.4": [-143.75, 0, 0],
						"2.6333": [25, 0, 0],
						"2.9667": [0, 0, 0]
					}
				},
				"leftarm4": {
					"rotation": {
						"0.0": [0, 0, 0],
						"0.5167": [0, 0, 0],
						"1.0333": [-40, 0, 0],
						"2.4833": [-40, 0, 0],
						"3.0": [0, 0, 0]
					}
				},
				"leftarm8": {
					"rotation": {
						"0.0": [0, 0, 0],
						"0.5167": [-50, 0, 0],
						"2.4833": [-50, 0, 0],
						"3.0": [0, 0, 0]
					}
				},
				"leftarm5": {
					"rotation": {
						"0.0": [0, 0, 0],
						"0.5167": [0, 0, 0],
						"1.0333": [-50, 0, 0],
						"2.4833": [-50, 0, 0],
						"3.0": [0, 0, 0]
					}
				},
				"leftarm9": {
					"rotation": {
						"0.0": [0, 0, 0],
						"0.5167": [-40, 0, 0],
						"2.4833": [-40, 0, 0],
						"3.0": [0, 0, 0]
					}
				},
				"leftarm6": {
					"rotation": {
						"0.0": [0, 0, 0],
						"1.0333": [-55, 0, 0],
						"2.4833": [-55, 0, 0],
						"3.0": [0, 0, 0]
					}
				},
				"leftarm10": {
					"rotation": {
						"0.0": [0, 0, 0],
						"0.5167": [-45, 0, 0],
						"2.4833": [-45, 0, 0],
						"3.0": [0, 0, 0]
					}
				},
				"leftarm7": {
					"rotation": {
						"0.0": [0, 0, 0],
						"0.5167": [0, -55, 0],
						"2.4833": [0, -55, 0],
						"3.0": [0, 0, 0]
					}
				},
				"leftarm11": {
					"rotation": {
						"0.0": [0, 0, 0],
						"0.5167": [0, 0, 55],
						"2.4833": [0, 0, 55],
						"3.0": [0, 0, 0]
					}
				},
				"leftarm15": {
					"rotation": [0, 0, -25]
				},
				"rightarm": {
					"rotation": {
						"0.0": [0, 0, 0],
						"1.5167": [-180, 0, -50],
						"1.8": ["-115+Math.sin(query.life_time * 180.0) *3", "25+Math.sin(query.life_time * 180.0) *3", 0],
						"2.5167": [-5, 0, 0],
						"2.9667": ["0+Math.sin(query.life_time * 180.0) * -4.5", "0+Math.sin(query.life_time * 180.0) *20", 0]
					},
					"position": [0, "0+Math.sin(query.life_time * 180.0) *-1", 0]
				},
				"rightarm2": {
					"rotation": {
						"0.0": [0, 0, 0],
						"1.0333": [50, 0, 0],
						"1.7167": ["5+Math.sin(query.life_time * 180.0) *-3", 0, 0],
						"2.1167": ["7.5+Math.sin(query.life_time * 180.0) *-3", 0, 0],
						"2.5167": [-35, 0, 0],
						"2.9667": ["0+Math.sin(query.life_time * 180.0) * 4.5", "0+Math.sin(query.life_time * 180.0) *-20", 0]
					},
					"position": [0, "0+Math.sin(query.life_time * 180.0) *0.5", 0]
				},
				"rightarm3": {
					"rotation": {
						"0.0": [0, 0, 0],
						"1.7167": [-45, 0, 0],
						"2.4": [-135, 0, 0],
						"2.6833": [15, 0, 0],
						"2.9667": [0, 0, 0]
					}
				},
				"rightarm4": {
					"rotation": {
						"0.0": [0, 0, 0],
						"0.5167": [0, 0, 0],
						"1.0333": [-15, 0, 0],
						"2.4833": [-3.74, 0, 0],
						"2.9667": [0, 0, 0]
					}
				},
				"rightarm5": {
					"rotation": {
						"0.0": [0, 0, 0],
						"0.5167": [-70, 0, 0],
						"2.4833": [-70, 0, 0],
						"3.0": [10, 0, 0]
					}
				},
				"rightarm7": {
					"rotation": {
						"0.0": [0, 0, 0],
						"0.5167": [0, 0, 0],
						"1.0333": [-20, 0, 0],
						"2.4833": [-4.98, 0, 0],
						"2.9667": [0, 0, 0]
					}
				},
				"rightarm8": {
					"rotation": {
						"0.0": [0, 0, 0],
						"0.5167": [-75, 0, 0],
						"2.4833": [-14.73, 0, 0],
						"2.9667": [0, 0, 0]
					}
				},
				"rightarm10": {
					"rotation": {
						"0.0": [0, 0, 0],
						"0.5167": [0, 0, 0],
						"1.0333": [-25, 0, 0],
						"1.7167": [-25, 0, 0],
						"2.4833": [-9.65, 0, 0],
						"2.9667": [0, 0, 0]
					}
				},
				"rightarm11": {
					"rotation": {
						"0.0": [0, 0, 0],
						"0.5167": [-55, 0, 0],
						"2.4833": [-10.81, 0, 0],
						"2.9667": [0, 0, 0]
					}
				},
				"rightarm13": {
					"rotation": {
						"0.0": [0, 0, 0],
						"0.5167": [0, 55, 0],
						"1.0333": [0, 55, 10],
						"2.4833": [0, 13.7, 2.49],
						"2.9667": [0, 0, 0]
					}
				},
				"rightarm14": {
					"rotation": {
						"0.0": [0, 0, 0],
						"0.5167": [0, 0, -65],
						"2.4833": [0, 0, -12.77],
						"2.9667": [0, 0, 0]
					}
				},
				"leftleg": {
					"rotation": {
						"0.0": [0, 0, 0],
						"2.9667": ["0+Math.sin(query.life_time * 180.0) *20", 0, 0]
					}
				},
				"leftleg2": {
					"rotation": {
						"0.0": [0, 0, 0],
						"2.9667": [0, 0, 0]
					}
				},
				"rightleg": {
					"rotation": {
						"0.0": [0, 0, 0],
						"2.9667": ["0+Math.sin(query.life_time * 180.0) *20", 0, 0]
					}
				},
				"rightleg2": {
					"rotation": {
						"0.0": [0, 0, 0],
						"2.9667": [0, 0, 0]
					}
				},
				"rightleg3": {
					"rotation": {
						"0.0": [0, 0, 0],
						"2.9667": ["0+Math.sin(query.life_time * 180.0) *20", 0, 0]
					}
				},
				"bone": {
					"scale": {
						"1.0": [1, 1, 1],
						"1.8": [1, 1, 1],
						"2.5167": [0, 0, 0]
					}
				},
				"rightarm6": {
					"rotation": [0, 0, 0]
				},
				"rightarm12": {
					"rotation": [0, 0, 0]
				},
				"rightarm15": {
					"rotation": [0, 0, 0]
				}
			}
		}
	}
}