{
	"format_version": "1.8.0",
	"animations": {
		"animation.beast_bendy_d.died": {
			"animation_length": 10000,
			"bones": {
				"body": {
					"rotation": {
						"0.0": [0, 0, 0],
						"1.0": [-55, 65, 0],
						"10.0333": [-5, 5, 0],
						"4.0333": [-55, 65, 0],
						"8.2333": [-55, 85.66, 0],
						"9.5167": [-55, 105, 0]
					},
					"position": {
						"0.0": [0, 0, 0],
						"0.0333": [0, -8, 0],
						"10.0": [0, -6.53, -10.49],
						"4.0333": [0, -7.35, -5],
						"6.0833": [0, -7.07, -6.97],
						"8.2333": [0, -6.53, -10.49]
					},
					"scale": {
						"10.0333": [1, 1, 1],
						"12.0833": [1, 1, 1],
						"13.0333": [0, 0, 0]
					}
				},
				"body2": {
					"rotation": {
						"0.0": [0, 0, 0],
						"1.0": [40, -35, 0],
						"10.0333": [0, 0, 0],
						"4.0333": [40, -35, 0],
						"6.0833": [70, -35, 0],
						"7.0833": [70, -35, -5],
						"8.2333": [70, -80, -5],
						"9.5167": [70, -80, -5]
					}
				},
				"body3": {
					"rotation": {
						"0.0": [0, 0, 0],
						"1.0": [30, 0, 0],
						"1.4": [15.29, 25, -8.82],
						"1.5167": [-15, 0, -15],
						"1.6333": [-4.71, 25, -8.82],
						"1.7667": [-15, 0, -15],
						"10.0333": [0, 0, 0],
						"4.0333": [-15, -65, -15],
						"6.0833": [-15, -15, -15],
						"7.0833": [-15, -65, -15],
						"9.5167": [-15, -65, -15]
					}
				},
				"neck": {
					"rotation": {
						"0.0": [0, 0, 0],
						"1.0": [10, 0, 0],
						"1.8833": [10, 45, 0],
						"10.0333": [0, 0, 0],
						"4.0333": [35, 45, 0],
						"7.1167": [-45, 20, -35]
					}
				},
				"head": {
					"rotation": {
						"0.0": [0, 0, 0],
						"1.0": [40, 0, 0],
						"10.5167": [-40, "10+Math.sin(query.life_time * 500.0) *10", 5],
						"11.0333": [-40, 0, 5],
						"4.0333": [50, 25, 0],
						"4.8833": [50, 75, 40],
						"5.9167": [65, 35, 40],
						"6.8333": [100, 35, 40],
						"7.0333": [70, 35, 40],
						"7.3167": [20, 35, 40],
						"8.0333": [-5, 10, 5],
						"8.5167": [-40, 10, 5],
						"9.1167": [-40, 47.4, 5]
					}
				},
				"jaw1": {
					"rotation": {
						"0.0": [0, 0, 0],
						"1.0": [-20, 0, 0],
						"1.4": [-20, 0, 0],
						"1.5167": [10, 0, 0],
						"10.0333": [45, 0, 0],
						"4.0333": [-20, 0, 0],
						"7.1167": [-35, 0, 0],
						"9.7167": [20, 0, 0]
					}
				},
				"leftarm": {
					"rotation": {
						"0.0": [0, 0, 0],
						"1.0": ["-5+Math.sin(query.life_time * 500.0) *5", 0, -95],
						"1.4": [-20, 5, -25],
						"10.0333": [0, 0, "0+Math.sin(query.life_time * 500.0) *-5"],
						"4.0333": [-50, 25, -25],
						"6.0833": [-55, 30, -80],
						"7.1167": [-55, 40, -80],
						"8.2333": [-95, -10, -80]
					}
				},
				"leftarm2": {
					"rotation": {
						"0.0": [0, 0, 0],
						"0.4833": [-68.8, -7.2, 0],
						"1.0": [-60, -15, 0],
						"1.4": [-60, 10, -60],
						"1.7667": [-60, 10, -90],
						"10.0333": [-20, -30, -50],
						"4.0333": [-60, 30, -85],
						"6.0833": [30, 0, -50],
						"7.1167": [-15, 0, -50],
						"9.3167": [-25, -40, -50]
					}
				},
				"leftarm3": {
					"rotation": {
						"0.0": [0, 0, 0],
						"1.0": [-45, -90, -20],
						"1.6833": [-65, -95, -10],
						"4.0333": [-65, -95, 10],
						"6.0833": [-65, -95, -5],
						"8.1667": [-65, -155.99, "-5+Math.sin(query.life_time * 500.0) *5"],
						"9.3167": [-65, -190, -5]
					}
				},
				"leftarm4": {
					"rotation": {
						"0.0": [0, 0, 0],
						"1.0": [-80, 0, -15]
					}
				},
				"leftarm8": {
					"rotation": {
						"0.0": [0, 0, 0],
						"1.0": [-65, 0, 0]
					}
				},
				"leftarm5": {
					"rotation": {
						"0.0": [0, 0, 0],
						"1.0": [-85, 0, 0]
					}
				},
				"leftarm9": {
					"rotation": {
						"0.0": [0, 0, 0],
						"1.0": [-60, 0, 0]
					}
				},
				"leftarm6": {
					"rotation": {
						"0.0": [0, 0, 0],
						"1.0": [-75, 0, 15]
					}
				},
				"leftarm10": {
					"rotation": {
						"0.0": [0, 0, 0],
						"1.0": [-70, 0, 0]
					}
				},
				"leftarm7": {
					"rotation": {
						"0.0": [0, 0, 0],
						"1.0": [0, -55, 0],
						"4.0333": [0, -125, -35]
					}
				},
				"leftarm11": {
					"rotation": {
						"0.0": [0, 0, 0],
						"1.0": [0, 0, 50]
					}
				},
				"leftarm15": {
					"rotation": [0, 0, -25]
				},
				"rightarm": {
					"rotation": {
						"0.0": [0, 0, 0],
						"10.0333": [10, 0, "0+Math.sin(query.life_time * 500.0) *5"],
						"2.0": ["0+Math.sin(query.life_time * 500.0) *5", 0, 0],
						"4.0333": [-55, 0, 45],
						"6.0833": [-90, -15, 95],
						"7.1167": [-90, 10, 95],
						"7.6833": [-90, 36.27, 95],
						"9.3167": [-90, 15, 95]
					}
				},
				"rightarm2": {
					"rotation": {
						"0.0": [0, 0, 0],
						"0.4833": [-66.6, 0, -19.2],
						"1.0": [-45, 0, -40],
						"10.0333": [-25, 50, -10],
						"4.0333": [-5, "75+Math.sin(query.life_time * 180.0) *10", -75],
						"6.0833": [-10, 20, -110],
						"7.1167": [-10, 50, -30],
						"9.3167": [-10, 50, -10]
					}
				},
				"rightarm3": {
					"rotation": {
						"0.0": [0, 0, 0],
						"1.0": [-65, 0, 0],
						"2.3167": [-124.39, 0, 0],
						"2.8333": [-78.09, 0, 0],
						"4.8833": [55, 0, 0],
						"5.4": [-90, 0, 0],
						"5.9167": [-130, 0, 0],
						"6.8333": [-90, 0, 0],
						"7.3167": [-110, 0, 0],
						"7.7167": ["-110+Math.sin(query.life_time * 500.0) *-5", 0, 0],
						"8.1667": [-10, 175, "0+Math.sin(query.life_time * 500.0) *5"]
					}
				},
				"rightarm4": {
					"rotation": {
						"0.0": [0, 0, 0],
						"1.0": [-50, 0, -20],
						"3.7167": [10, 0, -20],
						"6.4": [-40, 0, -20],
						"6.4833": [-70, 0, -20]
					}
				},
				"rightarm5": {
					"rotation": {
						"0.0": [0, 0, 0],
						"1.0": [-50, 0, 0]
					}
				},
				"rightarm7": {
					"rotation": {
						"0.0": [0, 0, 0],
						"1.0": [-65, 0, 0],
						"3.7167": [5, 0, 0],
						"6.4": [-40, 0, 0],
						"6.4833": [-70, 0, 0]
					}
				},
				"rightarm8": {
					"rotation": {
						"0.0": [0, 0, 0],
						"1.0": [-45, 0, 0]
					}
				},
				"rightarm10": {
					"rotation": {
						"0.0": [0, 0, 0],
						"1.0": [-50, 0, 10],
						"3.7167": [10, 0, 10],
						"6.4": [-55, 0, 10],
						"6.4833": [-80, 0, 10]
					}
				},
				"rightarm11": {
					"rotation": {
						"0.0": [0, 0, 0],
						"1.0": [-50, 0, 0]
					}
				},
				"rightarm13": {
					"rotation": {
						"0.0": [0, 0, 0],
						"1.0": [0, 65, 20],
						"3.7167": [0, -15, 20],
						"6.4833": [0, 80, 20]
					}
				},
				"rightarm14": {
					"rotation": {
						"0.0": [0, 0, 0],
						"1.2": [0, 0, -55]
					}
				},
				"leftleg": {
					"rotation": {
						"0.0": [0, 0, 0],
						"1.0": [15, 0, 0],
						"10.0333": [70, 0, -20],
						"4.0833": [178.74, 0, -46.81],
						"9.0": [178.74, 0, -46.81]
					}
				},
				"leftleg2": {
					"rotation": {
						"0.0": [0, 0, 0],
						"6.8833": [45, 0, 0],
						"8.2833": [55, 0, 0]
					}
				},
				"rightleg": {
					"rotation": {
						"0.0": [0, 0, 0],
						"1.0": [-5, 0, 0],
						"10.0333": [65, 0, 20],
						"4.0833": [158.85, 0, -53.19],
						"9.0": [158.85, 0, -53.19]
					}
				},
				"rightleg2": {
					"rotation": {
						"0.0": [0, 0, 0],
						"6.8833": [35, 0, 0]
					}
				},
				"rightleg3": {
					"rotation": [0, 0, 0]
				},
				"bone": {
					"position": [0, -1, 0]
				}
			}
		}
	}
}