{
	"format_version": "1.8.0",
	"animations": {
		"animation.butcher_1.moving": {
			"loop": true,
			"anim_time_update": "query.modified_distance_moved",
			"bones": {
				"body": {
					"rotation": ["20+Math.cos(query.anim_time * 40 + 40) *-5.0", 0, 0],
					"position": [0, "Math.cos(query.anim_time * 40 + 40) *0.1", 0]
				},
				"leftleg": {
					"rotation": ["-35+Math.cos(query.anim_time * 40 + 40) *32.0", 0, 0]
				},
				"leftleg2": {
					"rotation": ["35+Math.cos(query.anim_time * 40 + 40) *32.0", 0, 0]
				},
				"rightleg": {
					"rotation": ["Math.cos(query.anim_time * 40 + 40) *-50.0", 0, 0]
				},
				"rightleg2": {
					"rotation": ["Math.cos(query.anim_time * 40 + 40) *-32.0", 0, 0]
				},
				"rightarm": {
					"rotation": [0, -5, 90]
				},
				"rightarm2": {
					"rotation": ["50+Math.cos(query.anim_time * 40 + 40) *-30.0", 0, 0]
				},
				"rightarm3": {
					"rotation": ["45+Math.sin(query.life_time * 180.0)", 145, 50]
				},
				"leftarm": {
					"rotation": ["-90+Math.cos(query.anim_time * 40 + 40) *30.0", "-30+Math.cos(query.anim_time * 40 + 40) *-30.0", 0]
				},
				"head": {
					"rotation": [-20, 0, 0]
				},
				"weapon": {
					"rotation": [0, 0, -180]
				}
			}
		},
		"animation.butcher_1.general": {
			"loop": true,
			"bones": {
				"body": {
					"rotation": [15, 0, 0],
					"position": [0, "Math.cos(query.anim_time * 40 + 40) *0.1", 0]
				},
				"leftleg": {
					"rotation": [-15, -50, 0],
					"position": [0, "Math.cos(query.anim_time * 40 + 40) *0.1", 0]
				},
				"leftleg2": {
					"rotation": [20, 0, 0]
				},
				"leftleg3": {
					"rotation": [0, 45, 0],
					"position": [1, 0, 0]
				},
				"rightleg": {
					"rotation": [15, -35, 0],
					"position": [0, "Math.cos(query.anim_time * 40 + 40) *0.1", 0]
				},
				"rightleg2": {
					"rotation": [-15, 0, 0]
				},
				"rightarm": {
					"rotation": [-15, 0, "10+Math.cos(query.anim_time * 40 + 40) *-10.0"]
				},
				"leftarm": {
					"rotation": ["-45+Math.cos(query.anim_time * 40 + 40) *-5.0", 0, 0]
				},
				"head": {
					"rotation": ["-15+query.target_x_rotation - this", "query.target_y_rotation - this", 0]
				}
			}
		},
		"animation.butcher_1.attack1": {
			"loop": true,
			"animation_length": 0.64,
			"bones": {
				"body": {
					"rotation": {
						"0.0": [15, 0, 0],
						"0.2333": [-10, 0, 0],
						"0.4833": [20, 0, 0],
						"0.6333": [5, 0, 0]
					},
					"position": [0, "Math.cos(query.anim_time * 40 + 40) *0.1", 0]
				},
				"leftleg": {
					"rotation": {
						"0.0": [-15, -50, 0],
						"0.2333": [-60, -15, 0],
						"0.4833": [-30, -15, 0]
					},
					"position": [0, "Math.cos(query.anim_time * 40 + 40) *0.1", 0]
				},
				"leftleg2": {
					"rotation": [20, 0, 0]
				},
				"leftleg3": {
					"rotation": {
						"0.0": [0, 45, 0],
						"0.2333": [-25, 0, 0],
						"0.4833": [15, 0, 0]
					},
					"position": {
						"0.0": [1, 0, 0],
						"0.2333": [0, 0, 0]
					}
				},
				"rightleg": {
					"rotation": [15, -35, 0],
					"position": [0, "Math.cos(query.anim_time * 40 + 40) *0.1", 0]
				},
				"rightleg2": {
					"rotation": [-15, 0, 0]
				},
				"rightarm": {
					"rotation": {
						"0.0": [-15, 0, "10+Math.cos(query.anim_time * 40 + 40) *-10.0"],
						"0.2333": [-235, 0, "-25+Math.cos(query.anim_time * 40 + 40) *-10.0"],
						"0.4833": [-40, 0, "10+Math.cos(query.anim_time * 40 + 40) *-10.0"],
						"0.6333": [-15, 0, "10+Math.cos(query.anim_time * 40 + 40) *-10.0"]
					}
				},
				"leftarm": {
					"rotation": {
						"0.0": ["-45+Math.cos(query.anim_time * 40 + 40) *-5.0", 0, 0],
						"0.2333": ["-85+Math.cos(query.anim_time * 40 + 40) *-5.0", 0, 0],
						"0.4833": ["-35+Math.cos(query.anim_time * 40 + 40) *-5.0", 0, -25]
					}
				},
				"head": {
					"rotation": {
						"0.0": [-15, 0, 0],
						"0.6333": [0, 0, 0]
					}
				},
				"rightarm2": {
					"rotation": {
						"0.0": [0, 0, 0],
						"0.2333": [-30, 0, 0],
						"0.4833": [0, 0, 0]
					}
				}
			}
		},
		"animation.butcher_1.attacking": {
			"loop": true,
			"bones": {
				"body": {
					"rotation": [15, 0, 0],
					"position": [0, 0, 0]
				},
				"leftleg": {
					"rotation": [-15, -50, 0],
					"position": [0, 0, 0]
				},
				"leftleg2": {
					"rotation": [20, 0, 0]
				},
				"leftleg3": {
					"rotation": [0, 45, 0],
					"position": [1, 0, 0]
				},
				"rightleg": {
					"rotation": [15, -35, 0],
					"position": [0, 0, 0]
				},
				"rightleg2": {
					"rotation": [-15, 0, 0]
				},
				"rightarm": {
					"rotation": [-15, 0, 0]
				},
				"leftarm": {
					"rotation": [-45, 0, 0]
				},
				"head": {
					"rotation": [-15, 0, 0]
				}
			}
		},
		"animation.butcher_1.attack2": {
			"loop": true,
			"animation_length": 0.72,
			"bones": {
				"body": {
					"rotation": {
						"0.0": [15, 0, 0],
						"0.2333": [-5, 15, 0],
						"0.4833": [5, -42.5, 0],
						"0.7167": [15, 0, 0]
					},
					"position": {
						"0.0": [0, 0, 0],
						"0.7167": [0, 0, 0]
					}
				},
				"leftleg": {
					"rotation": {
						"0.0": [-15, -50, 0],
						"0.2833": [-50, -20, 0],
						"0.7167": [-15, -50, 0]
					},
					"position": {
						"0.0": [0, 0, 0],
						"0.7167": [0, 0, 0]
					}
				},
				"leftleg2": {
					"rotation": [20, 0, 0]
				},
				"leftleg3": {
					"rotation": [0, 45, 0],
					"position": [1, 0, 0]
				},
				"rightleg": {
					"rotation": [15, -35, 0],
					"position": [0, 0, 0]
				},
				"rightleg2": {
					"rotation": [-15, 0, 0]
				},
				"rightarm": {
					"rotation": {
						"0.0": [-15, 0, 0],
						"0.2333": [-175, 0, -90],
						"0.4833": [-90, 0, -65],
						"0.7167": [-15, 0, 0]
					}
				},
				"leftarm": {
					"rotation": {
						"0.0": [-45, 0, 0],
						"0.4833": [30, 0, -25]
					}
				},
				"head": {
					"rotation": {
						"0.0": [-15, 0, 0],
						"0.2333": [-15, -20, 0],
						"0.4833": [-15, 40, 0],
						"0.7167": [-15, 0, 0]
					}
				},
				"rightarm2": {
					"rotation": {
						"0.0": [0, 0, 0],
						"0.2333": [-60, 0, 0],
						"0.4833": [50, 0, 0],
						"0.7167": [0, 0, 0]
					}
				},
				"rightarm3": {
					"rotation": {
						"0.0": [0, 0, 0],
						"0.2333": [0, 0, 0],
						"0.4833": [75, 0, 0],
						"0.7167": [0, 0, 0]
					}
				}
			}
		}
	}
}