{
	"format_version": "1.8.0",
	"animations": {
		"animation.lost.moving": {
			"loop": true,
			"anim_time_update": "query.modified_distance_moved",
			"bones": {
				"body2": {
					"rotation": [20, 0, 0]
				},
				"body": {
					"rotation": [10, 0, 0]
				},
				"head": {
					"rotation": [-30, 0, 0]
				},
				"rightArm": {
					"rotation": ["Math.cos(query.anim_time * 40 + 40) *-50.0", 0, "15+Math.cos(query.anim_time * 40 + 40) *-5.0"]
				},
				"rightArm2": {
					"rotation": ["-65+Math.cos(query.anim_time * 40 + 40) *-32.0", 0, 0]
				},
				"rightArm3": {
					"rotation": ["Math.cos(query.anim_time * 40 + 40) *-10.0", 0, 0]
				},
				"rightArm4": {
					"rotation": [0, 0, -80]
				},
				"rightArm5": {
					"rotation": [0, 0, -65]
				},
				"rightArm6": {
					"rotation": [0, 0, -65]
				},
				"rightArm7": {
					"rotation": [0, 0, -65]
				},
				"rightArm8": {
					"rotation": [0, 0, -60]
				},
				"rightArm9": {
					"rotation": [0, 0, -65]
				},
				"rightArm10": {
					"rotation": [50, -5, -75]
				},
				"rightArm11": {
					"rotation": [90, 0, 0]
				},
				"leftArm": {
					"rotation": ["Math.cos(query.anim_time * 40 + 40) *50.0", 0, "-15+Math.cos(query.anim_time * 40 + 40) *5.0"]
				},
				"leftArm2": {
					"rotation": ["-65+Math.cos(query.anim_time * 40 + 40) *32.0", 0, 0]
				},
				"leftArm3": {
					"rotation": ["Math.cos(query.anim_time * 40 + 40) *10.0", 0, 0]
				},
				"leftArm4": {
					"rotation": [0, 0, 50]
				},
				"leftArm8": {
					"rotation": [0, 0, 80]
				},
				"leftArm5": {
					"rotation": [0, 0, 60]
				},
				"leftArm9": {
					"rotation": [0, 0, 75]
				},
				"leftArm6": {
					"rotation": [0, 0, 60]
				},
				"leftArm10": {
					"rotation": [0, 0, 70]
				},
				"leftArm7": {
					"rotation": [55, 0, 70]
				},
				"leftArm11": {
					"rotation": [85, 0, 0]
				},
				"leftLeg": {
					"rotation": ["Math.cos(query.anim_time * 40 + 40) *-50.0", 0, 0]
				},
				"leftLeg2": {
					"rotation": ["35+Math.cos(query.anim_time * 40 + 40) *-32.0", 0, 0]
				},
				"rightLeg": {
					"rotation": ["Math.cos(query.anim_time * 40 + 40) *50.0", 0, 0]
				},
				"rightLeg2": {
					"rotation": ["35+Math.cos(query.anim_time * 40 + 40) *32.0", 0, 0]
				}
			}
		},
		"animation.lost.general": {
			"loop": true,
			"bones": {
				"body2": {
					"rotation": [5, 0, 0]
				},
				"body": {
					"rotation": [5, 0, 0]
				},
				"head": {
					"rotation": ["-5+query.target_x_rotation - this", "query.target_y_rotation - this", 0]
				},
				"rightArm": {
					"rotation": ["Math.sin(query.life_time * 180.0) *3", 0, "6+Math.sin(query.life_time * 180.0) *3"]
				},
				"rightArm2": {
					"rotation": [-10, 0, 0]
				},
				"rightArm4": {
					"rotation": [0, 0, 5]
				},
				"rightArm5": {
					"rotation": [0, 0, -25]
				},
				"rightArm6": {
					"rotation": [0, 0, 10]
				},
				"rightArm7": {
					"rotation": [0, 0, -10]
				},
				"rightArm8": {
					"rotation": [0, 0, 5]
				},
				"rightArm9": {
					"rotation": [0, 0, -15]
				},
				"rightArm10": {
					"rotation": [0, 0, -45]
				},
				"rightArm11": {
					"rotation": [25, 0, 0]
				},
				"leftArm": {
					"rotation": ["Math.sin(query.life_time * 180.0) *-3", 0, "-6+Math.sin(query.life_time * 180.0) *-3"]
				},
				"leftArm2": {
					"rotation": [-10, 0, 0]
				},
				"leftArm4": {
					"rotation": [0, 0, -10]
				},
				"leftArm8": {
					"rotation": [0, 0, 25]
				},
				"leftArm5": {
					"rotation": [0, 0, -10]
				},
				"leftArm9": {
					"rotation": [0, 0, 15]
				},
				"leftArm6": {
					"rotation": [0, 0, -5]
				},
				"leftArm10": {
					"rotation": [0, 0, 10]
				},
				"leftArm7": {
					"rotation": [0, 90, 25]
				},
				"leftArm11": {
					"rotation": [0, 0, 40]
				},
				"leftLeg": {
					"rotation": [-5, 0, 0]
				},
				"leftLeg2": {
					"rotation": [5, 0, 0]
				},
				"rightLeg": {
					"rotation": [-5, 0, 0]
				},
				"rightLeg2": {
					"rotation": [5, 0, 0]
				}
			}
		},
		"animation.lost.attacking": {
			"loop": true,
			"bones": {
				"body2": {
					"rotation": [5, 0, 0]
				},
				"body": {
					"rotation": [5, 0, 0]
				},
				"head": {
					"rotation": ["-5+query.target_x_rotation - this", "query.target_y_rotation - this", 0]
				},
				"rightArm": {
					"rotation": [0, 0, 6]
				},
				"rightArm2": {
					"rotation": [-10, 0, 0]
				},
				"rightArm4": {
					"rotation": [0, 0, 5]
				},
				"rightArm5": {
					"rotation": [0, 0, -25]
				},
				"rightArm6": {
					"rotation": [0, 0, 10]
				},
				"rightArm7": {
					"rotation": [0, 0, -10]
				},
				"rightArm8": {
					"rotation": [0, 0, 5]
				},
				"rightArm9": {
					"rotation": [0, 0, -15]
				},
				"rightArm10": {
					"rotation": [0, 0, -45]
				},
				"rightArm11": {
					"rotation": [25, 0, 0]
				},
				"leftArm": {
					"rotation": [0, 0, -6]
				},
				"leftArm2": {
					"rotation": [-10, 0, 0]
				},
				"leftArm4": {
					"rotation": [0, 0, -10]
				},
				"leftArm8": {
					"rotation": [0, 0, 25]
				},
				"leftArm5": {
					"rotation": [0, 0, -10]
				},
				"leftArm9": {
					"rotation": [0, 0, 15]
				},
				"leftArm6": {
					"rotation": [0, 0, -5]
				},
				"leftArm10": {
					"rotation": [0, 0, 10]
				},
				"leftArm7": {
					"rotation": [0, 90, 25]
				},
				"leftArm11": {
					"rotation": [0, 0, 40]
				},
				"leftLeg": {
					"rotation": [-5, 0, 0]
				},
				"leftLeg2": {
					"rotation": [5, 0, 0]
				},
				"rightLeg": {
					"rotation": [-5, 0, 0]
				},
				"rightLeg2": {
					"rotation": [5, 0, 0]
				}
			}
		},
		"animation.lost.attack2": {
			"animation_length": 0.6,
			"bones": {
				"body2": {
					"rotation": {
						"0.0833": [5, 40, 0],
						"0.3167": [5, -45, 0],
						"0.6": [5, 0, 0]
					},
					"position": {
						"0.0833": [0, -1, 0],
						"0.3167": [0, -1, 0],
						"0.6": [0, 0, 0]
					}
				},
				"body": {
					"rotation": {
						"0.0833": [5, 25, 0],
						"0.3167": [5, -30, 0],
						"0.6": [5, 0, 0]
					}
				},
				"head": {
					"rotation": {
						"0.0833": ["-5+query.target_x_rotation - this", "-60+query.target_y_rotation - this", 10],
						"0.3167": ["-5+query.target_x_rotation - this", "55+query.target_y_rotation - this", 0],
						"0.6": ["-5+query.target_x_rotation - this", "query.target_y_rotation - this", 0]
					}
				},
				"rightArm": {
					"rotation": {
						"0.0833": [20, 0, 51],
						"0.3167": [-85, 20, -19],
						"0.6": [0, 0, 6]
					}
				},
				"rightArm2": {
					"rotation": {
						"0.0833": [-10, 0, -5],
						"0.3167": [-10, 0, -70],
						"0.6": [-10, 0, 0]
					}
				},
				"rightArm4": {
					"rotation": {
						"0.0833": [10, 0, 5],
						"0.4": [10, 0, -45]
					}
				},
				"rightArm5": {
					"rotation": [0, 0, -65]
				},
				"rightArm6": {
					"rotation": [0, 0, -45]
				},
				"rightArm7": {
					"rotation": [0, 0, -60]
				},
				"rightArm8": {
					"rotation": {
						"0.0833": [-25, 0, 5],
						"0.4": [-25, 0, -30]
					}
				},
				"rightArm9": {
					"rotation": [0, 0, -45]
				},
				"rightArm10": {
					"rotation": [-20, 0, -45]
				},
				"rightArm11": {
					"rotation": [60, 0, 0]
				},
				"leftArm": {
					"rotation": {
						"0.0833": [35, -30, 4],
						"0.3167": [0, -30, 4],
						"0.6": [0, 0, -6]
					}
				},
				"leftArm2": {
					"rotation": {
						"0.0833": [-20, 0, 0],
						"0.6": [-10, 0, 0]
					}
				},
				"leftLeg": {
					"rotation": {
						"0.0833": [-30, -25, 0],
						"0.3167": [5, 0, 0],
						"0.6": [-5, 0, 0]
					},
					"position": {
						"0.0833": [0, -1, -1],
						"0.3167": [-1, -1, 1.4],
						"0.6": [0, 0, 0]
					}
				},
				"leftLeg2": {
					"rotation": {
						"0.0833": [30, 0, 0],
						"0.6": [5, 0, 0]
					}
				},
				"rightLeg": {
					"rotation": {
						"0.0833": [-10, 0, 10],
						"0.3167": [-30, 0, 10],
						"0.6": [-5, 0, 0]
					},
					"position": {
						"0.0": [0, 0, 1.25],
						"0.1667": [0, 0, 0.5],
						"0.3167": [1, 0, -1.8],
						"0.6": [0, 0, 0]
					}
				},
				"rightLeg2": {
					"rotation": {
						"0.3167": [25, 0, 5],
						"0.6": [5, 0, 0]
					}
				},
				"rightArm3": {
					"rotation": {
						"0.0": [0, 0, 0],
						"0.3167": [0, 0, -45],
						"0.6": [0, 0, 0]
					}
				}
			}
		},
		"animation.lost.attack1": {
			"animation_length": 0.4833,
			"bones": {
				"body2": {
					"rotation": {
						"0.0": [0, 25, 0],
						"0.4833": [0, -40, 0]
					},
					"position": [0, -1, 0]
				},
				"body": {
					"rotation": {
						"0.0": [0, 30, 0],
						"0.4833": [0, -20, 0]
					}
				},
				"head": {
					"rotation": ["query.target_x_rotation - this", "query.target_y_rotation - this", 0]
				},
				"rightArm": {
					"rotation": {
						"0.0": [0, 55, 65],
						"0.4833": [-75, 0, 65]
					}
				},
				"rightArm2": {
					"rotation": {
						"0.0": [-80, 20, 0],
						"0.4833": [-80, -15, 0]
					}
				},
				"rightArm3": {
					"rotation": {
						"0.0": [0, 0, 30],
						"0.4833": [0, 95, -5]
					}
				},
				"rightArm4": {
					"rotation": [15, 0, 0]
				},
				"rightArm5": {
					"rotation": [0, 0, -25]
				},
				"rightArm6": {
					"rotation": [-5, 0, 0]
				},
				"rightArm7": {
					"rotation": [0, 0, -30]
				},
				"rightArm8": {
					"rotation": [-20, 0, 0]
				},
				"rightArm9": {
					"rotation": [0, 0, -35]
				},
				"rightArm10": {
					"rotation": [-25, 0, 0]
				},
				"rightArm11": {
					"rotation": [0, 0, -25]
				},
				"leftArm": {
					"rotation": {
						"0.0": [30, 0, -25],
						"0.4833": [10, 0, -25]
					}
				},
				"leftArm2": {
					"rotation": {
						"0.0": [-80, 0, 0],
						"0.4833": [-25, 0, 0]
					}
				},
				"leftArm3": {
					"rotation": [0, 0, 30]
				},
				"leftArm4": {
					"rotation": [0, 0, -5]
				},
				"leftArm8": {
					"rotation": [0, 0, 20]
				},
				"leftArm9": {
					"rotation": [0, 0, 15]
				},
				"leftArm6": {
					"rotation": [0, 0, -5]
				},
				"leftArm10": {
					"rotation": [0, 0, 15]
				},
				"leftArm7": {
					"rotation": [0, 0, 45]
				},
				"leftArm11": {
					"rotation": [20, 0, 0]
				},
				"leftLeg": {
					"rotation": [-35, -10, 0],
					"position": [0, -1, 0]
				},
				"leftLeg2": {
					"rotation": [35, 0, 0]
				},
				"rightLeg": {
					"rotation": [0, -10, 0],
					"position": [0, -1, 0]
				},
				"rightLeg2": {
					"rotation": [45, 0, 0]
				}
			}
		}
	}
}