{
	"format_version": "1.8.0",
	"animations": {
		"animation.tom.moving": {
			"loop": true,
			"anim_time_update": "query.modified_distance_moved",
			"bones": {
				"body": {
					"rotation": ["24+Math.sin(query.life_time * 180.0) *3", 0, 0]
				},
				"leftleg": {
					"rotation": ["-20+Math.cos(query.anim_time * 40 + 40) *-50.0", 0, 0]
				},
				"leftleg2": {
					"rotation": ["35+Math.cos(query.anim_time * 40 + 40) *-32.0", 0, 0]
				},
				"rightarm": {
					"rotation": ["Math.cos(query.anim_time * 40 + 40) *-50.0", -10, 0]
				},
				"rightarm2": {
					"rotation": ["-35+Math.cos(query.anim_time * 40 + 40) *-32", 0, 0]
				},
				"rightarm3": {
					"rotation": ["Math.cos(query.anim_time * 40 + 40) *-10.0", 0, 0]
				},
				"leftarm": {
					"rotation": ["Math.cos(query.anim_time * 40 + 40) *50.0", 10, 0]
				},
				"leftarm2": {
					"rotation": ["-35+Math.cos(query.anim_time * 40 + 40) *32", 0, 0]
				},
				"leftarm3": {
					"rotation": ["Math.cos(query.anim_time * 40 + 40) *10.0", 0, 0]
				},
				"head": {
					"rotation": ["-24+Math.sin(query.life_time * 180.0) *3", 0, 0]
				},
				"leftleg3": {
					"rotation": ["-20+Math.cos(query.anim_time * 40 + 40) *50.0", 0, 0]
				},
				"leftleg4": {
					"rotation": ["35+Math.cos(query.anim_time * 40 + 40) *32.0", 0, 0]
				},
				"ear": {
					"rotation": ["Math.sin(query.life_time * 180.0) *3", 0, 0]
				},
				"ear2": {
					"rotation": ["Math.sin(query.life_time * 180.0) *3", 0, 0]
				}
			}
		},
		"animation.tom.ready": {
			"loop": true
		},
		"animation.tom.attack1": {
			"animation_length": 1,
			"bones": {
				"leftarm": {
					"rotation": {
						"0.0": [-60, 55, 30],
						"0.1167": [-60, 55, 30],
						"0.4833": [55, -25, -15],
						"0.6": [55, -25, -15],
						"0.8": [55, -25, -15],
						"1.0": [0, 0, 0]
					}
				},
				"leftarm2": {
					"rotation": {
						"0.0": [-30, -10, 15],
						"0.1167": [-30, -10, 15],
						"0.4833": [-115, 10, 0],
						"0.6": [-115, 10, 0],
						"0.8": [-115, 10, 0],
						"1.0": [0, 0, 0]
					}
				},
				"leftarm3": {
					"rotation": {
						"0.0": [0, 65, -25],
						"0.1167": [0, 65, -25],
						"0.4833": [10, 30, 15],
						"0.6": [10, 30, 15],
						"0.8": [10, 30, 15],
						"1.0": [0, 0, 0]
					}
				},
				"leftarm4": {
					"rotation": {
						"0.0": [0, 0, 65],
						"0.1167": [0, 0, 65]
					}
				},
				"leftarm8": {
					"rotation": {
						"0.0": [0, 0, 65],
						"0.1167": [0, 0, 65]
					}
				},
				"leftarm5": {
					"rotation": {
						"0.0": [0, 0, 50],
						"0.1167": [0, 0, 50]
					}
				},
				"leftarm9": {
					"rotation": {
						"0.0": [0, 0, 80],
						"0.1167": [0, 0, 80]
					}
				},
				"leftarm6": {
					"rotation": {
						"0.0": [0, 0, 40],
						"0.1167": [0, 0, 40]
					}
				},
				"leftarm10": {
					"rotation": {
						"0.0": [0, 0, 75],
						"0.1167": [0, 0, 75]
					}
				},
				"leftarm7": {
					"rotation": {
						"0.0": [-70, 105, 5],
						"0.1167": [-70, 105, 5]
					}
				},
				"leftarm11": {
					"rotation": {
						"0.0": [0, 0, 75],
						"0.1167": [0, 0, 75]
					}
				},
				"rightarm": {
					"rotation": {
						"0.0": [-45, 55, 0],
						"0.1167": [-45, 55, 0],
						"0.4833": [-10, -35, 0],
						"0.6": [-10, -35, 0],
						"0.8": [-10, -35, 0],
						"1.0": [0, 0, 0]
					}
				},
				"rightarm2": {
					"rotation": {
						"0.0": [-105, -15, 0],
						"0.1167": [-105, -15, 0],
						"0.4833": [-75, -15, 0],
						"0.6": [-75, -15, 0],
						"0.8": [-75, -15, 0],
						"1.0": [0, 0, 0]
					}
				},
				"rightarm3": {
					"rotation": {
						"0.0": [20, 55, 0],
						"0.1167": [20, 55, 0],
						"0.4833": [20, 55, 0],
						"0.6": [20, 55, 0],
						"0.8": [20, 55, 0],
						"1.0": [0, 0, 0]
					}
				},
				"axe": {
					"position": {
						"0.0": [0, 0, 2],
						"0.1167": [0, 0, 2]
					}
				},
				"body": {
					"rotation": {
						"0.0": [-25, 10, 0],
						"0.1167": [-25, 10, 0],
						"0.4833": [15, -60, 0],
						"0.6": [15, -60, 0],
						"0.8": [15, -60, 0],
						"1.0": [0, 0, 0]
					},
					"position": {
						"0.0": [0, -1, 0],
						"0.1167": [0, -1, 0],
						"0.8": [0, -1, 0],
						"1.0": [0, 0, 0]
					}
				},
				"head": {
					"rotation": {
						"0.0": [25, 0, 0],
						"0.1167": [25, 0, 0],
						"0.4833": [2.5, 0, 0],
						"0.6": [2.5, 0, 0],
						"0.8": [2.5, 0, 0],
						"1.0": [0, 0, 0]
					}
				},
				"leftleg": {
					"rotation": {
						"0.0": [-30, 0, 0],
						"0.1167": [-30, 0, 0],
						"0.4833": [-30, 0, 0],
						"0.6": [-30, 0, 0],
						"0.8": [-30, 0, 0],
						"1.0": [0, 0, 0]
					},
					"position": {
						"0.0": [0, -1, 0],
						"0.1167": [0, -1, 0],
						"0.4833": [0, -1, 0],
						"0.6": [0, -1, 0],
						"0.8": [0, -1, 0],
						"1.0": [0, 0, 0]
					},
					"scale": {
						"0.0": [1, 1, 1],
						"0.1167": [1, 1, 1]
					}
				},
				"leftleg2": {
					"rotation": {
						"0.0": [30, 0, 0],
						"0.1167": [30, 0, 0],
						"0.4833": [30, 0, 0],
						"0.6": [30, 0, 0],
						"0.8": [30, 0, 0],
						"1.0": [0, 0, 0]
					},
					"position": {
						"0.0": [0, 0, 0],
						"0.1167": [0, 0, 0]
					}
				},
				"leftleg3": {
					"rotation": {
						"0.0": [-5, 0, 15],
						"0.1167": [-5, 0, 15],
						"0.4833": [-5, 0, 15],
						"0.6": [-5, 0, 15],
						"0.8": [-5, 0, 15],
						"1.0": [0, 0, 0]
					}
				},
				"leftleg4": {
					"rotation": {
						"0.0": [35, 0, 0],
						"0.1167": [35, 0, 0],
						"0.4833": [35, 0, 0],
						"0.6": [35, 0, 0],
						"0.8": [35, 0, 0],
						"1.0": [0, 0, 0]
					}
				},
				"ear": {
					"rotation": {
						"0.0": [-20, 0, 10],
						"0.1167": [-20, 0, 10],
						"0.4833": [5, 0, 25],
						"0.6": [5, 0, 25],
						"1.0": [0, 0, 0]
					}
				},
				"ear2": {
					"rotation": {
						"0.0": [-25, 0, -10],
						"0.1167": [-25, 0, -10],
						"0.4833": [15, 0, 15],
						"0.6": [15, 0, 15],
						"1.0": [0, 0, 0]
					}
				},
				"snout": {
					"rotation": {
						"0.0": [0, 0, 0],
						"0.1167": [0, 0, 0],
						"0.4833": [35, 0, 0],
						"0.6": [35, 0, 0],
						"1.0": [0, 0, 0]
					}
				}
			}
		},
		"animation.tom.sitting": {
			"loop": true,
			"animation_length": 1,
			"bones": {
				"leftarm": {
					"rotation": {
						"0.0": [-40, 0, 0],
						"0.5167": [-35, 0, 0],
						"1.0": [-40, 0, 0]
					}
				},
				"leftarm2": {
					"rotation": [-45, 0, 0]
				},
				"leftarm3": {
					"rotation": {
						"0.0": [0, -80, 0],
						"0.5167": [5, -80, 0],
						"1.0": [0, -80, 0]
					}
				},
				"leftarm4": {
					"rotation": [0, 0, -70]
				},
				"leftarm8": {
					"rotation": [0, 0, -85]
				},
				"leftarm5": {
					"rotation": [0, 0, -70]
				},
				"leftarm9": {
					"rotation": [0, 0, -75]
				},
				"leftarm6": {
					"rotation": [0, 0, -70]
				},
				"leftarm10": {
					"rotation": [0, 0, -75]
				},
				"leftarm7": {
					"rotation": [0, 0, -90]
				},
				"leftarm11": {
					"rotation": [0, 0, -65]
				},
				"rightarm": {
					"rotation": {
						"0.0": [-35, 0, 0],
						"0.5167": [-30, 0, 0],
						"1.0": [-35, 0, 0]
					}
				},
				"rightarm2": {
					"rotation": [-50, 0, 0]
				},
				"rightarm3": {
					"rotation": {
						"0.0": [0, 0, 0],
						"0.5167": [0, -60, 0],
						"1.0": [0, 0, 0]
					}
				}
			}
		},
		"animation.tom.attacking": {
			"loop": true,
			"bones": {
				"body": {
					"rotation": [0, 0, 0],
					"position": [0, 0, 0]
				},
				"leftarm": {
					"rotation": [0, 0, 0]
				},
				"leftarm3": {
					"rotation": [0, 0, 0]
				},
				"leftarm4": {
					"rotation": [0, 0, 0]
				},
				"leftarm8": {
					"rotation": [0, 0, 0]
				},
				"leftarm5": {
					"rotation": [0, 0, 0]
				},
				"leftarm9": {
					"rotation": [0, 0, 0]
				},
				"leftarm6": {
					"rotation": [0, 0, 0]
				},
				"leftarm10": {
					"rotation": [0, 0, 0]
				},
				"leftarm7": {
					"rotation": [0, 0, 0]
				},
				"leftarm11": {
					"rotation": [0, 0, 0]
				},
				"rightarm": {
					"rotation": [0, 0, 0]
				},
				"rightarm2": {
					"rotation": [0, 0, 0]
				},
				"rightarm3": {
					"rotation": [0, 0, 0]
				},
				"axe": {
					"rotation": [0, 0, 0],
					"position": [0, 0, 0]
				},
				"head": {
					"rotation": [0, 0, 0]
				},
				"leftleg": {
					"rotation": [0, 0, 0],
					"position": [0, 0, 0]
				},
				"leftleg2": {
					"rotation": [0, 0, 0]
				},
				"leftleg3": {
					"rotation": [0, 0, 0],
					"position": [0, 0, 0]
				},
				"leftleg4": {
					"rotation": [0, 0, 0]
				}
			}
		},
		"animation.tom.attack2": {
			"animation_length": 1,
			"bones": {
				"body": {
					"rotation": {
						"0.0": [-25, 0, 0],
						"0.1167": [-25, 0, 0],
						"0.4833": [-5, 0, 0],
						"0.6": [-5, 0, 0],
						"1.0": [0, 0, 0]
					},
					"position": {
						"0.0": [0, -1, 3],
						"0.1167": [0, -1, 3],
						"0.4833": [0, -0.52, -0.44],
						"0.6": [0, -0.52, -0.44],
						"1.0": [0, 0, 0]
					}
				},
				"leftarm": {
					"rotation": {
						"0.0": [-30, 0, 0],
						"0.1167": [-30, 0, 0],
						"1.0": [0, 0, 0]
					}
				},
				"leftarm3": {
					"rotation": {
						"0.0": [0, -65, -5],
						"0.1167": [0, -65, -5],
						"1.0": [0, 0, 0]
					}
				},
				"leftarm4": {
					"rotation": {
						"0.0": [5, 0, 0],
						"0.1167": [5, 0, 0]
					}
				},
				"leftarm8": {
					"rotation": {
						"0.0": [0, 0, 30],
						"0.1167": [0, 0, 30]
					}
				},
				"leftarm5": {
					"rotation": {
						"0.0": [0, 0, 0],
						"0.1167": [0, 0, 0]
					}
				},
				"leftarm9": {
					"rotation": {
						"0.0": [0, 0, 35],
						"0.1167": [0, 0, 35]
					}
				},
				"leftarm6": {
					"rotation": {
						"0.0": [-5, 0, 0],
						"0.1167": [-5, 0, 0]
					}
				},
				"leftarm10": {
					"rotation": {
						"0.0": [0, 0, 30],
						"0.1167": [0, 0, 30]
					}
				},
				"leftarm7": {
					"rotation": {
						"0.0": [-5, 0, 0],
						"0.1167": [-5, 0, 0]
					}
				},
				"leftarm11": {
					"rotation": {
						"0.0": [0, 0, 25],
						"0.1167": [0, 0, 25]
					}
				},
				"rightarm": {
					"rotation": {
						"0.0": [0, 0, 0],
						"0.1167": [0, 0, 0],
						"1.0": [0, 0, 0]
					}
				},
				"rightarm2": {
					"rotation": {
						"0.0": [-90, 0, 5],
						"0.1167": [-90, 0, 5],
						"1.0": [0, 0, 0]
					}
				},
				"rightarm3": {
					"rotation": {
						"0.0": [0, -55, 0],
						"0.1167": [0, -55, 0],
						"0.5167": [0, -55, 0],
						"0.6333": [0, -55, 0],
						"1.0": [0, 0, 0]
					}
				},
				"axe": {
					"rotation": {
						"0.0": [0, 0, 0],
						"0.1167": [0, 0, 0]
					},
					"position": {
						"0.0": [0, 0, 0],
						"0.1167": [0, 0, 0]
					}
				},
				"head": {
					"rotation": {
						"0.0": [25, 0, 0],
						"0.1167": [25, 0, 0],
						"0.4833": [0, 0, 0],
						"0.6": [0, 0, 0],
						"1.0": [0, 0, 0]
					}
				},
				"leftleg": {
					"rotation": {
						"0.0": [-30, 0, -5],
						"0.1167": [-30, 0, -5],
						"0.4833": [9.4, 0, -2.6],
						"0.6": [9.4, 0, -2.6],
						"1.0": [0, 0, 0]
					},
					"position": {
						"0.0": [0, -1, 3],
						"0.1167": [0, -1, 3],
						"0.4833": [0, -0.52, 0.56],
						"0.6": [0, -0.52, 0.56],
						"1.0": [0, 0, 0]
					}
				},
				"leftleg2": {
					"rotation": {
						"0.0": [30, 0, 0],
						"0.1167": [30, 0, 0],
						"1.0": [0, 0, 0]
					}
				},
				"leftleg3": {
					"rotation": {
						"0.0": [60, 0, 5],
						"0.1167": [60, 0, 5],
						"0.4833": [-95, 0, 5],
						"0.6": [-95, 0, 5],
						"1.0": [0, 0, 0]
					},
					"position": {
						"0.0": [0, 0, 3],
						"0.1167": [0, 0, 3],
						"0.4833": [0, -1, -0.44],
						"0.6": [0, -1, -0.44],
						"1.0": [0, 0, 0]
					}
				},
				"leftleg4": {
					"rotation": {
						"0.0": [85, 0, 0],
						"0.1167": [85, 0, 0],
						"0.4833": [20, 0, 0],
						"0.6": [20, 0, 0],
						"1.0": [0, 0, 0]
					}
				},
				"leftarm2": {
					"rotation": {
						"0.0": [-75, 5, 0],
						"0.1167": [-75, 5, 0],
						"0.5167": [-75, 5, 0],
						"0.6333": [-75, 5, 0],
						"1.0": [0, 0, 0]
					}
				},
				"snout": {
					"rotation": {
						"0.0": [0, 0, 0],
						"0.1167": [0, 0, 0],
						"0.4833": [30, 0, 0],
						"0.6": [30, 0, 0],
						"1.0": [0, 0, 0]
					}
				},
				"ear": {
					"rotation": {
						"0.0": [-25, 0, 0],
						"0.1167": [-25, 0, 0],
						"0.4833": [5, 0, 0],
						"0.6": [5, 0, 0],
						"1.0": [0, 0, 0]
					}
				},
				"ear2": {
					"rotation": {
						"0.0": [-25, 0, 0],
						"0.1167": [-25, 0, 0],
						"0.4833": [10, 0, 0],
						"0.6": [10, 0, 0],
						"1.0": [0, 0, 0]
					}
				}
			}
		},
		"animation.tom.attack3": {
			"animation_length": 1,
			"bones": {
				"body": {
					"rotation": {
						"0.0": [30, 25, 0],
						"0.1167": [30, 25, 0],
						"0.5167": [15, -50, 0],
						"0.6333": [15, -50, 0],
						"1.0": [0, 0, 0]
					},
					"position": {
						"0.0": [0, -1, 0],
						"0.1167": [0, -1, 0],
						"0.5167": [0, -2, -1],
						"0.6333": [0, -2, -1],
						"1.0": [0, 0, 0]
					}
				},
				"leftarm": {
					"rotation": {
						"0.0": [-65, 0, -45],
						"0.1167": [-65, 0, -45],
						"0.5167": [40, 0, -5],
						"0.6333": [40, 0, -5],
						"1.0": ["-4+Math.sin(query.life_time * 180.0) *3", 0, "-9+Math.sin(query.life_time * 180.0) *3"]
					}
				},
				"leftarm2": {
					"rotation": {
						"0.0": [-60, 0, 0],
						"0.1167": [-60, 0, 0],
						"0.5167": [-55, -5, 0],
						"0.6333": [-55, -5, 0],
						"1.0": ["-4+Math.sin(query.life_time * 180.0) *3", 0, 0]
					}
				},
				"leftarm3": {
					"rotation": {
						"0.5167": [-40, 0, 0],
						"0.6333": [-40, 0, 0],
						"1.0": [0, 0, "5+Math.sin(query.life_time * 180.0) *3"]
					}
				},
				"leftarm4": {
					"rotation": {
						"0.0": [5, 0, 0],
						"0.1167": [5, 0, 0]
					}
				},
				"leftarm8": {
					"rotation": {
						"0.0": [0, 0, 45],
						"0.1167": [0, 0, 45]
					}
				},
				"leftarm9": {
					"rotation": {
						"0.0": [0, 0, 45],
						"0.1167": [0, 0, 45]
					}
				},
				"leftarm6": {
					"rotation": {
						"0.0": [-10, 0, 0],
						"0.1167": [-10, 0, 0]
					}
				},
				"leftarm10": {
					"rotation": {
						"0.0": [0, 0, 30],
						"0.1167": [0, 0, 30]
					}
				},
				"leftarm7": {
					"rotation": {
						"0.0": [-15, 0, 0],
						"0.1167": [-15, 0, 0]
					}
				},
				"leftarm11": {
					"rotation": {
						"0.0": [0, 0, 35],
						"0.1167": [0, 0, 35]
					}
				},
				"rightarm": {
					"rotation": {
						"0.0": [0, 0, 70],
						"0.1167": [0, 0, 70],
						"0.5167": [-115, 0, 70],
						"0.6333": [-115, 0, 70],
						"1.0": ["4+Math.sin(query.life_time * 180.0) *-3", 0, "9+Math.sin(query.life_time * 180.0) *-3"]
					}
				},
				"rightarm2": {
					"rotation": {
						"0.0": [-35, 0, 0],
						"0.1167": [-35, 0, 0],
						"1.0": ["-4+Math.sin(query.life_time * 180.0) *3", 0, 0]
					}
				},
				"rightarm3": {
					"rotation": {
						"0.0": [0, 155, 0],
						"0.1167": [0, 155, 0],
						"0.5167": [60, 160, 0],
						"0.6333": [60, 160, 0],
						"1.0": [0, 0, "-5+Math.sin(query.life_time * 180.0) *-3"]
					}
				},
				"head": {
					"rotation": {
						"0.0": [-30, -30, 15],
						"0.1167": [-30, -30, 15],
						"0.5167": [-25, 25, -15],
						"0.6333": [-25, 25, -15],
						"1.0": ["query.target_x_rotation - this", "query.target_y_rotation - this", 0]
					}
				},
				"snout": {
					"rotation": {
						"0.0": [0, 0, 0],
						"0.1167": [0, 0, 0],
						"0.5167": [25, 0, 0],
						"0.6333": [25, 0, 0],
						"1.0": ["4+Math.sin(query.life_time * 180.0) *3", 0, 0]
					}
				},
				"leftleg": {
					"rotation": {
						"0.0": [-40, 0, -10],
						"0.1167": [-40, 0, -10],
						"0.5167": [10, 0, 0],
						"0.6333": [10, 0, 0],
						"1.0": [0, -5, 0]
					},
					"position": {
						"0.0": [0, -1.6, 0],
						"0.1167": [0, -1.6, 0],
						"0.5167": [0, -1.6, 0],
						"0.6333": [0, -1.6, 0],
						"1.0": [0, 0, 0]
					}
				},
				"leftleg2": {
					"rotation": {
						"0.0": [40, 0, 0],
						"0.1167": [40, 0, 0],
						"0.5167": [75, 0, 0],
						"0.6333": [75, 0, 0],
						"1.0": ["4+Math.sin(query.life_time * 180.0) *3", 0, 0]
					}
				},
				"leftleg3": {
					"rotation": {
						"0.0": [30, 0, 15],
						"0.1167": [30, 0, 15],
						"0.5167": [-45, 0, 0],
						"0.6333": [-45, 0, 0],
						"1.0": [0, 5, 0]
					},
					"position": {
						"0.0": [0, -1, 0],
						"0.1167": [0, -1, 0],
						"0.5167": [0, -2, 0],
						"0.6333": [0, -2, 0],
						"1.0": [0, 0, 0]
					}
				},
				"leftleg4": {
					"rotation": {
						"0.0": [25, 0, 0],
						"0.1167": [25, 0, 0],
						"0.5167": [50, 0, 0],
						"0.6333": [50, 0, 0],
						"1.0": ["4+Math.sin(query.life_time * 180.0) *3", 0, 0]
					}
				},
				"ear": {
					"rotation": {
						"0.0": [-20, 0, -10],
						"0.1167": [-20, 0, -10],
						"0.5167": [20, 0, 20],
						"0.6333": [20, 0, 20],
						"1.0": [0, 0, 0]
					}
				},
				"ear2": {
					"rotation": {
						"0.0": [-15, 0, -15],
						"0.1167": [-15, 0, -15],
						"0.5167": [20, 0, 20],
						"0.6333": [20, 0, 20],
						"1.0": [0, 0, 0]
					}
				}
			}
		},
		"animation.tom.general": {
			"loop": true,
			"bones": {
				"leftleg": {
					"rotation": [0, -5, 0],
					"position": [0, "0+Math.sin(query.life_time * 180.0) *0.5", 0]
				},
				"leftleg2": {
					"rotation": [0, 0, 0],
					"position": [0, "0+Math.sin(query.life_time * 180.0) *-0.5", 0]
				},
				"rightarm": {
					"rotation": ["4+Math.sin(query.life_time * 180.0) *-3", 0, "9+Math.sin(query.life_time * 180.0) *-3"]
				},
				"rightarm2": {
					"rotation": ["-4+Math.sin(query.life_time * 180.0) *3", 0, 0]
				},
				"rightarm3": {
					"rotation": [0, 0, "-5+Math.sin(query.life_time * 180.0) *-3"]
				},
				"rightarm4": {
					"rotation": [0, 0, -20]
				},
				"rightarm9": {
					"rotation": [0, 0, -20]
				},
				"rightarm5": {
					"rotation": [0, 0, -25]
				},
				"rightarm10": {
					"rotation": [0, 0, -20]
				},
				"rightarm6": {
					"rotation": [0, 0, 0]
				},
				"rightarm11": {
					"rotation": [0, 0, -20]
				},
				"rightarm7": {
					"rotation": [0, 0, -25]
				},
				"rightarm8": {
					"rotation": [-5, 0, 0]
				},
				"leftarm": {
					"rotation": ["-4+Math.sin(query.life_time * 180.0) *3", 0, "-9+Math.sin(query.life_time * 180.0) *3"]
				},
				"leftarm2": {
					"rotation": ["-4+Math.sin(query.life_time * 180.0) *3", 0, 0]
				},
				"leftarm3": {
					"rotation": [0, 0, "5+Math.sin(query.life_time * 180.0) *3"]
				},
				"leftarm4": {
					"rotation": [0, 0, 95]
				},
				"leftarm5": {
					"rotation": [0, 0, 85]
				},
				"leftarm6": {
					"rotation": [0, 0, 85]
				},
				"leftarm7": {
					"rotation": [0, 95, 85]
				},
				"leftarm8": {
					"rotation": [0, 0, 90]
				},
				"leftarm9": {
					"rotation": [0, 0, 105]
				},
				"leftarm10": {
					"rotation": [0, 0, 95]
				},
				"leftarm11": {
					"rotation": [0, 0, 115]
				},
				"snout": {
					"rotation": ["4+Math.sin(query.life_time * 180.0) *3", 0, 0]
				},
				"ear": {
					"rotation": ["Math.sin(query.life_time * 180.0) *3", 0, "4+Math.sin(query.life_time * 180.0) *3"]
				},
				"ear2": {
					"rotation": ["Math.sin(query.life_time * 180.0) *3", 0, "-4+Math.sin(query.life_time * 180.0) *3"]
				},
				"leftleg3": {
					"rotation": [0, 5, 0],
					"position": [0, "0+Math.sin(query.life_time * 180.0) *0.5", 0]
				},
				"leftleg4": {
					"rotation": [0, 0, 0],
					"position": [0, "0+Math.sin(query.life_time * 180.0) *-0.5", 0]
				},
				"head": {
					"rotation": ["query.target_x_rotation - this", "query.target_y_rotation - this", 0]
				},
				"body": {
					"position": [0, "0+Math.sin(query.life_time * 180.0) *0.5", 0]
				}
			}
		}
	}
}