{
	"geometry.dragon_head": {
		"texturewidth": 320,
		"textureheight": 320,
		"bones": [
			{
				"name": "head",
				"pivot": [0, 24, 0],
				"cubes": [
					{"origin": [-8, 16, -10], "size": [16, 16, 16], "uv": [0, 0]},
					{"origin": [4, 32, -10], "size": [4, 6, 16], "uv": [64, 0]},
					{"origin": [-8, 32, -10], "size": [4, 6, 16], "uv": [104, 0]},
					{"origin": [-8, 16, 6], "size": [16, 9, 8], "uv": [144, 0]},
					{"origin": [-7, 17, -14], "size": [3, 14, 4], "uv": [192, 0]},
					{"origin": [-8, 25, 6], "size": [4, 9, 6], "uv": [206, 52]},
					{"origin": [4, 17, -14], "size": [3, 14, 4], "uv": [226, 0]},
					{"origin": [-4, 27, -14], "size": [8, 4, 4], "uv": [240, 0]},
					{"origin": [-4, 17, -14], "size": [8, 4, 4], "uv": [264, 0]},
					{"origin": [4, 24, 6], "size": [4, 10, 6], "uv": [206, 0]}
				]
			},
			{
				"name": "jaw",
				"pivot": [0, 20, -8]
			}
		]
		
    },
	"geometry.mob_head": {
		"texturewidth": 64,
		"textureheight": 32,
		"visible_bounds_width": 3,
		"visible_bounds_height": 3,
		"visible_bounds_offset": [0, 1.5, 0],
		"bones": [
			{
				"name": "head",
				"pivot": [0, 24, 0],
				"cubes": [
					{"origin": [10, 24, -4], "size": [2, 7, 2], "uv": [0, 0]},
					{"origin": [-18, 24, -4], "size": [2, 7, 2], "uv": [0, 0]},
					{"origin": [10, 24, 8], "size": [2, 7, 2], "uv": [0, 0]},
					{"origin": [-18, 24, 8], "size": [2, 7, 2], "uv": [0, 0]},
					{"origin": [-18, 31, -4], "size": [2, 7, 2], "uv": [0, 0]},
					{"origin": [-18, 38, -4], "size": [2, 7, 2], "uv": [0, 0]},
					{"origin": [-18, 45, -4], "size": [2, 7, 2], "uv": [0, 0]},
					{"origin": [-18, 52, -4], "size": [2, 7, 2], "uv": [0, 0]},
					{"origin": [-18, 59, -4], "size": [2, 7, 2], "uv": [0, 0]},
					{"origin": [-18, 66, -4], "size": [2, 7, 2], "uv": [0, 0]},
					{"origin": [10, 31, -4], "size": [2, 7, 2], "uv": [0, 0]},
					{"origin": [10, 37, -4], "size": [2, 7, 2], "uv": [0, 0]},
					{"origin": [10, 44, -4], "size": [2, 7, 2], "uv": [0, 0]},
					{"origin": [10, 50, -4], "size": [2, 7, 2], "uv": [0, 0]},
					{"origin": [10, 57, -4], "size": [2, 7, 2], "uv": [0, 0]},
					{"origin": [10, 64, -4], "size": [2, 7, 2], "uv": [0, 0]},
					{"origin": [10, 31, 8], "size": [2, 7, 2], "uv": [0, 0]},
					{"origin": [10, 38, 8], "size": [2, 7, 2], "uv": [0, 0]},
					{"origin": [10, 45, 8], "size": [2, 7, 2], "uv": [0, 0]},
					{"origin": [10, 52, 8], "size": [2, 7, 2], "uv": [0, 0]},
					{"origin": [10, 59, 8], "size": [2, 7, 2], "uv": [0, 0]},
					{"origin": [10, 66, 8], "size": [2, 7, 2], "uv": [0, 0]},
					{"origin": [-18, 31, 8], "size": [2, 7, 2], "uv": [0, 0]},
					{"origin": [-18, 38, 8], "size": [2, 7, 2], "uv": [0, 0]},
					{"origin": [-18, 45, 8], "size": [2, 7, 2], "uv": [0, 0]},
					{"origin": [-18, 52, 8], "size": [2, 7, 2], "uv": [0, 0]},
					{"origin": [-18, 59, 8], "size": [2, 7, 2], "uv": [0, 0]},
					{"origin": [-18, 66, 8], "size": [2, 7, 2], "uv": [0, 0]},
					{"origin": [-18, 36, -4], "size": [15, 2, 14], "uv": [0, 16]},
					{"origin": [-3, 36, -4], "size": [15, 2, 14], "uv": [0, 16]},
					{"origin": [-18, 51, -4], "size": [15, 2, 14], "uv": [0, 16]},
					{"origin": [-3, 51, -4], "size": [15, 2, 14], "uv": [0, 16]},
					{"origin": [-18, 61, -4], "size": [15, 2, 14], "uv": [0, 16]},
					{"origin": [-3, 61, -4], "size": [15, 2, 14], "uv": [0, 16]},
					{"origin": [-3, 71, -4], "size": [15, 2, 14], "uv": [0, 16]},
					{"origin": [-18, 71, -4], "size": [15, 2, 14], "uv": [0, 16]}
				]
			}
		] 
	},
	"geometry.zombie.villager:geometry.humanoid": {
		"texturewidth": 64,
		"textureheight": 64,
		"visible_bounds_width": 1,
		"visible_bounds_height": 2,
		"visible_bounds_offset": [0, 1, 0],
		"bones": [
			{
				"name": "head",
				"pivot": [0, 24, 0],
				"reset": true,
				"cubes": [
					{"origin": [-4, 24, -4], "size": [8, 8, 8], "uv": [0, 0], "inflate": 0.25},
					{"origin": [-1, 23, -6], "size": [2, 4, 2], "uv": [24, 0], "inflate": 0.25}
				]
			},
			{
				"name": "body",
				"pivot": [0, 24, 0],
				"reset": true,
				"material": "alpha",
				"cubes": [
					{"origin": [-4, 12, -2], "size": [8, 12, 4], "uv": [16, 16]}
				]
			},
			{
				"name": "waist",
				"pivot": [0, 12, 0]
			},
			{
				"name": "rightArm",
				"pivot": [-5, 22, 0],
				"reset": true,
				"cubes": [
					{"origin": [-8, 12, -2], "size": [4, 12, 4], "uv": [40, 16]}
				]
			},
			{
				"name": "rightItem",
				"parent": "rightArm",
				"pivot": [-6, 15, 1]
			},
			{
				"name": "leftArm",
				"pivot": [5, 22, 0],
				"reset": true,
				"mirror": true,
				"cubes": [
					{"origin": [4, 12, -2], "size": [4, 12, 4], "uv": [40, 16]}
				]
			},
			{
				"name": "rightLeg",
				"pivot": [-2, 12, 0],
				"reset": true,
				"cubes": [
					{"origin": [-4, 0, -2], "size": [4, 12, 4], "uv": [0, 16]}
				]
			},
			{
				"name": "leftLeg",
				"pivot": [2, 12, 0],
				"reset": true,
				"mirror": true,
				"cubes": [
					{"origin": [0, 0, -2], "size": [4, 12, 4], "uv": [0, 16]}
				]
			}
		]
	},
	"geometry.cow": {
		"texturewidth": 64,
		"textureheight": 32,
		"visible_bounds_width": 1,
		"visible_bounds_height": 1,
		"visible_bounds_offset": [0, 0.5, 0],
		"bones": [
			{
				"name": "body",
				"pivot": [0, 5, 2],
				"rotation": [90, 0, 0],
				"reset": true,
				"cubes": [
					{"origin": [-4, 4, -2], "size": [5, 1, 7], "uv": [18, 4]},
					{"origin": [-4, 10, -2], "size": [5, 1, 7], "uv": [18, 4]},
					{"origin": [1, 5, -2], "size": [1, 5, 7], "uv": [21, 19]},
					{"origin": [-5, 5, -2], "size": [1, 5, 7], "uv": [21, 19]},
					{"origin": [-5, 4, 5], "size": [7, 7, 1], "uv": [46, 24]},
					{"origin": [-5, 4, -3], "size": [7, 7, 1], "uv": [46, 24]}
				]
			},
			{
				"name": "head",
				"pivot": [0, 20, -8],
				"reset": true
			},
			{
				"name": "leg0",
				"pivot": [-4, 12, 7]
			},
			{
				"name": "leg1",
				"pivot": [4, 12, 7]
			},
			{
				"name": "leg2",
				"pivot": [-4, 12, -6]
			},
			{
				"name": "leg3",
				"pivot": [4, 12, -6]
			}
		]
	},
	"geometry.skeleton": {
		"texturewidth": 64,
		"textureheight": 64,
		"visible_bounds_width": 2,
		"visible_bounds_height": 3,
		"visible_bounds_offset": [0, 1.5, 0],
		"bones": [
			{
				"name": "head",
				"pivot": [0, 24, 0],
				"reset": true,
				"cubes": [
					{"origin": [-4, 24, -4], "size": [8, 8, 8], "uv": [0, 2], "inflate": 0.25},
					{"origin": [-4, 32, -4], "size": [2, 1, 8], "uv": [0, 0]},
					{"origin": [2, 32, -4], "size": [2, 1, 8], "uv": [0, 0]},
					{"origin": [-2, 32, -3], "size": [1, 1, 6], "uv": [30, 57]},
					{"origin": [4, 25, -4], "size": [1, 5, 8], "uv": [0, 51]},
					{"origin": [-5, 25, -4], "size": [1, 4, 8], "uv": [0, 52]},
					{"origin": [-6, 28, -4], "size": [2, 7, 8], "uv": [44, 49]},
					{"origin": [4, 28, -4], "size": [2, 7, 8], "uv": [44, 49]},
					{"origin": [1, 32, -3], "size": [1, 1, 6], "uv": [30, 57]},
					{"origin": [-4, 33, -4], "size": [1, 1, 8], "uv": [28, 55]},
					{"origin": [3, 33, -4], "size": [1, 1, 8], "uv": [28, 55]}
				]
			},
			{
				"name": "body",
				"pivot": [0, 24, 0],
				"reset": true,
				"cubes": [
					{"origin": [-1, 13, 2], "size": [2, 2, 1], "uv": [41, 18]},
					{"origin": [-1, 16, 2], "size": [2, 2, 1], "uv": [35, 21]},
					{"origin": [-1, 20, 2], "size": [2, 2, 1], "uv": [35, 18]},
					{"origin": [-4, 18, -2], "size": [8, 6, 4], "uv": [13, 18]},
					{"origin": [-6, 22, -2], "size": [12, 2, 4], "uv": [14, 18]},
					{"origin": [-1, 10, -1], "size": [2, 7, 3], "uv": [14, 25]},
					{"origin": [-3, 10, -1], "size": [6, 2, 2], "uv": [14, 28]},
					{"origin": [-2, 12, -2], "size": [4, 6, 3], "uv": [14, 28]},
					{"origin": [-1, 22, -3], "size": [2, 1, 1], "uv": [47, 18]},
					{"origin": [1, 21, -3], "size": [2, 1, 1], "uv": [47, 18]},
					{"origin": [-3, 21, -3], "size": [2, 1, 1], "uv": [47, 18]}
				]
			},
			{
				"name": "rightArm",
				"pivot": [-5, 22, 0],
				"reset": true,
				"cubes": [
					{"origin": [-6, 13, -1], "size": [2, 10, 2], "uv": [33, 4]},
					{"origin": [-6, 11, -1], "size": [2, 2, 0], "uv": [37, 36]},
					{"origin": [-6, 12, -1], "size": [0, 1, 2], "uv": [37, 36]},
					{"origin": [-4, 12, -1], "size": [0, 1, 2], "uv": [37, 36]},
					{"origin": [-6, 12, 1], "size": [2, 1, 0], "uv": [37, 36]}
				]
			},
			{
				"name": "leftArm",
				"pivot": [5, 22, 0],
				"reset": true,
				"mirror": true,
				"cubes": [
					{"origin": [4, 13, -1], "size": [2, 10, 2], "uv": [0, 24]},
					{"origin": [4, 11, -1], "size": [2, 2, 0], "uv": [35, 36]},
					{"origin": [6, 12, -1], "size": [0, 1, 2], "uv": [35, 36]},
					{"origin": [4, 12, -1], "size": [0, 1, 2], "uv": [35, 36]},
					{"origin": [4, 12, 1], "size": [2, 1, 0], "uv": [35, 36]}
				]
			},
			{
				"name": "rightLeg",
				"pivot": [-2, 12, 0],
				"reset": true,
				"cubes": [
					{"origin": [-3, 0, -1], "size": [2, 12, 2], "uv": [0, 22]},
					{"origin": [-3, 0, -2], "size": [2, 2, 1], "uv": [44, 31]},
					{"origin": [-3, 0, -2], "size": [2, 1, 4], "uv": [0, 22]},
					{"origin": [-4, 0, -1], "size": [1, 1, 2], "uv": [0, 22]},
					{"origin": [-1, 0, 0], "size": [1, 1, 2], "uv": [0, 22]}
				]
			},
			{
				"name": "leftLeg",
				"pivot": [2, 12, 0],
				"reset": true,
				"mirror": true,
				"cubes": [
					{"origin": [1, 0, -1], "size": [2, 12, 2], "uv": [0, 22]},
					{"origin": [1, 0, -2], "size": [2, 2, 1], "uv": [0, 38], "mirror": false}
				]
			}
		]
	},
	"geometry.boat": {
		"texturewidth": 512,
		"textureheight": 512,
		"visible_bounds_width": 7,
		"visible_bounds_height": 4,
		"visible_bounds_offset": [0, 2, 0],
		"bones": [
			{
				"name": "bottom",
				"pivot": [0, 0, 0],
				"cubes": [
					{"origin": [-39.5, 20, -25.5], "size": [76, 3, 46], "uv": [256, 256], "mirror": true},
					{"origin": [-39.5, 23, 16.5], "size": [76, 13, 4], "uv": [0, 0], "mirror": true},
					{"origin": [-39.5, 23, -25.5], "size": [76, 13, 4], "uv": [0, 0], "mirror": true},
					{"origin": [32.5, 23, -21.5], "size": [4, 13, 38], "uv": [427, 0], "mirror": true},
					{"origin": [-39.5, 23, -22.5], "size": [4, 13, 39], "uv": [256, 256], "mirror": true},
					{"origin": [11.5, 18, 1.5], "size": [25, 2, 14], "uv": [256, 256], "mirror": true},
					{"origin": [11.5, 18, -22.5], "size": [25, 2, 14], "uv": [256, 256], "mirror": true},
					{"origin": [11.5, 10, 1.5], "size": [25, 2, 14], "uv": [256, 256], "mirror": true},
					{"origin": [11.5, 10, -22.5], "size": [25, 2, 14], "uv": [256, 256], "mirror": true},
					{"origin": [11.5, 12, 14.5], "size": [25, 6, 2], "uv": [256, 256], "mirror": true},
					{"origin": [11.5, 12, 0.5], "size": [25, 6, 2], "uv": [256, 256], "mirror": true},
					{"origin": [34.5, 12, 1.5], "size": [2, 6, 14], "uv": [256, 256], "mirror": true},
					{"origin": [11.5, 12, 0.5], "size": [2, 6, 14], "uv": [256, 256], "mirror": true},
					{"origin": [11.5, 12, -23.5], "size": [25, 6, 2], "uv": [458, 504], "mirror": true},
					{"origin": [11.5, 12, -9.5], "size": [25, 6, 2], "uv": [256, 256], "mirror": true},
					{"origin": [34.5, 12, -22.5], "size": [2, 6, 14], "uv": [256, 256], "mirror": true},
					{"origin": [-34.5, 12, -22.5], "size": [2, 6, 14], "uv": [256, 256], "mirror": true},
					{"origin": [11.5, 12, -22.5], "size": [2, 6, 14], "uv": [256, 256], "mirror": true},
					{"origin": [-34.5, 18, -22.5], "size": [25, 2, 14], "uv": [256, 256], "mirror": true},
					{"origin": [-34.5, 10, -22.5], "size": [25, 2, 14], "uv": [256, 256], "mirror": true},
					{"origin": [-11.5, 12, -21.5], "size": [2, 6, 13], "uv": [256, 256], "mirror": true},
					{"origin": [-34.5, 12, -23.5], "size": [25, 6, 2], "uv": [458, 504], "mirror": true},
					{"origin": [-34.5, 12, -9.5], "size": [25, 6, 2], "uv": [256, 256], "mirror": true},
					{"origin": [-34.5, 12, 14.5], "size": [25, 6, 2], "uv": [256, 256], "mirror": true},
					{"origin": [-34.5, 12, 0.5], "size": [2, 6, 14], "uv": [256, 256], "mirror": true},
					{"origin": [-34.5, 10, 1.5], "size": [25, 2, 14], "uv": [256, 256], "mirror": true},
					{"origin": [-34.5, 18, 1.5], "size": [25, 2, 14], "uv": [256, 256], "mirror": true},
					{"origin": [-11.5, 12, 0.5], "size": [2, 6, 14], "uv": [256, 256], "mirror": true},
					{"origin": [-47.5, 21, -18.5], "size": [8, 9, 32], "uv": [432, 0], "mirror": true},
					{"origin": [-46.5, 26, -18.5], "size": [4, 3, 32], "uv": [256, 256], "mirror": true},
					{"origin": [-48.5, 28, -18.5], "size": [4, 3, 32], "uv": [256, 256], "mirror": true},
					{"origin": [-55.5, 23, -18.5], "size": [13, 3, 32], "uv": [256, 256], "mirror": true},
					{"origin": [-52.5, 33, -18.5], "size": [4, 3, 32], "uv": [256, 256], "mirror": true},
					{"origin": [-50.5, 31, -18.5], "size": [4, 3, 32], "uv": [256, 256], "mirror": true},
					{"origin": [-54.5, 35, -18.5], "size": [4, 3, 32], "uv": [256, 256], "mirror": true},
					{"origin": [-46.5, 20, -18.5], "size": [4, 3, 32], "uv": [256, 256], "mirror": true},
					{"origin": [-48.5, 18, -18.5], "size": [4, 3, 32], "uv": [256, 256], "mirror": true},
					{"origin": [-50.5, 16, -18.5], "size": [4, 3, 32], "uv": [256, 256], "mirror": true},
					{"origin": [-52.5, 14, -18.5], "size": [4, 3, 32], "uv": [256, 256], "mirror": true},
					{"origin": [-54.5, 12, -18.5], "size": [4, 3, 32], "uv": [256, 256], "mirror": true},
					{"origin": [-44.5, 29, -18.5], "size": [2, 12, 32], "uv": [256, 256], "mirror": true},
					{"origin": [-44.5, 11, -18.5], "size": [2, 12, 32], "uv": [256, 256], "mirror": true},
					{"origin": [-47.5, 21, -25.5], "size": [8, 15, 7], "uv": [256, 256], "mirror": true},
					{"origin": [-47.5, 21, 13.5], "size": [8, 15, 7], "uv": [256, 256], "mirror": true},
					{"origin": [-23.5, 21, -28.5], "size": [6, 58, 3], "uv": [256, 256], "mirror": true},
					{"origin": [-23.5, 21, 20.5], "size": [6, 58, 3], "uv": [256, 256], "mirror": true},
					{"origin": [-23.5, 72, -25.5], "size": [6, 7, 46], "uv": [308, 256], "mirror": true},
					{"origin": [-18.5, 75, -11.5], "size": [2, 2, 17], "uv": [190, 193], "mirror": true},
					{"origin": [20.5, 27, -12.5], "size": [9, 18, 22], "uv": [256, 256], "mirror": true},
					{"origin": [8.5, 24, -12.5], "size": [12, 16, 22], "uv": [312, 271], "mirror": true},
					{"origin": [17.5, 32, -18.5], "size": [4, 4, 6], "uv": [321, 310], "mirror": true},
					{"origin": [6.5, 31, -18.5], "size": [11, 4, 3], "uv": [401, 355], "mirror": true},
					{"origin": [2.5, 32, -18.5], "size": [4, 3, 33], "uv": [403, 308], "mirror": true},
					{"origin": [17.5, 32, 9.5], "size": [4, 4, 6], "uv": [323, 315], "mirror": true},
					{"origin": [6.5, 31, 11.5], "size": [11, 4, 3], "uv": [326, 332], "mirror": true},
					{"origin": [35.5, 12, -17.5], "size": [2, 6, 28], "uv": [256, 256], "mirror": true},
					{"origin": [13.5, 40, -10.5], "size": [2, 4, 1], "uv": [332, 334], "mirror": true},
					{"origin": [13.5, 40, -6.5], "size": [2, 4, 1], "uv": [265, 256], "mirror": true},
					{"origin": [13.5, 43, -10.5], "size": [2, 1, 5], "uv": [256, 256], "mirror": true},
					{"origin": [11.5, 40, -11.5], "size": [6, 1, 7], "uv": [352, 267], "mirror": true},
					{"origin": [22.5, 45, -7.5], "size": [4, 1, 12], "uv": [438, 212], "mirror": true},
					{"origin": [-34.5, 12, 0.5], "size": [25, 6, 2], "uv": [256, 256], "mirror": true}
				]
			}
		]
	},
	"geometry.zombie": {
		"texturewidth": 64,
		"textureheight": 64,
		"visible_bounds_width": 1,
		"visible_bounds_height": 2,
		"visible_bounds_offset": [0, 1, 0],
		"bones": [
			{
				"name": "body",
				"pivot": [0, 11.9952, 0],
				"cubes": [
					{"origin": [-4, 19, -2], "size": [8, 5, 4], "uv": [16, 16]},
					{"origin": [-1, 12, -1], "size": [2, 7, 2], "uv": [16, 16]},
					{"origin": [-3, 15, -1], "size": [6, 4, 2], "uv": [16, 16]},
					{"origin": [-3, 11, -1], "size": [6, 2, 2], "uv": [16, 16]},
					{"origin": [-2, 14, -1], "size": [4, 1, 2], "uv": [16, 16]}
				]
			},
			{
				"name": "leftArm",
				"parent": "body",
				"pivot": [4.14702, 22.99088, 0],
				"mirror": true,
				"cubes": [
					{"origin": [4, 11, -1], "size": [2, 13, 2], "uv": [0, 16]}
				]
			},
			{
				"name": "rightArm",
				"parent": "body",
				"pivot": [-3.9984, 22.99088, 0],
				"cubes": [
					{"origin": [-6, 11, -1], "size": [2, 13, 2], "uv": [0, 16]}
				]
			},
			{
				"name": "head",
				"pivot": [-0.14911, 23.9904, 0],
				"cubes": [
					{"origin": [-4, 24, -4], "size": [8, 8, 8], "uv": [0, 0]}
				]
			},
			{
				"name": "leftLeg",
				"pivot": [2.07536, 11.9952, 0],
				"mirror": true,
				"cubes": [
					{"origin": [1.00001, 0, -1], "size": [2, 12, 2], "uv": [40, 16]},
					{"origin": [1.00001, 0, -2], "size": [2, 1, 1], "uv": [44, 30]}
				]
			},
			{
				"name": "rightLeg",
				"pivot": [-1.9992, 11.9952, 0],
				"cubes": [
					{"origin": [-3, 0, -1], "size": [2, 12, 2], "uv": [40, 16]},
					{"origin": [-3, 0, -2], "size": [2, 1, 1], "uv": [44, 30]}
				]
			}
		]
	},
	"geometry.pig:geometry.quadruped": {
		"texturewidth": 64,
		"textureheight": 32,
		"visible_bounds_width": 3,
		"visible_bounds_height": 3,
		"visible_bounds_offset": [0, 1.5, 0],
		"bones": [
			{
				"name": "body",
				"pivot": [0, 31, 2],
				"rotation": [90, 0, 0],
				"reset": true,
				"cubes": [
					{"origin": [-11, 22, 14], "size": [31, 18, 8], "uv": [0, 6]},
					{"origin": [-3, 22, -29], "size": [14, 7, 43], "uv": [0, 0]},
					{"origin": [-6, 19, 8], "size": [20, 13, 6], "uv": [0, 0]}
				]
			},
			{
				"name": "head",
				"pivot": [15, 50, -3],
				"reset": true,
				"cubes": [
					{"origin": [13, 43, -15], "size": [7, 8, 12], "uv": [0, 12]}
				]
			},
			{
				"name": "leg0",
				"pivot": [-9, 51, -5],
				"reset": true,
				"cubes": [
					{"origin": [-11, 47, -15], "size": [4, 4, 12], "uv": [0, 13]},
					{"origin": [-11, 39, -15], "size": [4, 8, 4], "uv": [0, 13]}
				]
			},
			{
				"name": "leg1",
				"pivot": [9, 51, -5],
				"reset": true,
				"mirror": true,
				"cubes": [
					{"origin": [7, 47, -18], "size": [4, 4, 15], "uv": [0, 13]},
					{"origin": [7, 38, -18], "size": [4, 9, 4], "uv": [0, 16]}
				]
			},
			{
				"name": "leg2",
				"pivot": [-3, 51, -5],
				"reset": true,
				"cubes": [
					{"origin": [-5, 47, -18], "size": [4, 4, 15], "uv": [0, 13]},
					{"origin": [-5, 38, -18], "size": [4, 9, 4], "uv": [0, 16]}
				]
			},
			{
				"name": "leg3",
				"pivot": [3, 51, -5],
				"reset": true,
				"mirror": true,
				"cubes": [
					{"origin": [1, 47, -21], "size": [4, 4, 18], "uv": [0, 10]},
					{"origin": [1, 37, -21], "size": [4, 11, 4], "uv": [0, 16]}
				]
			}
		]
	},
	"geometry.chicken": {
		"texturewidth": 64,
		"textureheight": 32,
		"visible_bounds_width": 4,
		"visible_bounds_height": 6,
		"visible_bounds_offset": [0, 3, 0],
		"bones": [
			{
				"name": "head",
				"pivot": [0, 23, -4],
				"rotation": [5, 0, 0],
				"cubes": []
			},
			{
				"name": "beak",
				"parent": "head",
				"pivot": [0, 9, -4]
			},
			{
				"name": "body",
				"pivot": [0, 43, 2],
				"rotation": [90, 0, 0],
				"cubes": [
					{"origin": [-3, 42.45287, 7.66634], "size": [6, 8, 6], "uv": [40, 1], "inflate": 2},
					{"origin": [-11, 42.13068, -2.16092], "size": [22, 8, 10], "uv": [0, 0], "inflate": 2},
					{"origin": [-8, 39.80848, -5.98818], "size": [16, 9, 10], "uv": [0, 0], "inflate": 2},
					{"origin": [-3, 42.45287, -15.33366], "size": [6, 3, 6], "uv": [40, 1], "inflate": 2}
				]
			},
			{
				"name": "leg0",
				"pivot": [-12, 48, 0],
				"rotation": [0, 0, 10],
				"cubes": [
					{"origin": [-21, 22, -3], "size": [4, 23, 6], "uv": [44, 3], "inflate": 1},
					{"origin": [-24, 45, -4], "size": [11, 5, 8], "uv": [44, 3], "inflate": 1},
					{"origin": [-22, 0, -3], "size": [6, 2, 6], "uv": [44, 3], "inflate": 1},
					{"origin": [-22, 0, -5], "size": [1, 2, 2], "uv": [44, 3], "inflate": 1},
					{"origin": [-20, 0, -7], "size": [1, 2, 4], "uv": [44, 3], "inflate": 1},
					{"origin": [-16, 0, -6], "size": [1, 2, 4], "uv": [44, 3], "inflate": 1},
					{"origin": [-18, 0, -7], "size": [1, 2, 4], "uv": [44, 3], "inflate": 1},
					{"origin": [-22, 28, -4], "size": [6, 10, 8], "uv": [44, 3], "inflate": 1},
					{"origin": [-21, 4, -3], "size": [4, 16, 6], "uv": [44, 3], "inflate": 1},
					{"origin": [-22, 11, -4], "size": [6, 10, 8], "uv": [44, 3], "inflate": 1}
				]
			},
			{
				"name": "leg1",
				"pivot": [12, 48, 0],
				"rotation": [0, 0, -10],
				"cubes": [
					{"origin": [13, 45, -4], "size": [11, 5, 8], "uv": [26, 0], "inflate": 1},
					{"origin": [17, 22, -3], "size": [4, 23, 6], "uv": [44, 3], "inflate": 1},
					{"origin": [16, 1, -3], "size": [6, 2, 6], "uv": [26, 0], "inflate": 1},
					{"origin": [15, 1, -6], "size": [1, 2, 4], "uv": [26, 0], "inflate": 1},
					{"origin": [17, 1, -7], "size": [1, 2, 4], "uv": [26, 0], "inflate": 1},
					{"origin": [19, 1, -7], "size": [1, 2, 4], "uv": [26, 0], "inflate": 1},
					{"origin": [21, 1, -5], "size": [1, 2, 2], "uv": [26, 0], "inflate": 1},
					{"origin": [16, 28, -4], "size": [6, 10, 8], "uv": [26, 0], "inflate": 1},
					{"origin": [17, 5, -3], "size": [4, 15, 6], "uv": [44, 3], "inflate": 1},
					{"origin": [16, 11, -4], "size": [6, 10, 8], "uv": [26, 0], "inflate": 1}
				]
			},
			{
				"name": "wing0",
				"pivot": [-3, 23, 4],
				"rotation": [10, 0, 0],
				"cubes": [
					{"origin": [-4, 14.62606, 0.96969], "size": [2, 9, 4], "uv": [52, 11], "inflate": 1},
					{"origin": [-4, 13.62606, 1.96969], "size": [2, 1, 14], "uv": [42, 22], "inflate": 1}
				]
			},
			{
				"name": "wing1",
				"pivot": [3, 23, 4],
				"rotation": [10, 0, 0],
				"cubes": [
					{"origin": [2, 14.88344, 0.90231], "size": [2, 9, 4], "uv": [48, 12], "inflate": 1},
					{"origin": [2, 13.88344, 1.90231], "size": [2, 1, 14], "uv": [32, 17], "inflate": 1}
				]
			},
			{
				"name": "head",
				"pivot": [0, 53, -4],
				"cubes": [
					{"origin": [-8, 61, -13], "size": [16, 11, 10], "uv": [0, 0]},
					{"origin": [4, 71, -13], "size": [9, 4, 10], "uv": [0, 0]},
					{"origin": [-10, 68, -13], "size": [20, 3, 10], "uv": [0, 0]},
					{"origin": [-13, 71, -13], "size": [9, 4, 10], "uv": [0, 0]},
					{"origin": [7, 75, -13], "size": [8, 4, 10], "uv": [0, 0]},
					{"origin": [-15, 75, -13], "size": [7, 4, 10], "uv": [0, 0]},
					{"origin": [7, 60, -13], "size": [3, 8, 10], "uv": [0, 0]},
					{"origin": [-10, 60, -13], "size": [2, 8, 10], "uv": [0, 0]},
					{"origin": [-15, 79, -11], "size": [4, 10, 6], "uv": [0, 0]},
					{"origin": [10, 79, -10], "size": [5, 10, 5], "uv": [0, 0]},
					{"origin": [13, 89, -9], "size": [2, 3, 2], "uv": [0, 0]},
					{"origin": [-15, 89, -9], "size": [2, 3, 2], "uv": [0, 0]},
					{"origin": [-8, 53, -8], "size": [16, 9, 5], "uv": [0, 0]},
					{"origin": [-8, 53, -13], "size": [16, 2, 5], "uv": [0, 18]},
					{"origin": [7, 55, -13], "size": [1, 2, 1], "uv": [27, 23]},
					{"origin": [5, 55, -13], "size": [1, 2, 1], "uv": [27, 23]},
					{"origin": [3, 55, -13], "size": [1, 2, 1], "uv": [27, 23]},
					{"origin": [-1, 55, -13], "size": [1, 2, 1], "uv": [27, 23]},
					{"origin": [1, 55, -13], "size": [1, 2, 1], "uv": [27, 23]},
					{"origin": [-3, 55, -13], "size": [1, 2, 1], "uv": [27, 23]},
					{"origin": [-6, 59, -13], "size": [1, 2, 1], "uv": [27, 23]},
					{"origin": [-8, 55, -13], "size": [2, 2, 1], "uv": [27, 23]},
					{"origin": [-5, 55, -13], "size": [1, 2, 1], "uv": [27, 23]},
					{"origin": [-4, 59, -13], "size": [1, 2, 1], "uv": [27, 23]},
					{"origin": [-8, 59, -13], "size": [1, 2, 1], "uv": [27, 23]},
					{"origin": [6, 59, -13], "size": [1, 2, 1], "uv": [27, 23]},
					{"origin": [-2, 59, -13], "size": [1, 2, 1], "uv": [27, 23]},
					{"origin": [0, 59, -13], "size": [1, 2, 1], "uv": [27, 23]},
					{"origin": [2, 59, -13], "size": [1, 2, 1], "uv": [27, 23]},
					{"origin": [4, 59, -13], "size": [1, 2, 1], "uv": [27, 23]},
					{"origin": [-8, 55, -11], "size": [1, 2, 1], "uv": [27, 23]},
					{"origin": [-8, 55, -9], "size": [1, 2, 1], "uv": [27, 23]},
					{"origin": [7, 55, -9], "size": [1, 2, 1], "uv": [27, 23]},
					{"origin": [7, 55, -11], "size": [1, 2, 1], "uv": [27, 23]},
					{"origin": [7, 58, -12], "size": [1, 2, 1], "uv": [27, 23]},
					{"origin": [7, 58, -10], "size": [1, 2, 1], "uv": [27, 23]},
					{"origin": [-8, 58, -10], "size": [1, 2, 1], "uv": [27, 23]},
					{"origin": [-8, 58, -12], "size": [1, 2, 1], "uv": [27, 23]}
				]
			},
			{
				"name": "beak",
				"parent": "head",
				"pivot": [0, 9, -4],
				"cubes": [
					{"origin": [-4, 71, -10], "size": [8, 2, 4], "uv": [14, 0]}
				]
			}
		]
	},
	"geometry.spider": {
		"texturewidth": 64,
		"textureheight": 32,
		"visible_bounds_width": 3,
		"visible_bounds_height": 1,
		"visible_bounds_offset": [0, 0.5, 0],
		"bones": [
			{
				"name": "body0",
				"pivot": [0, 13, 0],
				"cubes": [
					{"origin": [-6, 7, -3], "size": [12, 6, 7], "uv": [0, 0]}
				]
			},
			{
				"name": "head",
				"parent": "body0",
				"pivot": [0, 9, -3],
				"cubes": [
					{"origin": [-4, 4, -11], "size": [8, 10, 8], "uv": [32, 4]}
				]
			},
			{
				"name": "body1",
				"parent": "body0",
				"pivot": [0, 10, 9],
				"rotation": [-20, 0, 0],
				"cubes": [
					{"origin": [-4, 2.18092, 4.02606], "size": [8, 8, 12], "uv": [0, 12]}
				]
			},
			{
				"name": "leg0",
				"parent": "body0",
				"pivot": [-4, 9, 2]
			},
			{
				"name": "leg1",
				"parent": "body0",
				"pivot": [4, 9, 2]
			},
			{
				"name": "leg2",
				"parent": "body0",
				"pivot": [-4, 9, 1]
			},
			{
				"name": "leg3",
				"parent": "body0",
				"pivot": [4, 9, 1]
			},
			{
				"name": "leg4",
				"parent": "body0",
				"pivot": [-4, 9, 0]
			},
			{
				"name": "leg5",
				"parent": "body0",
				"pivot": [4, 9, 0]
			},
			{
				"name": "leg6",
				"parent": "body0",
				"pivot": [-4, 9, -1],
				"cubes": [
					{"origin": [-19, 7, -2], "size": [16, 2, 2], "uv": [18, 0]},
					{"origin": [-21, 8, 0], "size": [2, 1, 1], "uv": [18, 0]},
					{"origin": [-19, 8, -4], "size": [1, 1, 5], "uv": [18, 0]},
					{"origin": [-22, 8, -2], "size": [3, 1, 1], "uv": [18, 0]},
					{"origin": [-22, 8, -4], "size": [3, 1, 1], "uv": [18, 0]}
				]
			},
			{
				"name": "leg7",
				"parent": "body0",
				"pivot": [4, 9, -1],
				"cubes": [
					{"origin": [3, 7, -2], "size": [16, 2, 2], "uv": [18, 0]},
					{"origin": [18, 8, 0], "size": [2, 1, 1], "uv": [18, 0]},
					{"origin": [18, 8, -2], "size": [3, 1, 1], "uv": [18, 0]},
					{"origin": [17, 8, -4], "size": [3, 1, 1], "uv": [18, 0]},
					{"origin": [17, 8, -4], "size": [1, 1, 5], "uv": [18, 0]}
				]
			}
		]
	},
	"geometry.skeleton.wither": {
		"texturewidth": 64,
		"textureheight": 64,
		"visible_bounds_width": 1,
		"visible_bounds_height": 2,
		"visible_bounds_offset": [0, 1, 0],
		"bones": [
			{
				"name": "body",
				"pivot": [0, 24, 0],
				"cubes": [
					{"origin": [-4, 19, -2], "size": [8, 5, 4], "uv": [16, 16]},
					{"origin": [-3, 12, -2], "size": [6, 1, 4], "uv": [40, 27]},
					{"origin": [-3, 13, -3], "size": [6, 1, 6], "uv": [15, 41]},
					{"origin": [-4, 20, -3], "size": [8, 3, 1], "uv": [19, 20]},
					{"origin": [-3, 11, -3], "size": [6, 2, 1], "uv": [16, 45]},
					{"origin": [-3, 11, 2], "size": [6, 2, 1], "uv": [16, 45]},
					{"origin": [3, 11, -2], "size": [1, 3, 4], "uv": [20, 41]},
					{"origin": [-4, 11, -2], "size": [1, 3, 4], "uv": [20, 41]},
					{"origin": [-3, 14, -2], "size": [6, 5, 4], "uv": [17, 23]}
				]
			},
			{
				"name": "rightArm",
				"pivot": [-5, 22, 0],
				"reset": true,
				"cubes": [
					{"origin": [-6, 12, -1], "size": [2, 5.5, 2], "uv": [40, 25]},
					{"origin": [-6, 17, -1], "size": [2, 7, 2], "uv": [42, 16]}
				]
			},
			{
				"name": "leftArm",
				"pivot": [5, 22, 0],
				"reset": true,
				"mirror": true,
				"cubes": [
					{"origin": [4, 17, -1], "size": [2, 7, 2], "uv": [42, 16]},
					{"origin": [4, 12, -1], "size": [2, 5.5, 2], "uv": [41, 25]}
				]
			},
			{
				"name": "rightLeg",
				"pivot": [-2, 12, 0],
				"reset": true,
				"cubes": [
					{"origin": [-3, 0, -1], "size": [2, 5.5, 2], "uv": [0, 24]},
					{"origin": [-3, 5, -1], "size": [2, 8, 2], "uv": [0, 16]},
					{"origin": [-3, 0, -2], "size": [2, 1.5, 1], "uv": [0, 24]}
				]
			},
			{
				"name": "leftLeg",
				"pivot": [2, 12, 0],
				"reset": true,
				"mirror": true,
				"cubes": [
					{"origin": [1, 0, -1], "size": [2, 5.5, 2], "uv": [0, 25]},
					{"origin": [1, 5, -1], "size": [2, 8, 2], "uv": [0, 16]},
					{"origin": [1, 0, -2], "size": [2, 1.5, 1], "uv": [0, 25]}
				]
			},
			{
				"name": "head",
				"pivot": [0, 24, 0],
				"cubes": [
					{"origin": [-4, 24, -4], "size": [8, 8, 8], "uv": [0, 0]},
					{"origin": [4, 30, -2], "size": [1, 3, 2], "uv": [22, 36]},
					{"origin": [-5, 30, -2], "size": [1, 3, 2], "uv": [22, 36]},
					{"origin": [-4, 25, -4], "size": [8, 8, 8], "uv": [32, 0], "inflate": 1}
				]
			}
		]
	},
	"geometry.player_head": {
		"texturewidth": 64,
		"textureheight": 64,
		"bones": [
			{
				"name": "head",
				"pivot": [0, 24, 0],
				"cubes": [
					{"origin": [-6, 33, -5], "size": [11, 2, 11], "uv": [0, 0]},
					{"origin": [3, 26, -5], "size": [2, 7, 2], "uv": [0, 0]},
					{"origin": [-6, 26, -5], "size": [2, 7, 2], "uv": [0, 0]},
					{"origin": [3, 26, 4], "size": [2, 19, 2], "uv": [0, 0]},
					{"origin": [-4, 33, 4], "size": [7, 10, 2], "uv": [0, 0]},
					{"origin": [-6, 26, 4], "size": [2, 19, 2], "uv": [0, 0]}
				]
			}
		]
	},
	"geometry.armor_stand": {
		"texturewidth": 64,
		"textureheight": 64,
		"bones": [
			{
				"name": "head",
				"pivot": [0, 24, 0],
				"cubes": [
					{"origin": [-4, 24, -4], "size": [8, 8, 8], "uv": [32, 0], "inflate": 0.25},
					{"origin": [-4, 24, -4], "size": [8, 8, 8], "uv": [0, 0]}
				]
			},
			{
				"name": "body",
				"pivot": [0, 24, 0],
				"cubes": [
					{"origin": [-4, 12, -2], "size": [8, 12, 4], "uv": [16, 16]},
					{"origin": [-4, 12, -2], "size": [8, 12, 4], "uv": [16, 32], "inflate": 0.25}
				]
			},
			{
				"name": "rightArm",
				"pivot": [-5, 22, 0],
				"cubes": [
					{"origin": [-8, 12, -2], "size": [4, 12, 4], "uv": [40, 16]},
					{"origin": [-8, 12, -2], "size": [4, 12, 4], "uv": [40, 32], "inflate": 0.25}
				]
			},
			{
				"name": "leftArm",
				"pivot": [5, 22, 0],
				"cubes": [
					{"origin": [4, 12, -2], "size": [4, 12, 4], "uv": [32, 48]},
					{"origin": [4, 12, -2], "size": [4, 12, 4], "uv": [48, 48], "inflate": 0.25}
				]
			},
			{
				"name": "rightLeg",
				"pivot": [-1.9, 12, 0],
				"cubes": [
					{"origin": [-3.9, 0, -2], "size": [4, 12, 4], "uv": [0, 16]},
					{"origin": [-3.9, 0, -2], "size": [4, 12, 4], "uv": [0, 32], "inflate": 0.25}
				]
			},
			{
				"name": "leftLeg",
				"pivot": [1.9, 12, 0],
				"cubes": [
					{"origin": [-0.1, 0, -2], "size": [4, 12, 4], "uv": [16, 48]},
					{"origin": [-0.1, 0, -2], "size": [4, 12, 4], "uv": [0, 48], "inflate": 0.25}
				]
			},
			{
				"name": "basePlate",
				"cubes": [
					{"origin": [0, 0, 0], "size": [0, 0, 0], "uv": [0, 0]}
				]
			}
		]
	},
	"geometry.skeleton.stray": {
		"texturewidth": 64,
		"textureheight": 32,
		"visible_bounds_width": 1,
		"visible_bounds_height": 2,
		"visible_bounds_offset": [0, 1, 0],
		"bones": [
			{
				"name": "body",
				"pivot": [0, 24, 0],
				"cubes": [
					{"origin": [-4, 12, -2], "size": [8, 12, 4], "uv": [16, 16]}
				]
			},
			{
				"name": "rightArm",
				"pivot": [-5, 22, 0],
				"reset": true,
				"cubes": [
					{"origin": [-7, 12, -2], "size": [3, 12, 4], "uv": [40, 16]}
				]
			},
			{
				"name": "leftArm",
				"pivot": [5, 22, 0],
				"reset": true,
				"mirror": true,
				"cubes": [
					{"origin": [4, 12, -2], "size": [3, 12, 4], "uv": [40, 16]}
				]
			},
			{
				"name": "rightLeg",
				"pivot": [-2, 12, 0],
				"reset": true,
				"cubes": [
					{"origin": [-4, 0, -2], "size": [4, 12, 4], "uv": [0, 16]}
				]
			},
			{
				"name": "leftLeg",
				"pivot": [2, 12, 0],
				"reset": true,
				"mirror": true,
				"cubes": [
					{"origin": [0, 0, -2], "size": [4, 12, 4], "uv": [0, 16]}
				]
			},
			{
				"name": "head",
				"pivot": [0, 24, 0],
				"cubes": [
					{"origin": [-4, 24, -4], "size": [8, 8, 8], "uv": [32, 0]}
				]
			}
		]
	}
}