{
  "batim.begin": {
    "max_distance": 8.0,
    "sounds": [
      {
        "name": "sounds/batim/begin",
        "load_on_low_memory": true
      }
    ]
  },
  "batim.alice.asong": {
    "max_distance": 512.0,
    "sounds": [
      {
        "name": "sounds/batim/alice/asong",
        "load_on_low_memory": true
      }
    ]
  },
  "batim.gate": {
    "max_distance": 8.0,
    "sounds": [
      {
        "name": "sounds/batim/gate",
        "load_on_low_memory": true
      }
    ]
  },
  "batim.end.ending": {
    "max_distance": 512.0,
    "sounds": [
      {
        "name": "sounds/batim/end/end",
        "load_on_low_memory": true
      }
    ]
  },
  "batim.demon.clock": {
    "max_distance": 10.0,
    "sounds": [
      {
        "name": "sounds/batim/ink_demon/clock",
        "load_on_low_memory": true
      }
    ]
  },
  "batim.demon.near": {
    "max_distance": 512.0,
    "sounds": [
      {
        "name": "sounds/batim/ink_demon/near",
        "load_on_low_memory": true
      }
    ]
  },
  "batim.lever": {
    "max_distance": 8.0,
    "sounds": [
      {
        "name": "sounds/batim/lever",
        "load_on_low_memory": true
      }
    ]
  },
  "batim.henry.dead": {
    "max_distance": 512.0,
    "sounds": [
      {
        "name": "sounds/batim/henry/dead",
        "load_on_low_memory": true
      }
    ]
  },
  "batim.sammy": {
    "max_distance": 512.0,
    "sounds": [
      {
        "name": "sounds/batim/sammy",
        "load_on_low_memory": true
      }
    ]
  },
  "batim.logs.thomas": {
    "max_distance": 8.0,
    "sounds": [
      {
        "name": "sounds/batim/logs/thomas",
        "load_on_low_memory": true
      }
    ]
  },
  "batim.demon.breath": {
    "max_distance": 8.0,
    "sounds": [
      {
        "name": "sounds/batim/ink_demon/breath",
        "load_on_low_memory": true
      }
    ]
  },
  "batim.ink.spawn": {
    "max_distance": 20.0,
    "sounds": [
      {
        "name": "sounds/batim/ink/spawn",
        "load_on_low_memory": true
      }
    ]
  },
  "batim.machine.runm": {
    "max_distance": 100.0,
    "sounds": [
      {
        "name": "sounds/batim/machine/runm",
        "load_on_low_memory": true
      }
    ]
  },
  "batim.punch.card": {
    "max_distance": 8.0,
    "sounds": [
      {
        "name": "sounds/batim/punching_card/card",
        "load_on_low_memory": true
      }
    ]
  },
  "batim.alice.js": {
    "max_distance": 500.0,
    "sounds": [
      {
        "name": "sounds/batim/alice/js",
        "load_on_low_memory": true
      }
    ]
  },
  "batim.bgm.start": {
    "max_distance": 512.0,
    "sounds": [
      {
        "name": "sounds/batim/bgm/start",
        "load_on_low_memory": true
      }
    ]
  },
  "batim.quest.inkpick": {
    "max_distance": 8.0,
    "sounds": [
      {
        "name": "sounds/batim/quest/inkpick",
        "load_on_low_memory": true
      }
    ]
  },
  "batim.alice.newfly": {
    "max_distance": 512.0,
    "sounds": [
      {
        "name": "sounds/batim/alice/newfly",
        "load_on_low_memory": true
      }
    ]
  },
  "batim.bgm.think": {
    "max_distance": 512.0,
    "sounds": [
      {
        "name": "sounds/batim/bgm/think",
        "load_on_low_memory": true
      }
    ]
  },
  "batim.bgm.laugh": {
    "max_distance": 512.0,
    "sounds": [
      {
        "name": "sounds/batim/bgm/laugh",
        "load_on_low_memory": true
      }
    ]
  },
  "batim.butcher.js": {
    "max_distance": 8.0,
    "sounds": [
      {
        "name": "sounds/batim/butcher/js",
        "load_on_low_memory": true
      }
    ]
  },
  "batim.pro.scream": {
    "max_distance": 50.0,
    "sounds": [
      {
        "name": "sounds/batim/pro/scream",
        "load_on_low_memory": true
      }
    ]
  },
  "batim.bgm.beauty": {
    "max_distance": 512.0,
    "sounds": [
      {
        "name": "sounds/batim/bgm/beauty",
        "load_on_low_memory": true
      }
    ]
  },
  "batim.bgm.glory": {
    "max_distance": 512.0,
    "sounds": [
      {
        "name": "sounds/batim/bgm/glory",
        "load_on_low_memory": true
      }
    ]
  },
  "batim.quest.corep": {
    "max_distance": 8.0,
    "sounds": [
      {
        "name": "sounds/batim/quest/corep",
        "load_on_low_memory": true
      }
    ]
  },
  "batim.alice.seeyou": {
    "max_distance": 512.0,
    "sounds": [
      {
        "name": "sounds/batim/alice/seeyou",
        "load_on_low_memory": true
      }
    ]
  },
  "batim.bgm.mal": {
    "max_distance": 512.0,
    "sounds": [
      {
        "name": "sounds/batim/bgm/mal",
        "load_on_low_memory": true
      }
    ]
  },
  "random.bowhit": {
    "category": "neutral",
    "sounds": [
      {
        "name": "sounds/random/bowhit1",
        "load_on_low_memory": true
      }
    ]
  },
  "batim.drip": {
    "max_distance": 8.0,
    "sounds": [
      {
        "name": "sounds/batim/drip/drip",
        "load_on_low_memory": true
      }
    ]
  },
  "batim.door.mdoor": {
    "max_distance": 10.0,
    "sounds": [
      {
        "name": "sounds/batim/door/mdoor",
        "load_on_low_memory": true
      }
    ]
  },
  "batim.door.sdoor": {
    "max_distance": 10.0,
    "sounds": [
      {
        "name": "sounds/batim/door/sdoor",
        "load_on_low_memory": true
      }
    ]
  },
  "batim.demon.death": {
    "max_distance": 8.0,
    "sounds": [
      {
        "name": "sounds/batim/ink_demon/death",
        "load_on_low_memory": true
      }
    ]
  },
  "game.player.hurt": {
    "category": "player",
    "sounds": [
      {
        "name": "sounds/damage/hurt",
        "load_on_low_memory": true
      }
    ]
  },
  "batim.alice.come": {
    "max_distance": 500.0,
    "sounds": [
      {
        "name": "sounds/batim/alice/come",
        "load_on_low_memory": true
      }
    ]
  },
  "batim.alice.look": {
    "max_distance": 500.0,
    "sounds": [
      {
        "name": "sounds/batim/alice/look",
        "load_on_low_memory": true
      }
    ]
  },
  "batim.alice.inter": {
    "max_distance": 500.0,
    "sounds": [
      {
        "name": "sounds/batim/alice/inter",
        "load_on_low_memory": true
      }
    ]
  },
  "batim.alice.ahome": {
    "max_distance": 500.0,
    "sounds": [
      {
        "name": "sounds/batim/alice/ahome",
        "load_on_low_memory": true
      }
    ]
  },
  "batim.alice.atalk": {
    "max_distance": 500.0,
    "sounds": [
      {
        "name": "sounds/batim/alice/atalk",
        "load_on_low_memory": true
      }
    ]
  },
  "batim.alice.valveend": {
    "max_distance": 500.0,
    "sounds": [
      {
        "name": "sounds/batim/alice/valveend",
        "load_on_low_memory": true
      }
    ]
  },
  "batim.elevator.fall": {
    "max_distance": 500.0,
    "sounds": [
      {
        "name": "sounds/batim/elevator/fall",
        "load_on_low_memory": true
      }
    ]
  },
  "batim.elevator.liftgo": {
    "max_distance": 50.0,
    "sounds": [
      {
        "name": "sounds/batim/elevator/liftgo",
        "load_on_low_memory": true
      }
    ]
  },
  "batim.elevator.open": {
    "max_distance": 8.0,
    "sounds": [
      {
        "name": "sounds/batim/elevator/open",
        "load_on_low_memory": true
      }
    ]
  },
  "batim.ink.pop": {
    "max_distance": 10.0,
    "sounds": [
      {
        "name": "sounds/batim/ink/pop",
        "load_on_low_memory": true
      }
    ]
  },
  "batim.ink.sdie": {
    "max_distance": 10.0,
    "sounds": [
      {
        "name": "sounds/batim/ink/sdie",
        "load_on_low_memory": true
      }
    ]
  },
  "batim.quest.coreopen": {
    "max_distance": 8.0,
    "sounds": [
      {
        "name": "sounds/batim/quest/coreopen",
        "load_on_low_memory": true
      }
    ]
  },
  "batim.quest.turn": {
    "max_distance": 8.0,
    "sounds": [
      {
        "name": "sounds/batim/quest/turn",
        "load_on_low_memory": true
      }
    ]
  },
  
  "batim.quest.inkf": {
    "max_distance": 8.0,
    "sounds": [
      {
        "name": "sounds/batim/quest/inkf",
        "load_on_low_memory": true
      }
    ]
  },
  "batim.butcher.torture": {
    "max_distance": 8.0,
    "sounds": [
      {
        "name": "sounds/batim/butcher/torture",
        "load_on_low_memory": true
      }
    ]
  },
  "music.game.credits": {
    "category": "music",
    "sounds": [
      {
        "name": "sounds/music/game/end/credits",
        "stream": true,
        "volume": 0.1,
        "load_on_low_memory": true
      }
    ]
  }
}
