{
  "format_version": "1.10.0",
  "minecraft:block": {
    "description": {
      "identifier": "batim:b_lamp",
      "is_experimental": false,
      "register_to_creative_menu": true
    },
    "components": {
      "minecraft:destroy_time": {
        "value": 0.2
      },
      "minecraft:explosion_resistance": {
        "value": 1
      },
      "minecraft:block_light_absorption": {
        "value": 1
      },
      "minecraft:block_light_emission": {
        "emission": 1.0
      },
      "minecraft:flammable": {
        "flame_odds": 30,
        "burn_odds": 30
      }
    }
  }
}