{
    "format_version": "1.10.0",
    "animation_controllers": {
        "controller.animation.bendy_toon.general": {
            "states": {
                "default": {
                    "animations": [
                        "bendy_toon_general"
                    ]
                }
            }
        },
		"controller.animation.bendy_toon.move": {
            "states": {
                "default": {
					"animations": [{
                            "moving": "query.modified_move_speed"
                        }
                    ]
				}
			}
		}
    }
}
