{
    "format_version": "1.10.0",
    "animation_controllers": {
		"controller.animation.bert.general": {
            "states": {
                "default": {
                    "animations": [
						"bert_general"
                    ],
					"transitions": [
						{
                            "tired": "query.is_stunned"
                        },
						{
							"targeting": "query.is_casting"
						},
						{
							"brocking1": "query.is_roaring"
						}
                    ],
					"blend_transition": 2
                },
				"tired": {
                    "animations": [
                        "tired"
                    ],
                    "transitions": [{
                            "default": "!query.is_stunned"
                        }
                    ],
                    "blend_transition": 10
                },
				"targeting": {
                    "animations": [
                        "targeting"
                    ],
                    "transitions": [{
                            "default": "!query.is_casting"
                        }
                    ],
                    "blend_transition": 10
                },
				"brocking1": {
                    "animations": [
                        "brocking1"
                    ],
					"particle_effects" : [
						{
							"effect" : "spell",
							"locator" : "broke"
						},
						{
							"effect" : "spell",
							"locator" : "broke2"
						}
					],
                    "transitions": [{
                            "default": "!query.is_roaring"
                        }
                    ],
                    "blend_transition": 0.2
                }
            }
        }
    }
}