{
    "format_version": "1.10.0",
    "animation_controllers": {
        "controller.animation.boris_1.general": {
            "states": {
                "default": {
                    "animations": [
                        "boris_1_general"
                    ],
                    "transitions": [{
                            "running": "query.is_avoiding_mobs"
                        }
                    ]
                },
                "running": {
                    "animations": [
                        "running"
                    ],
                    "transitions": [{
                            "default": "!query.is_avoiding_mobs"
                        }
                    ],
                    "blend_transition": 0.2
                }
            }
        },
        "controller.animation.boris_1.move": {
            "states": {
                "default": {
                    "animations": [{
                            "moving": "query.modified_move_speed"
                        }
                    ],
                    "transitions": [{
                            "sitting": "query.is_sitting"
                        }, {
                            "attack": "variable.attack>0"
                        }
                    ]
                },
                "sitting": {
                    "animations": [
                        "sitting"
                    ],
                    "transitions": [{
                            "default": "!query.is_sitting"
                        }
                    ],
                    "blend_transition": 0.2
                },
                "attack": {
                    "animations": [
                        "attacking"
                    ],
                    "transitions": [{
                            "default": "query.all_animations_finished"
                        }
                    ],
                    "blend_transition": 0.2
                }
            }
        }
    }
}
