{
	"geometry.zombie.drowned": {
		"texturewidth": 64,
		"textureheight": 64,
		"visible_bounds_width": 1,
		"visible_bounds_height": 2,
		"visible_bounds_offset": [0, 1, 0],
		"bones": [
			{
				"name": "body",
				"pivot": [0, 20, 0],
				"cubes": [
					{"origin": [-4, 10, -2], "size": [8, 10, 4], "uv": [32, 0]}
				]
			},
			{
				"name": "head",
				"pivot": [0, 20, 0],
				"cubes": [
					{"origin": [-4, 20, -4], "size": [8, 9, 8], "uv": [0, 0]}
				]
			},
			{
				"name": "rightArm",
				"pivot": [-5, 18, 0],
				"cubes": [
					{"origin": [-8, 17, -2], "size": [4, 3, 4], "uv": [0, 31]},
					{"origin": [-7, 12, -1], "size": [2, 5, 2], "uv": [0, 40]},
					{"origin": [-8, 10, -2], "size": [4, 2, 4], "uv": [16, 31]}
				]
			},
			{
				"name": "leftArm",
				"pivot": [5, 18, 0],
				"cubes": [
					{"origin": [5, 15, -1], "size": [2, 4, 2], "uv": [8, 40], "mirror": true},
					{"origin": [4, 12, -2], "size": [4, 3, 4], "uv": [12, 17], "mirror": true},
					{"origin": [4, 19, -1], "size": [3, 1, 2], "uv": [16, 40], "mirror": true},
					{"origin": [6, 10, -1], "size": [1, 2, 1], "uv": [16, 43], "mirror": true}
				]
			},
			{
				"name": "rightLeg",
				"pivot": [-2, 10, 0],
				"cubes": [
					{"origin": [-3, 3, -1], "size": [2, 7, 2], "uv": [32, 31]},
					{"origin": [-4, 0, -2], "size": [4, 3, 4], "uv": [12, 24]}
				]
			},
			{
				"name": "leftLeg",
				"pivot": [2, 10, 0],
				"cubes": [
					{"origin": [1, 0, -2], "size": [2, 10, 4], "uv": [0, 17], "mirror": true}
				]
			},
			{
				"name": "rightItem",
				"pivot": [-6, 15, 1]
			},
			{
				"name": "leftItem",
				"pivot": [6, 15, 1]
			}
		]
	}
}