{
	"format_version": "1.8.0",
	"geometry.skeleton.v1.8": {
		"texturewidth": 128,
		"textureheight": 128,
		"visible_bounds_width": 2,
		"visible_bounds_height": 3,
		"visible_bounds_offset": [0, 1.5, 0],
		"bones": [
			{
				"name": "head",
				"pivot": [0, 36, 0],
				"cubes": [
					{"origin": [-4.02446, 35.99646, -8.02094], "size": [8, 7, 14], "uv": [0, 0]},
					{"origin": [-4.0367, 42.99644, -8.03316], "size": [8, 1, 7], "uv": [26, 38]},
					{"origin": [-3.04885, 36.97199, -9.0209], "size": [1, 6, 1], "uv": [10, 119]},
					{"origin": [1.96155, 43.99644, -7.0349], "size": [2, 4, 5], "uv": [0, 99]},
					{"origin": [-4.03843, 43.98597, -7.02443], "size": [2, 4, 5], "uv": [14, 99]},
					{"origin": [3.97551, 37.01043, -7.0349], "size": [1, 5, 12], "uv": [0, 21]},
					{"origin": [-5.02446, 36.99472, -7.0192], "size": [1, 5, 12], "uv": [26, 21]},
					{"origin": [1.97724, 43.00868, 0.96856], "size": [1, 3, 4], "uv": [58, 99]},
					{"origin": [-3.02274, 42.99996, 0.97729], "size": [1, 3, 4], "uv": [0, 108]},
					{"origin": [1.95113, 36.98071, -9.02962], "size": [1, 6, 1], "uv": [14, 119]},
					{"origin": [-2.04886, 36.97897, -9.02788], "size": [4, 1, 1], "uv": [0, 119]},
					{"origin": [-2.05761, 41.97895, -9.03661], "size": [4, 1, 1], "uv": [0, 121]}
				]
			},
			{
				"name": "leftLeg",
				"pivot": [4, 20, 0],
				"mirror": true,
				"cubes": [
					{"origin": [2.00173, 4.00524, -0.00349], "size": [3, 6, 4], "uv": [22, 83]},
					{"origin": [0.98251, 10.00346, -1.02094], "size": [5, 10, 4], "uv": [0, 69]},
					{"origin": [0.99476, -0.00176, -4.00348], "size": [5, 4, 8], "uv": [0, 38]},
					{"origin": [0.99998, 5.00524, -1.00524], "size": [5, 2, 6], "uv": [36, 69]}
				]
			},
			{
				"name": "rightLeg",
				"pivot": [-4, 20, 0],
				"cubes": [
					{"origin": [-4.99825, 3.99826, 0.00349], "size": [3, 6, 4], "uv": [8, 83]},
					{"origin": [-6.01747, 9.99648, -1.01396], "size": [5, 10, 4], "uv": [18, 69]},
					{"origin": [-6.00522, -0.00874, -3.9965], "size": [5, 4, 8], "uv": [56, 38]}
				]
			},
			{
				"name": "leftArm",
				"pivot": [5, 33, -1],
				"rotation": [0, 0, -5],
				"mirror": true,
				"cubes": [
					{"origin": [4.97554, 29.99821, -3.02269], "size": [4, 6, 4], "uv": [58, 69]},
					{"origin": [7.60029, 14.83106, -2.00698], "size": [0.3, 1, 0.3], "uv": [18, 124]},
					{"origin": [5.98936, 15.91282, -2.00698], "size": [2, 14, 2], "uv": [0, 83]},
					{"origin": [7.60218, 14.83265, -1.00698], "size": [0.3, 1, 0.3], "uv": [18, 123]},
					{"origin": [6.60395, 14.91648, -2.00523], "size": [0.3, 1, 0.3], "uv": [18, 125]}
				]
			},
			{
				"name": "leftItem",
				"parent": "leftArm",
				"pivot": [6, 15, 1]
			},
			{
				"name": "rightArm",
				"pivot": [-5, 33, 0],
				"rotation": [0, 0, 5],
				"cubes": [
					{"origin": [-9.02446, 20.99472, -3.0192], "size": [4, 15, 4], "uv": [24, 50]},
					{"origin": [-8.00301, 15.90585, -2], "size": [2, 5, 2], "uv": [22, 111]},
					{"origin": [-7.9, 14.82092, -1.99651], "size": [0.3, 1, 0.3], "uv": [18, 121]},
					{"origin": [-7.89842, 14.82281, -0.99651], "size": [0.3, 1, 0.3], "uv": [18, 120]},
					{"origin": [-7.9, 14.82471, -0.4], "size": [0.3, 1, 0.3], "uv": [18, 119]},
					{"origin": [-6.90396, 14.90982, -1.99825], "size": [0.3, 1, 0.3], "uv": [18, 122]}
				]
			},
			{
				"name": "rightItem",
				"parent": "rightArm",
				"pivot": [-6, 15, 1]
			},
			{
				"name": "body",
				"pivot": [0, 20, 0],
				"rotation": [0, 0, 0],
				"cubes": [
					{"origin": [-5.01924, 30.00172, -2.02095], "size": [10, 6, 6], "uv": [44, 0]},
					{"origin": [-4.99826, 20.00175, -2], "size": [10, 4, 6], "uv": [52, 21]},
					{"origin": [-4.01225, 23.00173, -1.01396], "size": [8, 9, 4], "uv": [0, 50]},
					{"origin": [-0.00178, 28.22065, 2.97484], "size": [2, 1, 6], "uv": [36, 90]},
					{"origin": [0.00696, 28.1083, 9.27223], "size": [2, 10, 1], "uv": [16, 108]},
					{"origin": [-3.00003, 28.04266, 3.96419], "size": [2, 1, 6], "uv": [36, 83]},
					{"origin": [-2.99303, 28.10223, 9.27648], "size": [2, 10, 1], "uv": [10, 108]},
					{"origin": [3.00695, 28.11436, 9.26798], "size": [1, 10, 1], "uv": [46, 108]},
					{"origin": [2.99821, 28.22672, 2.97059], "size": [1, 1, 6], "uv": [44, 99]},
					{"origin": [5.97198, 32.9495, -2.17687], "size": [1, 8, 8], "uv": [40, 50]},
					{"origin": [-3.00351, 24.95708, -2.48421], "size": [6, 4, 2], "uv": [28, 99]},
					{"origin": [-2.00351, 23.95708, -2.48421], "size": [4, 1, 2], "uv": [34, 108]},
					{"origin": [-2.01399, 29.05454, -2.60968], "size": [4, 1, 2], "uv": [22, 108]}
				]
			}
		]
	}
}