{
	"geometry.zombie.v1.8": {
		"texturewidth": 80,
		"textureheight": 80,
		"visible_bounds_width": 1,
		"visible_bounds_height": 2,
		"visible_bounds_offset": [0, 1, 0],
		"bones": [
			{
				"name": "body",
				"pivot": [0, 20, 0],
				"cubes": [
					{"origin": [-4, 10, -2], "size": [8, 10, 4], "uv": [32, 0]},
					{"origin": [-3, 10, -3], "size": [6, 4, 1], "uv": [0, 47]},
					{"origin": [-3, 10, 2], "size": [6, 4, 1], "uv": [24, 35]}
				]
			},
			{
				"name": "head",
				"pivot": [0, 20, 0],
				"cubes": [
					{"origin": [-4, 20, -4], "size": [8, 6, 8], "uv": [0, 0]},
					{"origin": [4, 20, -2], "size": [1, 2, 4], "uv": [26, 47]},
					{"origin": [-5, 20, -2], "size": [1, 2, 4], "uv": [0, 58]},
					{"origin": [-4, 26, -4], "size": [4, 1, 8], "uv": [24, 14]},
					{"origin": [0, 26, -4], "size": [4, 1, 8], "uv": [0, 14]},
					{"origin": [1, 27, -4], "size": [2, 1, 8], "uv": [0, 23]},
					{"origin": [-3, 27, -4], "size": [2, 1, 8], "uv": [48, 14]},
					{"origin": [-1, 27, -4], "size": [2, 1, 2], "uv": [26, 58]},
					{"origin": [-1, 27, 2], "size": [2, 1, 2], "uv": [26, 61]},
					{"origin": [4, 20, -4], "size": [1, 2, 1], "uv": [22, 64]},
					{"origin": [-5, 20, -5], "size": [10, 2, 1], "uv": [0, 32]},
					{"origin": [-5, 20, -4], "size": [1, 2, 1], "uv": [18, 64]}
				]
			},
			{
				"name": "rightArm",
				"pivot": [-5, 19, 0],
				"cubes": [
					{"origin": [-6, 10, -1], "size": [2, 10, 2], "uv": [0, 35]},
					{"origin": [-6, 10, 3], "size": [2, 10, 2], "uv": [22, 23]}
				]
			},
			{
				"name": "leftArm",
				"pivot": [5, 19, 0],
				"mirror": true,
				"cubes": [
					{"origin": [4, 10, 0], "size": [2, 10, 1], "uv": [14, 47]},
					{"origin": [4, 10, 2], "size": [2, 10, 1], "uv": [20, 47]},
					{"origin": [5, 8, 0], "size": [1, 2, 1], "uv": [34, 64]},
					{"origin": [5, 8, 2], "size": [1, 2, 1], "uv": [30, 64]},
					{"origin": [4, 8, 1], "size": [1, 2, 1], "uv": [26, 64]},
					{"origin": [4, 10, 1], "size": [2, 1, 1], "uv": [34, 58]},
					{"origin": [4, 12, 1], "size": [2, 1, 1], "uv": [0, 64]},
					{"origin": [4, 14, 1], "size": [2, 1, 1], "uv": [6, 64]},
					{"origin": [4, 16, 1], "size": [2, 1, 1], "uv": [12, 64]}
				]
			},
			{
				"name": "rightLeg",
				"pivot": [-2, 10, 0],
				"cubes": [
					{"origin": [-3, 0, -1], "size": [2, 10, 2], "uv": [8, 35]},
					{"origin": [-3, 0, -3], "size": [2, 2, 2], "uv": [10, 58]}
				]
			},
			{
				"name": "leftLeg",
				"pivot": [2, 10, 0],
				"mirror": true,
				"cubes": [
					{"origin": [1, 0, -1], "size": [2, 10, 2], "uv": [16, 35]},
					{"origin": [1, 0, -3], "size": [2, 2, 2], "uv": [18, 58]}
				]
			}
		]
	}
}