{
    "format_version": "1.10.0",
    "minecraft:client_entity": {
        "description": {
            "identifier": "batim:butcher_3_d",
            "materials": {
                "default": "spider"
            },
            "textures": {
                "default": "textures/entity/butcher_gang/butcher_3"
            },
            "geometry": {
                "default": "geometry.butcher_3"
            },
            "animations": {
                "butcher_3_d_general": "animation.butcher_3_d.general",

                "general": "controller.animation.butcher_3_d.general"
            },
            "scripts": {
                "animate": [
                    "general"
                ]
            },
            "render_controllers": [
                "controller.render.spider"
            ]
		}
	}
}