{
	"format_version": "1.12.0",
	"minecraft:geometry": [
		{
			"description": {
				"identifier": "geometry.player.axe",
				"texture_width": 128,
				"texture_height": 128,
				"visible_bounds_width": 10,
				"visible_bounds_height": 3,
				"visible_bounds_offset": [0, 1.5, 0]
			},
			"bones": [
				{
					"name": "rightItem",
					"pivot": [0, 0, 0]
				},
				{
					"name": "stick",
					"parent": "rightItem",
					"pivot": [5, 14, -1],
					"cubes": [
						{"origin": [2, 12.25, -45.5], "size": [6, 6, 47], "pivot": [5, 14, -1], "uv": [0, 0]},
						{"origin": [2, 12.25, -73.5], "size": [6, 6, 14], "pivot": [5, 14, -1], "uv": [0, 0]},
						{"origin": [2, 12.25, -89.5], "size": [6, 6, 2], "pivot": [5, 14, -1], "uv": [26, 26]},
						{"origin": [2, 12.25, -59.5], "size": [6, 6, 14], "inflate": 0.3, "pivot": [5, 14, -1], "uv": [0, 53]},
						{"origin": [2, 12.25, -87.5], "size": [6, 6, 14], "inflate": 0.5, "pivot": [5, 14, -1], "uv": [0, 20]},
						{"origin": [4, 19.25, -83.5], "size": [2, 10, 1], "inflate": 0.5, "pivot": [5, 14, -1], "uv": [0, 20]},
						{"origin": [4, -2.75, -85.5], "size": [2, 14, 10], "inflate": 0.5, "pivot": [5, 14, -1], "uv": [40, 53]},
						{"origin": [4, -4.75, -84.5], "size": [2, 1, 8], "inflate": 0.5, "pivot": [5, 14, -1], "uv": [26, 0]},
						{"origin": [4, -2.75, -87.5], "size": [2, 14, 1], "inflate": 0.5, "pivot": [5, 12.25, -87], "rotation": [5, 0, 0], "uv": [59, 0]},
						{"origin": [4, -4.51861, -84.82256], "size": [2, 1, 1], "inflate": 0.511, "pivot": [5, 12.25, -87], "rotation": [-5, 0, 0], "uv": [6, 20]},
						{"origin": [4, -2.75, -74.5], "size": [2, 14, 1], "inflate": 0.5, "pivot": [5, 12.25, -74], "rotation": [-5, 0, 0], "uv": [40, 9]},
						{"origin": [4, -4.51861, -77.17744], "size": [2, 1, 1], "inflate": 0.511, "pivot": [5, 12.25, -74], "rotation": [5, 0, 0], "uv": [6, 12]},
						{"origin": [4, 18.28877, -87.53736], "size": [2, 13, 1], "inflate": 0.51, "pivot": [5, 18.70032, -87.36553], "rotation": [-10, 0, 0], "uv": [0, 0]},
						{"origin": [4, 18.63606, -85.56774], "size": [2, 12, 1], "inflate": 0.51, "pivot": [5, 18.70032, -87.36553], "rotation": [-10, 0, 0], "uv": [6, 0]}
					]
				}
			]
		}
	]
}