{
	"format_version": "1.12.0",
	"minecraft:geometry": [
		{
			"description": {
				"identifier": "geometry.player.pipe",
				"texture_width": 128,
				"texture_height": 128,
				"visible_bounds_width": 7,
				"visible_bounds_height": 2,
				"visible_bounds_offset": [0, 1, 0]
			},
			"bones": [
				{
					"name": "rightItem",
					"pivot": [0, 0, 0]
				},
				{
					"name": "stick",
					"parent": "rightItem",
					"pivot": [5, 8, -1],
					"cubes": [
						{"origin": [2, 6.25, -45.5], "size": [6, 6, 45], "uv": [0, 0]},
						{"origin": [1, -1.75, -37.5], "size": [8, 15, 8], "uv": [0, 0]},
						{"origin": [4, 5.25, -47.5], "size": [2, 1, 2], "uv": [8, 42]},
						{"origin": [4, 5.25, -47.5], "size": [2, 1, 2], "pivot": [5, 9, -45.5], "rotation": [0, 0, 30], "uv": [0, 42]},
						{"origin": [4, 5.25, -47.5], "size": [2, 1, 2], "pivot": [5, 9, -45.5], "rotation": [0, 0, 60], "uv": [30, 41]},
						{"origin": [4, 5.25, -47.5], "size": [2, 1, 2], "pivot": [5, 9, -45.5], "rotation": [0, 0, 90], "uv": [36, 39]},
						{"origin": [4, 5.25, -47.5], "size": [2, 1, 2], "pivot": [5, 9, -45.5], "rotation": [0, 0, 120], "uv": [24, 39]},
						{"origin": [4, 5.25, -47.5], "size": [2, 1, 2], "pivot": [5, 9, -45.5], "rotation": [0, 0, 150], "uv": [16, 39]},
						{"origin": [4, 5.25, -47.5], "size": [2, 1, 2], "pivot": [5, 9, -45.5], "rotation": [0, 0, -180], "uv": [8, 39]},
						{"origin": [4, 5.25, -47.5], "size": [2, 1, 2], "pivot": [5, 9, -45.5], "rotation": [0, 0, -150], "uv": [0, 39]},
						{"origin": [4, 5.25, -47.5], "size": [2, 1, 2], "pivot": [5, 9, -45.5], "rotation": [0, 0, -120], "uv": [30, 38]},
						{"origin": [4, 5.25, -47.5], "size": [2, 1, 2], "pivot": [5, 9, -45.5], "rotation": [0, 0, -90], "uv": [36, 22]},
						{"origin": [4, 5.25, -47.5], "size": [2, 1, 2], "pivot": [5, 9, -45.5], "rotation": [0, 0, -60], "uv": [36, 19]},
						{"origin": [4, 5.25, -47.5], "size": [2, 1, 2], "pivot": [5, 9, -45.5], "rotation": [0, 0, -30], "uv": [36, 3]},
						{"origin": [4, 5.25, -0.5], "size": [2, 1, 2], "uv": [36, 0]},
						{"origin": [4, 5.25, -0.5], "size": [2, 1, 2], "pivot": [5, 9, 1.5], "rotation": [0, 0, 30], "uv": [32, 35]},
						{"origin": [4, 5.25, -0.5], "size": [2, 1, 2], "pivot": [5, 9, 1.5], "rotation": [0, 0, 60], "uv": [34, 29]},
						{"origin": [4, 5.25, -0.5], "size": [2, 1, 2], "pivot": [5, 9, 1.5], "rotation": [0, 0, 90], "uv": [34, 25]},
						{"origin": [4, 5.25, -0.5], "size": [2, 1, 2], "pivot": [5, 9, 1.5], "rotation": [0, 0, 120], "uv": [32, 16]},
						{"origin": [4, 5.25, -0.5], "size": [2, 1, 2], "pivot": [5, 9, 1.5], "rotation": [0, 0, 150], "uv": [32, 13]},
						{"origin": [4, 5.25, -0.5], "size": [2, 1, 2], "pivot": [5, 9, 1.5], "rotation": [0, 0, -180], "uv": [32, 10]},
						{"origin": [4, 5.25, -0.5], "size": [2, 1, 2], "pivot": [5, 9, 1.5], "rotation": [0, 0, -150], "uv": [32, 7]},
						{"origin": [4, 5.25, -0.5], "size": [2, 1, 2], "pivot": [5, 9, 1.5], "rotation": [0, 0, -120], "uv": [32, 32]},
						{"origin": [4, 5.25, -0.5], "size": [2, 1, 2], "pivot": [5, 9, 1.5], "rotation": [0, 0, -90], "uv": [30, 21]},
						{"origin": [4, 5.25, -0.5], "size": [2, 1, 2], "pivot": [5, 9, 1.5], "rotation": [0, 0, -60], "uv": [30, 4]},
						{"origin": [4, 5.25, -0.5], "size": [2, 1, 2], "pivot": [5, 9, 1.5], "rotation": [0, 0, -30], "uv": [30, 1]},
						{"origin": [2, -0.75, -61.5], "size": [6, 6, 39], "uv": [0, 51]},
						{"origin": [2, -0.75, -67.8], "size": [6, 6, 10.3], "inflate": 0.01, "pivot": [5, 2.25, -59.5], "rotation": [-75, 0, 0], "uv": [0, 23]},
						{"origin": [2, 7.7113, -69.25496], "size": [6, 5.4, 10], "pivot": [5, 10.25, -61.5], "rotation": [-110, 0, 0], "uv": [0, 51]},
						{"origin": [4, -1.75, -22.5], "size": [2, 1, 2], "uv": [22, 29]},
						{"origin": [4, -1.75, -22.5], "size": [2, 1, 2], "pivot": [5, 2, -20.5], "rotation": [0, 0, 30], "uv": [0, 29]},
						{"origin": [4, -1.75, -22.5], "size": [2, 1, 2], "pivot": [5, 2, -20.5], "rotation": [0, 0, 60], "uv": [28, 24]},
						{"origin": [4, -1.75, -22.5], "size": [2, 1, 2], "pivot": [5, 2, -20.5], "rotation": [0, 0, 90], "uv": [28, 28]},
						{"origin": [4, -1.75, -22.5], "size": [2, 1, 2], "pivot": [5, 2, -20.5], "rotation": [0, 0, 120], "uv": [22, 26]},
						{"origin": [4, -1.75, -22.5], "size": [2, 1, 2], "pivot": [5, 2, -20.5], "rotation": [0, 0, -180], "uv": [24, 3]},
						{"origin": [4, -1.75, -22.5], "size": [2, 1, 2], "pivot": [5, 2, -20.5], "rotation": [0, 0, 150], "uv": [0, 26]},
						{"origin": [4, -1.75, -22.5], "size": [2, 1, 2], "pivot": [5, 2, -20.5], "rotation": [0, 0, -150], "uv": [24, 0]},
						{"origin": [4, -1.75, -22.5], "size": [2, 1, 2], "pivot": [5, 2, -20.5], "rotation": [0, 0, -120], "uv": [22, 23]},
						{"origin": [4, -1.75, -22.5], "size": [2, 1, 2], "pivot": [5, 2, -20.5], "rotation": [0, 0, -90], "uv": [0, 23]},
						{"origin": [4, -1.75, -22.5], "size": [2, 1, 2], "pivot": [5, 2, -20.5], "rotation": [0, 0, -60], "uv": [0, 3]},
						{"origin": [4, -1.75, -22.5], "size": [2, 1, 2], "pivot": [5, 2, -20.5], "rotation": [0, 0, -30], "uv": [0, 0]}
					]
				}
			]
		}
	]
}