{
  "minecraft:entity": {
    "format_version": 0.1,

    "components": {
      "minecraft:identifier": {
        "id": "minecraft:fishing_hook"
      },
      "minecraft:collision_box": {
        "width": 0,
        "height": 0
      },
      "minecraft:projectile": {
        "particle": "explode",
        "onHit": {
          "impact_damage": {
            "damage": 5,
            "knockback": true
          },
          "arrow_effect": { },
          "remove_on_hit": { },
          "particle_on_hit": {
            "particle_type": "lava",
            "on_other_hit": true
          }
        },
        "hitSound": "bow.hit",
        "power": 6,
        "gravity": 0.005,
        "uncertaintyBase": 7,
      }
    }
  }
}
