{
    "format_version": "1.10.0",
    "minecraft:entity": {
        "description": {
            "identifier": "batim:bert_3",
            "is_spawnable": false,
            "is_summonable": false,
            "is_experimental": false,
            "scripts": {
                "animate": [
                    "bertfight",
					"bertkill"
                ]
            },
            "animations": {
                "bertfight": "controller.animation.bert.fight",
				"bertkill": "controller.animation.bert.kill"
            }
        },

        "component_groups": {
            "minecraft:lost_1": {
				"minecraft:behavior.knockback_roar": {
                    "priority": 0,
                    "duration": 3,
                    "attack_time": 0.1,
                    "knockback_damage": 5,
                    "knockback_strength": 3,
                    "knockback_range": 6,
                    "knockback_filters": {
                        "test": "is_family",
                        "subject": "other",
                        "operator": "!=",
                        "value": "bert"
                    },
                    "damage_filters": {
                        "test": "is_family",
                        "subject": "other",
                        "operator": "!=",
                        "value": "bert"
                    }
                },
                "minecraft:timer": {
                    "time": 3,
                    "looping": false,
                    "time_down_event": {
                        "event": "minecraft:turn_into_bert1",
                        "target": "self"
                    }
                },
				"minecraft:damage_sensor": [{
                        "on_damage": {},
                        "deals_damage": false
                    }
                ]
			},
			"minecraft:turning": {
                "minecraft:transformation": {
                    "into": "batim:bert_d"
                }
            },
			"minecraft:respawn": {
				"minecraft:damage_sensor": [{
                    "on_damage": {
                        "filters": {
                            "all_of": [{
                                    "test": "has_damage",
                                    "value": "fatal"
                                }
                            ]
                        },
                        "event": "minecraft:losing"
                    },
					"deals_damage": false
                }
            ]
			},
            "minecraft:roar": {

                "minecraft:on_target_acquired": {},
                "minecraft:behavior.summon_entity": {
                    "priority": 0,
                    "probability": 100.0,
                    "summon_choices": [{
                            "weight": 1,
                            "cooldown_time": 10000,
                            "cast_duration": 10000000,
                            "start_sound_event": "plp",
                            "sequence": [{
                                    "shape": "circle",
                                    "target": "self",
                                    "base_delay": 0.0,
                                    "delay_per_summon": 0.0,
                                    "num_entities_spawned": 0,
                                    "entity_type": "",
                                    "entity_lifespan": 10.0,
                                    "size": 10.0,
                                    "sound_event": ""
                                }
                            ]
                        }
                    ]
                }
            },
            "minecraft:bert_adult": {
                "minecraft:on_target_acquired": {
                    "event": "minecraft:become_angry",
                    "target": "self"
                }
            },
            "minecraft:bert_angry": {
                "minecraft:angry": {

                    "duration": 68,
                    "broadcastAnger": false,
                    "broadcastRange": 2,

                    "calm_event": {
                        "event": "minecraft:on_calm",
                        "target": "self"
                    }
                },
                "minecraft:on_target_acquired": {}
            },
            "minecraft:bert_calm": {
                "minecraft:is_sheared": {},
                "minecraft:on_target_acquired": {
                    "event": "minecraft:become_angry",
                    "target": "self"
                }
            },
            "minecraft:fight": {
                "minecraft:area_attack": {
                    "damage_range": 5,
                    "damage_per_tick": 8,
                    "cause": "contact",
                    "entity_filter": {
                        "any_of": [{
                                "test": "is_family",
                                "subject": "other",
                                "value": "player"
                            }, {
                                "test": "is_family",
                                "subject": "other",
                                "value": "monster"
                            }, {
                                "test": "is_family",
                                "subject": "other",
                                "value": "mob"
                            }
                        ]
                    }
                },
                "minecraft:timer": {
                    "looping": false,
                    "time": [10, 20],
                    "time_down_event": {
                        "event": "minecraft:tiring"
                    }
                }
            },
			"minecraft:hos": {
				"minecraft:behavior.nearest_attackable_target": {
                "priority": -1,
                "within_radius": 20,
                "entity_types": [{
                        "filters": {
                            "other_with_families": ["player", "animal", "pig", "monster", "projectionist", "villager", "irongolem"]
                        },
                        "max_dist": 16
                    }
                ],
                "must_see": true
            }
			},
            "minecraft:tired": {
                "minecraft:is_stunned": {},
                "minecraft:timer": {
                    "looping": false,
                    "time": [5, 6],
                    "time_down_event": {
                        "event": "minecraft:fighting"
                    }
                },
				"minecraft:behavior.melee_attack": {
					"priority": 5,
					"attack_once": "true",
					"track_target": false
				}
            }
        },
        "components": {
            "minecraft:breathable": {
                "totalSupply": 15,
                "suffocateTime": -1,
                "breathesWater": false
            },
            "minecraft:scale": {
                "value": 3.0
            },
            "minecraft:behavior.float": {
                "priority": 0
            },
            "minecraft:collision_box": {
                "width": 2,
                "height": 3
            },
            "minecraft:underwater_movement": {
                "value": 1
            },
            "minecraft:nameable": {},
            "minecraft:behavior.float": {
                "priority": 0
            },
            "minecraft:pushable": {
                "is_pushable": false,
                "is_pushable_by_piston": false
            },
            "minecraft:navigation.walk": {
                "is_amphibious": true,
                "can_pass_doors": true,
                "can_open_doors": true,
                "avoid_water": false,
                "avoid_portals": true
            },
            "minecraft:movement.basic": {},
            "minecraft:jump.static": {},
            "minecraft:can_climb": {},
			"minecraft:behavior.hurt_by_target": {
                "priority": 1
            },
            "minecraft:type_family": {
                "family": ["bert"]
            },
            "minecraft:loot": {
                "table": "loot_tables/entities/noloot.json"
            },
            "minecraft:health": {
                "value": 200,
                "max": 200
            },
            "minecraft:movement": {
                "value": 0
            },
            "minecraft:attack": {
                "damage": 15,
                "effect_name": "blindness",
                "effect_duration": 10
            },
            "minecraft:knockback_resistance": {
                "value": 5.0
            },
            "minecraft:behavior.break_door": {
                "priority": 1
            },
			"minecraft:boss": {
					"should_darken_sky": false,
					"name": "§l§3Bertrum Piedmont 1/4§r",
					"hud_range": 40
				},
            "minecraft:physics": {}

        },

        "events": {
            "minecraft:entity_spawned": {
                "randomize": [{
                        "weight": 95,
                        "remove": {},
                        "add": {
                            "component_groups": [
                                "minecraft:bert_adult",
                                "minecraft:bert_calm",
								"minecraft:hos",
								"minecraft:respawn"
                            ]
                        }
                    }
                ]
            },
			"minecraft:entity_transformed": {
                "randomize": [{
                        "weight": 95,
                        "remove": {},
                        "add": {
                            "component_groups": [
                                "minecraft:bert_adult",
                                "minecraft:bert_calm",
								"minecraft:hos",
								"minecraft:respawn"
                            ]
                        }
                    }
                ]
            },
            "minecraft:on_calm": {
                "remove": {
                    "component_groups": [
                        "minecraft:bert_angry",
                        "minecraft:roar",
						"minecraft:fight",
						"minecraft:tired"

                    ]
                },
                "add": {
                    "component_groups": [
                        "minecraft:bert_calm",
						"minecraft:hos"
                    ]
                }
            },
            "minecraft:become_angry": {
                "remove": {
                    "component_groups": [
                        "minecraft:bert_calm"

                    ]
                },
                "add": {
                    "component_groups": [
                        "minecraft:bert_angry",
                        "minecraft:roar",
						"minecraft:fight"
                    ]
                }
            },
            "minecraft:tiring": {
                "remove": {
                    "component_groups": [
                        "minecraft:fight",
						"minecraft:hos"
                    ]
                },
                "add": {
                    "component_groups": [
                        "minecraft:tired"
                    ]
                }
            },
            "minecraft:fighting": {
                "remove": {
                    "component_groups": [
                        "minecraft:tired"
                    ]
                },
                "add": {
                    "component_groups": [
                        "minecraft:fight",
						"minecraft:hos"
                    ]
                }
            },
            "minecraft:losing": {
				"remove": {
					"component_groups": [
						"minecraft:bert_adult",
                        "minecraft:bert_calm",
						"minecraft:hos",
						"minecraft:respawn",
						"minecraft:bert_angry",
						"minecraft:roar",
						"minecraft:fight",
						"minecraft:tired"
					]
				},
                "add": {
                    "component_groups": ["minecraft:lost_1"]
                }
            },
			"minecraft:turn_into_bert1": {
				"remove": {
					"component_groups": [
						"minecraft:lost_1"
					]
				},
				"add": {
					"component_groups": [
						"minecraft:turning"
					]
				}
			}
        }
    }
}