{
	"format_version": "1.8.0-beta.1",
	"minecraft:spawn_rules": {
		"description": {
			"identifier": "entity:bendy",
			"population_control": "monster"
		},
		"conditions": [{
			"minecraft:spawns_underground": {},




			"minecraft:spawns_on_surface": {},
			"minecraft:brightness_filter": {
				"min": 0,
				"max": 7,
				"adjust_for_weather": true
			},
			"minecraft:difficulty_filter": {
				"min": "peaceful",
				"max": "hard"
			},

			"minecraft:weight": {
				"default": 100
			},

			"minecraft:herd": {
				"min_size": 1,
				"max_size": 1
			},

			"minecraft:biome_filter": {
				"any_of": [{
						"all_of": [{
								"test": "has_biome_tag",
								"operator": "==",
								"value": "monster"
							},
							{
								"test": "has_biome_tag",
								"operator": "!=",
								"value": "nether"
							}
						]
					}

				]
			}

		}]
	}
}