{
    "format_version": "1.12.0",
    "minecraft:entity": {
        "description": {
            "identifier": "batim:brute_boris",
            "is_spawnable": true,
            "is_summonable": true,
            "is_experimental": false,
			"scripts": {
                "animate": [
                    "brute_borisspawn"
                ]
            },
            "animations": {
                "brute_borisspawn": "controller.animation.brute_boris.spawn"
			}
        },

        "component_groups": {
            "minecraft:is_dead": {
                "minecraft:transformation": {
                    "into": "batim:brute_boris_d<minecraft:event_spawn_dead>"
                }
            },
            "minecraft:roar": {

                "minecraft:on_target_acquired": {},
                "minecraft:behavior.summon_entity": {
                    "priority": 0,
                    "probability": 100.0,
                    "summon_choices": [{
                            "weight": 1,
                            "cooldown_time": 115.0,
                            "cast_duration": 1.46,
                            "start_sound_event": "plop",
                            "sequence": [{
                                    "shape": "circle",
                                    "target": "self",
                                    "base_delay": 0.0,
                                    "delay_per_summon": 0.0,
                                    "num_entities_spawned": 0,
                                    "entity_type": "",
                                    "entity_lifespan": 10.0,
                                    "size": 10.0,
                                    "sound_event": ""
                                }
                            ]
                        }
                    ]
                }
            },
            "minecraft:brute_boris_adult": {
                "minecraft:on_target_acquired": {
                    "event": "minecraft:become_angry",
                    "target": "self"
                }
            },
            "minecraft:brute_boris_angry": {
                "minecraft:variant": {
                    "value": 1
                },
                "minecraft:angry": {

                    "duration": 115,
                    "broadcastAnger": false,
                    "broadcastRange": 2,

                    "calm_event": {
                        "event": "minecraft:on_calm",
                        "target": "self"
                    }
                },
                "minecraft:on_target_acquired": {}
            },
            "minecraft:brute_boris_closed": {
                "minecraft:variant": {
                    "value": 0
                }
            },
            "minecraft:brute_boris_calm": {
                "minecraft:variant": {
                    "value": 0
                },
				"minecraft:is_sheared": {},
                "minecraft:on_target_acquired": {
                    "event": "minecraft:become_angry",
                    "target": "self"
                }
            },
			"minecraft:mode_switcher": {
                "minecraft:target_nearby_sensor": {
                    "inside_range": 10.0,
                    "outside_range": 11.0,
                    "on_inside_range": {
                        "event": "minecraft:to_melee_attack",
                        "target": "self"
                    },
                    "on_outside_range": {
                        "event": "minecraft:to_ranged_attack",
                        "target": "self"
                    }
                }
            },
			"minecraft:ranged_attack": {
                "minecraft:behavior.ranged_attack": {
					"priority": 2,
					"burst_shots": 1,
                    "burst_interval": 2,
					"charge_charged_trigger": 0.0,
					"charge_shoot_trigger": 2.5,
					"attack_interval_min": 3,
					"attack_interval_max": 3,
					"attack_radius": 40,
					"speed_multiplier": 5
				},
                "minecraft:shooter": {
                    "type": "smallfireball",
                    "def": "batim:mine"
                }
            },
			"minecraft:melee_attack": {
				"minecraft:behavior.melee_attack": {
                    "priority": 3,
                    "speed_multiplier": 9,
                    "track_target": false
                }
			},
            "minecraft:brute_boris_stage1": {
                "minecraft:health": {
                    "value": 400,
                    "max": 400
                },
                "minecraft:movement": {
                    "value": 0.05
                },
                "minecraft:behavior.melee_attack": {
                    "priority": 3,
                    "speed_multiplier": 5,
                    "track_target": false
                },
                "minecraft:attack": {
                    "damage": 10
                },
                "minecraft:damage_sensor": [{
                        "on_damage": {
                            "filters": {
                                "all_of": [{
                                        "test": "has_damage",
                                        "value": "fatal"
                                    }
                                ]
                            },
                            "event": "minecraft:stunned_1"
                        },
                        "deals_damage": false
                    }
                ]
            },
            "minecraft:brute_boris_stunned_1": {
                "minecraft:is_stunned": {},
                "minecraft:timer": {
                    "looping": false,
                    "time": 3,
                    "time_down_event": {
                        "event": "minecraft:roaring_1"
                    }
                },
                "minecraft:movement": {
                    "value": 0.0
                },
                "minecraft:damage_sensor": [{
                        "on_damage": {},
                        "deals_damage": false
                    }
                ],
                "minecraft:spell_effects": {
                    "add_effects": [{
                            "effect": "instant_health",
                            "amplifier": 255,
                            "visible": false,
                            "duration": 1
                        }
                    ]
                }
            },
            "roar_1": {
                "minecraft:behavior.knockback_roar": {
                    "priority": 0,
                    "duration": 0.5,
                    "attack_time": 0.1,
                    "knockback_damage": 10,
                    "knockback_strength": 3,
                    "knockback_range": 4,
                    "knockback_filters": {
                        "test": "is_family",
                        "subject": "other",
                        "operator": "!=",
                        "value": "brute_boris"
                    },
                    "damage_filters": {
                        "test": "is_family",
                        "subject": "other",
                        "operator": "!=",
                        "value": "brute_boris"
                    }
                },
                "minecraft:timer": {
                    "time": 1,
                    "looping": false,
                    "time_down_event": {
                        "event": "minecraft:stage_2",
                        "target": "self"
                    }
                },
                "minecraft:damage_sensor": [{
                        "on_damage": {},
                        "deals_damage": false
                    }
                ]
            },
            "minecraft:brute_boris_stage2": {
                "minecraft:health": {
                    "value": 400,
                    "max": 400
                },
                "minecraft:movement": {
                    "value": 0.05
                },
                "minecraft:behavior.melee_attack": {
                    "priority": 3,
                    "speed_multiplier": 9,
                    "track_target": false
                },
                "minecraft:attack": {
                    "damage": 12
                },
                "minecraft:damage_sensor": [{
                        "on_damage": {
                            "filters": {
                                "all_of": [{
                                        "test": "has_damage",
                                        "value": "fatal"
                                    }
                                ]
                            },
                            "event": "minecraft:stunned_2"
                        },
                        "deals_damage": false
                    }
                ],
                "minecraft:behavior.stalk_and_pounce_on_target": {
                    "priority": 2,
                    "stalk_speed": 9,
                    "max_stalk_dist": 12.0,
                    "leap_height": 1,
                    "leap_dist": 1.5,
                    "pounce_max_dist": 10.0,
                    "strike_dist": 5.0,
                    "interest_time": 0.0001
                },
                "minecraft:spell_effects": {
                    "add_effects": [{
                            "effect": "instant_health",
                            "amplifier": 255,
                            "visible": false,
                            "duration": 1
                        }
                    ]
                }
            },
            "minecraft:brute_boris_stunned_2": {
                "minecraft:is_stunned": {},
                "minecraft:timer": {
                    "looping": false,
                    "time": 3,
                    "time_down_event": {
                        "event": "minecraft:roaring_2"
                    }
                },
                "minecraft:movement": {
                    "value": 0.0
                },
                "minecraft:damage_sensor": [{
                        "on_damage": {},
                        "deals_damage": false
                    }
                ]
            },
            "roar_2": {
                "minecraft:behavior.knockback_roar": {
                    "priority": 1,
                    "duration": 0.5,
                    "attack_time": 0.1,
                    "knockback_damage": 10,
                    "knockback_strength": 3,
                    "knockback_range": 4,
                    "knockback_filters": {
                        "test": "is_family",
                        "subject": "other",
                        "operator": "!=",
                        "value": "brute_boris"
                    },
                    "damage_filters": {
                        "test": "is_family",
                        "subject": "other",
                        "operator": "!=",
                        "value": "brute_boris"
                    }
                },
                "minecraft:timer": {
                    "time": 1,
                    "looping": false,
                    "time_down_event": {
                        "event": "minecraft:stage_3",
                        "target": "self"
                    }
                },
                "minecraft:damage_sensor": [{
                        "on_damage": {},
                        "deals_damage": false
                    }
                ]
            },
            "minecraft:brute_boris_stage3": {
                "minecraft:health": {
                    "value": 400,
                    "max": 400
                },
                "minecraft:movement": {
                    "value": 0.05
                },
                "minecraft:attack": {
                    "damage": 15
                },
                "minecraft:damage_sensor": [{
                        "on_damage": {
                            "filters": {
                                "all_of": [{
                                        "test": "has_damage",
                                        "value": "fatal"
                                    }
                                ]
                            },
                            "event": "minecraft:stunned_3"
                        },
                        "deals_damage": false
                    }
                ],
                "minecraft:behavior.stalk_and_pounce_on_target": {
                    "priority": 2,
                    "stalk_speed": 9,
                    "max_stalk_dist": 12.0,
                    "leap_height": 1,
                    "leap_dist": 1.5,
                    "pounce_max_dist": 10.0,
                    "strike_dist": 5.0,
                    "interest_time": 0.0001
                },
                "minecraft:spell_effects": {
                    "add_effects": [{
                            "effect": "instant_health",
                            "amplifier": 255,
                            "visible": false,
                            "duration": 1
                        }
                    ]
                }
            },
            "minecraft:brute_boris_stunned_3": {
				"minecraft:boss": {
					"should_darken_sky": false,
					"name": "§l§eBrute Boris 0/3§r",
					"hud_range": 40
				},
                "minecraft:is_stunned": {},
                "minecraft:timer": {
                    "looping": false,
                    "time": 5,
                    "time_down_event": {
                        "event": "minecraft:event_spawn_dead"
                    }
                },
                "minecraft:movement": {
                    "value": 0.0
                },
                "minecraft:damage_sensor": [{
                        "on_damage": {
                            "filters": {
                                "all_of": [{
                                        "test": "has_damage",
                                        "value": "fatal"
                                    }
                                ]
                            },
                            "event": "minecraft:event_spawn_dead"
                        },
                        "deals_damage": true
                    }
                ]
            }
        },

        "components": {
            "minecraft:behavior.nearest_attackable_target": {
                "priority": 1,
                "within_radius": 100,
                "entity_types": [{
                        "filters": {
                            "other_with_families": ["player", "animal", "pig", "monster", "projectionist", "villager", "irongolem"]
                        },
                        "max_dist": 100
                    }
                ],
                "must_see": true,
                "must_see_forget_duration": 10
            },
            "minecraft:behavior.float": {
                "priority": 0
            },
			"minecraft:boss": {
					"should_darken_sky": false,
					"name": "§l§eBrute Boris§r",
					"hud_range": 40
				},
            "minecraft:collision_box": {
                "width": 0.5,
                "height": 1.85
            },
            "minecraft:underwater_movement": {
                "value": 1
            },
            "minecraft:nameable": {},
            "minecraft:follow_range": {
                "value": 100,
                "max": 100
            },
            "minecraft:behavior.float": {
                "priority": 0
            },
            "minecraft:pushable": {
                "is_pushable": true,
                "is_pushable_by_piston": true
            },
            "minecraft:navigation.walk": {
                "is_amphibious": true,
                "can_pass_doors": true,
                "can_open_doors": true,
                "avoid_water": false,
                "avoid_portals": true
            },
            "minecraft:movement.basic": {},
            "minecraft:jump.static": {},
            "minecraft:can_climb": {},

            "minecraft:type_family": {
                "family": ["brute_boris", "inkm"]
            },
            "minecraft:loot": {
                "table": "loot_tables/entities/noloot.json"
            },
            "minecraft:scale": {
                "value": 1.0
            },
            "minecraft:knockback_resistance": {
                "value": 5.0
            },
            "minecraft:behavior.break_door": {
                "priority": 1
            },

            "minecraft:behavior.move_towards_restriction": {
                "priority": 2
            },
            "minecraft:behavior.move_towards_restriction": {
                "priority": 2,
                "speed_multiplier": 5
            },
            "minecraft:behavior.random_stroll": {
                "priority": 3,
                "speed_multiplier": 5
            },
            "minecraft:behavior.look_at_player": {
                "priority": 8,
                "look_distance": 6.0,
                "probability": 0.02
            },
            "minecraft:behavior.random_look_around": {
                "priority": 9
            },
            "minecraft:behavior.hurt_by_target": {
                "priority": 1
            },
            "minecraft:physics": {}

        },

        "events": {

            "minecraft:entity_spawned": {
                "add": {
                    "component_groups": [
                        "minecraft:brute_boris_adult",
                        "minecraft:brute_boris_calm",
                        "minecraft:brute_boris_stage1"
                    ]
                }
            },
            "minecraft:entity_transformed": {
                "add": {
                    "component_groups": [
                        "minecraft:brute_boris_adult",
                        "minecraft:brute_boris_calm",
                        "minecraft:brute_boris_stage1"
                    ]
                }
            },
            "minecraft:on_calm": {
                "remove": {
                    "component_groups": [
                        "minecraft:brute_boris_angry",
                        "minecraft:roar"

                    ]
                },
                "add": {
                    "component_groups": [
                        "minecraft:brute_boris_calm",
                        "minecraft:brute_boris_closed"
                    ]
                }
            },
            "minecraft:become_angry": {
                "remove": {
                    "component_groups": [
                        "minecraft:brute_boris_calm",
                        "minecraft:brute_boris_closed"
                    ]
                },
                "add": {
                    "component_groups": [
                        "minecraft:brute_boris_angry",
                        "minecraft:roar"

                    ]
                }
            },
            "minecraft:stunned_1": {
                "remove": {
                    "component_groups": [
                        "minecraft:brute_boris_stage1",
                        "minecraft:brute_boris_adult",
                        "minecraft:brute_boris_calm",
                        "minecraft:brute_boris_angry",
                        "minecraft:roar"
                    ]
                },
                "add": {
                    "component_groups": [
                        "minecraft:brute_boris_stunned_1"
                    ]
                }
            },
            "minecraft:roaring_1": {
                "remove": {
                    "component_groups": [
                        "minecraft:brute_boris_stunned_1"
                    ]
                },
                "add": {
                    "component_groups": [
                        "roar_1",
                        "minecraft:brute_boris_adult",
                        "minecraft:brute_boris_calm"
                    ]
                }
            },
            "minecraft:stage_2": {
                "remove": {
                    "component_groups": [
                        "roar_1"
                    ]
                },
                "add": {
                    "component_groups": [
                        "minecraft:brute_boris_stage2"
                    ]
                }
            },
            "minecraft:stunned_2": {
                "remove": {
                    "component_groups": [
                        "minecraft:brute_boris_stage2",
                        "minecraft:brute_boris_adult",
                        "minecraft:brute_boris_calm",
                        "minecraft:brute_boris_angry",
                        "minecraft:roar"
                    ]
                },
                "add": {
                    "component_groups": [
                        "minecraft:brute_boris_stunned_2"
                    ]
                }
            },
            "minecraft:roaring_2": {
                "remove": {
                    "component_groups": [
                        "minecraft:brute_boris_stunned_2"
                    ]
                },
                "add": {
                    "component_groups": [
                        "roar_2",
                        "minecraft:brute_boris_calm"
                    ]
                }
            },
            "minecraft:stage_3": {
                "remove": {
                    "component_groups": [
                        "roar_2"
                    ]
                },
                "add": {
                    "component_groups": [
                        "minecraft:brute_boris_stage3",
						"minecraft:mode_switcher"
                    ]
                }
            },
            "minecraft:stunned_3": {
                "remove": {
                    "component_groups": [
                        "minecraft:brute_boris_stage3",
                        "minecraft:brute_boris_adult",
                        "minecraft:brute_boris_calm",
                        "minecraft:brute_boris_angry",
                        "minecraft:roar",
						"minecraft:ranged_attack",
						"minecraft:melee_attack"
                    ]
                },
                "add": {
                    "component_groups": [
                        "minecraft:brute_boris_stunned_3"
                    ]
                }
            },
			"minecraft:to_melee_attack": {
                "remove": {
                    "component_groups": [
                        "minecraft:ranged_attack"
                    ]
                },
                "add": {
                    "component_groups": [
                        "minecraft:melee_attack"
                    ]
                }
            },
            "minecraft:to_ranged_attack": {
                "remove": {
                    "component_groups": [
                        "minecraft:melee_attack"
                    ]
                },
                "add": {
                    "component_groups": [
                        "minecraft:ranged_attack"
                    ]
                }
            },
            "minecraft:event_spawn_dead": {
                "remove": {
                    "component_groups": [
                        "minecraft:brute_boris_stage3",
                        "minecraft:brute_boris_adult",
                        "minecraft:brute_boris_angry",
						"minecraft:brute_boris_calm",
                        "minecraft:brute_boris_stunned_3",
                        "minecraft:roar"
                    ]
                },
                "add": {
                    "component_groups": [
                        "minecraft:is_dead"
                    ]
                }
            }
        }
    }
}