{
    "format_version": "1.10.0",
    "minecraft:entity": {
        "description": {
            "identifier": "batim:butcher_3",
            "is_spawnable": true,
            "is_summonable": true,
            "is_experimental": false
        },
        "component_groups": {
		"minecraft:is_dead": {
                "minecraft:transformation": {
                    "into": "batim:butcher_3_d"
                }
            }
		},
        "components": {
            "minecraft:nameable": {},

            // butcher_3 Components
            "minecraft:movement": {
                "value": 0.30
            },
            "minecraft:type_family": {
                "family": ["butcher_3", "zombie", "monster"]
            },
            "minecraft:collision_box": {
                "width": 0.6,
                "height": 1.3
            },
            "minecraft:movement.basic": {},
            "minecraft:navigation.walk": {
                "is_amphibious": true,
                "can_pass_doors": true,
                "can_break_doors": true,
                "can_walk": true
            },
            "minecraft:annotation.break_door": {},
            "minecraft:jump.static": {},
            "minecraft:can_climb": {},
            "minecraft:attack": {
                "damage": 5
            },
            "minecraft:pushable": {
                "is_pushable": true,
                "is_pushable_by_piston": true
            },
            "minecraft:behavior.float": {
                "priority": 0
            },

            "minecraft:health": {
                "value": 30,
                "max": 30
            },
            "minecraft:behavior.avoid_mob_type": {
                "priority": 2,
                "entity_types": [{
                        "filters": {
                            "any_of": [{
                                    "test": "is_family",
                                    "subject": "other",
                                    "value": "bendy"
                                }
                            ]
                        },
                        "walk_speed_multiplier": 1,
                        "sprint_speed_multiplier": 1
                    }
                ],
                "max_dist": 50
            },
            "minecraft:behavior.melee_attack": {
                "priority": 4,
                "speed_multiplier": 1,
                "track_target": false
            },
            "minecraft:breathable": {
                "totalSupply": 15,
                "suffocateTime": 0,
                "breathesAir": true,
                "breathesWater": true
            },
			"minecraft:damage_sensor": [{
                    "on_damage": {
                        "filters": {
                            "all_of": [{
                                    "test": "has_damage",
                                    "value": "fatal"
                                }
                            ]
                        },
                        "event": "minecraft:event_spawn_dead"
                    }
                }
            ],
            "minecraft:loot": {
                "table": "loot_tables/entities/butcher_3.json"
            },

            // butcher_3 Behaviors
            "minecraft:behavior.move_towards_restriction": {
                "priority": 5,
                "speed_multiplier": 1
            },
            "minecraft:behavior.random_stroll": {
                "priority": 6,
                "speed_multiplier": 1
            },
            "minecraft:behavior.look_at_player": {
                "priority": 7,
                "look_distance": 6,
                "probability": 0.02
            },
            "minecraft:behavior.random_look_around": {
                "priority": 7
            },
            "minecraft:behavior.hurt_by_target": {
                "priority": 1
            },
            "minecraft:behavior.nearest_attackable_target": {
                "priority": 2,
                "within_radius": 25,
                "reselect_targets": true,
                "entity_types": [{
                        "filters": {
                            "any_of": [{
                                    "test": "is_family",
                                    "subject": "other",
                                    "value": "player"
                                }, {
                                    "test": "is_family",
                                    "subject": "other",
                                    "value": "snowgolem"
                                }, {
                                    "test": "is_family",
                                    "subject": "other",
                                    "value": "irongolem"
                                }
                            ]
                        },
                        "max_dist": 35
                    }, {
                        "filters": {
                            "any_of": [{
                                    "test": "is_family",
                                    "subject": "other",
                                    "value": "villager"
                                }, {
                                    "test": "is_family",
                                    "subject": "other",
                                    "value": "wandering_trader"
                                }
                            ]
                        },
                        "max_dist": 35,
                        "must_see": false
                    }, {
                        "filters": {
                            "all_of": [{
                                    "test": "is_family",
                                    "subject": "other",
                                    "value": "baby_turtle"
                                }, {
                                    "test": "in_water",
                                    "subject": "other",
                                    "operator": "!=",
                                    "value": true
                                }
                            ]
                        },
                        "max_dist": 35
                    }
                ],
                "must_see": true
            },
            "minecraft:physics": {}
        },

        "events": {
			"minecraft:event_spawn_dead": {
                "add": {
                    "component_groups": ["minecraft:is_dead"]
                }
            }
		}
	}
}