{
  "format_version": "1.10.0",
  "minecraft:entity": {
    "description": {
      "identifier": "batim:hand",
      "is_spawnable": true,
      "is_summonable": true,
      "is_experimental": false
    },
    "component_groups": {
    },
    "components": {
      "minecraft:nameable": {
      },

      // hand Components
      "minecraft:type_family": {
        "family": [ "hand" ]
      },
	  "minecraft:pushable": {
                "is_pushable": true,
                "is_pushable_by_piston": true
            },
      "minecraft:collision_box": {
        "width": 0.6,
        "height": 1.8
      },
	  "minecraft:scale": {
		"value": 1.5
	  },
	  "minecraft:underwater_movement": {
                "value": 5
            },
      "minecraft:movement.basic": {
      },
      "minecraft:navigation.walk": {
        "is_amphibious": true,
        "can_pass_doors": true,
        "can_break_doors": true,
        "can_walk": true
      },
	  "minecraft:knockback_resistance": {
                "value": 50.0
            },
      "minecraft:annotation.break_door": {
      },
	  "minecraft:follow_range": {
                "value": 64
            },
      "minecraft:jump.static": {
      },
      "minecraft:can_climb": {
      },
      "minecraft:attack": {
        "damage": 6
      },
      "minecraft:behavior.float": {
        "priority": 0
      },
      
      "minecraft:health": {
        "value": 100,
        "max": 100
      },
      "minecraft:behavior.melee_attack": {
          "priority": -1,
		  "reach_multiplier": 10,
		  "speed_multiplier": 10,
          "track_target": false
        },
      "minecraft:breathable": {
        "totalSupply": 15,
        "suffocateTime": 0,
        "breathesAir": true,
        "breathesWater": true
      },
	  "minecraft:movement": {
          "value": 0.00000000000001
        },
      "minecraft:loot": {
        "table": "loot_tables/entities/hand.json"
      },

      // hand Behaviors
      "minecraft:behavior.hurt_by_target": {
        "priority": 1
      },
      "minecraft:behavior.nearest_attackable_target": {
        "priority": 2,
        "within_radius": 64,
        "reselect_targets": true,
        "entity_types": [
          {
            "filters": {
              "any_of": [
                { "test": "is_family", "subject": "other", "value": "player" },
                { "test": "is_family", "subject": "other", "value": "dead" },
                { "test": "is_family", "subject": "other", "value": "irongolem" }
              ]
            },
            "max_dist": 64
          }
        ],
        "must_see": true
      },
      "minecraft:physics": {
      }
    },

    "events": {
    }
  }
}
