{
    "format_version": "1.13.0",
    "minecraft:entity": {
        "description": {
            "identifier": "batim:roll",
            "is_spawnable": true,
            "is_summonable": true,
            "is_experimental": false
        },
        "component_groups": {
            "has_reel": {
				"minecraft:behavior.send_event": {
                    "priority": 3,
                    "event_choices": [{
                            "min_activation_range": 0.0,
                            "max_activation_range": 10,
                            "cooldown_time": 0.1,
                            "cast_duration": 0.0,
                            "particle_color": "#FFB38033",
                            "weight": 3,
                            "filters": {
                                "all_of": [{
                                        "test": "is_family",
                                        "subject": "other",
                                        "value": "beast_bendy"
                                    }
                                ]
                            },
                            "start_sound_event": "cast.spell",
                            "sequence": [{
                                    "base_delay": 0.1,
                                    "event": "minecraft:event_spawn_dead",
                                    "sound_event": "prepare.wololo"
                                }
                            ]
                        }
                    ]
                },
				"minecraft:interact": {
                    "interactions": [{
                            "hurt_item": 0,
                            "interact_text": "take the reel",
                            "on_interact": {
                                "filters": {
                                    "any_of": [{
                                            "test": "is_family",
                                            "subject": "other",
                                            "value": "player"
                                        }
                                    ]
                                },
                                "event": "minecraft:no_reel",
                                "target": "self"
                            },
                            "swing": true,
                            "use_item": false
                        }
                    ]
                },
                "minecraft:variant": {
                    "value": 0
                }
            },
            "no_reel": {
                "minecraft:variant": {
                    "value": 1
                },
                "minecraft:interact": {
                    "interactions": [{
                            "hurt_item": 0,
                            "interact_text": "play the reel",
                            "on_interact": {
                                "filters": {
                                    "any_of": [{
                                            "test": "has_equipment",
                                            "subject": "other",
                                            "domain": "hand",
                                            "value": "batim:reel"
                                        }
                                    ]
                                },
                                "event": "minecraft:reel",
                                "target": "self"
                            },
                            "swing": true,
                            "use_item": false
                        }
                    ]
                }
            }
        },
        "components": {
            "minecraft:type_family": {
                "family": ["roll"]
            },
            "minecraft:health": {
                "value": 20
            },
            "minecraft:pushable": {
                "is_pushable": false,
                "is_pushable_by_piston": false
            },
            "minecraft:collision_box": {
                "width": 0.5,
                "height": 0.8
            },
            "minecraft:knockback_resistance": {
                "value": 50.0
            },
            "minecraft:physics": {
                "has_gravity": false
            }
        },
        "events": {
            "minecraft:entity_spawned": {
                "add": {
                    "component_groups": [
                        "no_reel"
                    ]
                },
                "remove": {
                    "component_groups": [
                        "has_reel"
                    ]
                }
            },
            "minecraft:reel": {
                "add": {
                    "component_groups": [
                        "has_reel"
                    ]
                },
                "remove": {
                    "component_groups": [
                        "no_reel"
                    ]
                }
            },
			"minecraft:no_reel": {
                "add": {
                    "component_groups": [
                        "no_reel"
                    ]
                },
                "remove": {
                    "component_groups": [
                        "has_reel"
                    ]
                }
            }
        }
    }
}