{
  "format_version": "1.10.0",
  "minecraft:client_entity": {
    "description": {
      "identifier": "batim:bert_3",
      "materials": {
        "default": "spider"
      },
      "textures": {
        "default": "textures/entity/bert"
      },
      "geometry": {
        "default": "geometry.bert_3"
      },
      "animations": {
        "bert_4_general": "animation.bert.general",
        "tired": "animation.bert.tired",
		"targeting": "animation.bert.targeting",
		"brocking4": "animation.bert.brocking4",
		"destroying": "animation.bert.destroying",

        "general": "controller.animation.bert_4.general",
		"target": "controller.animation.bert.target",
		"brock4": "controller.animation.bert.brock4",
		"destroy": "controller.animation.bert.destroy",
        "tire": "controller.animation.bert.tire"
      },
      "scripts": {
        "animate": [
          "general", "tire", "target", "brock4", "destroy"
        ]
      },
	  "particle_effects": {
		  "spell": "batim:bert_broke"
	  },
      "render_controllers": [
        "controller.render.beast_bendy"
      ],
      "spawn_egg": {
        "base_color": "#f5b708",
        "overlay_color": "#0e0a01"
      }
    }
  }
}