{
	"format_version": "1.10.0",
	"animation_controllers": {
		"controller.animation.ba_pipe": {
			"states": {
				"default": {
					"transitions": [
						{
							"ba_pipe": "(1.0)"
						}
					],
					"on_entry": [
						"/replaceitem entity @s slot.armor.head 0 batim:pipe"
					]
				},
				"ba_pipe": {
					"transitions": [
						{
							"default": "query.variant == 2 && query.is_selected_item > 0"
						}
					],
					"on_entry": [
						"/replaceitem entity @s slot.armor.head 0 batim:pipe"
					]
				}
			}
		}
	}
}