{
    "format_version": "1.8.0",
    "minecraft:entity": {
        "description": {
            "identifier": "batim:beast_bendy_t",
            "is_spawnable": false,
            "is_summonable": false,
            "is_experimental": false
        },
        "component_groups": {
            "minecraft:dead_": {
                "minecraft:collision_box": {
                    "width": 0.6,
                    "height": 0.5
                },
                "minecraft:timer": {
                    "looping": false,
                    "randomInterval": false,
                    "time": 3,
                    "time_down_event": {
                        "event": "minecraft:event_dead"
                    }
                }
            },
            "minecraft:transform_to_b_bendy": {
                "minecraft:transformation": {
                    "into": "batim:beast_bendy"
                }
            }
        },
        "components": {
            "minecraft:knockback_resistance": {
                "value": 1
            },
            "minecraft:push_through": {
                "value": 1
            },
            "minecraft:fire_immune": true,
            "minecraft:health": {
                "value": {
                    "range_min": 10,
                    "range_max": 10
                }
            },
			"minecraft:scale": {
				"value": 2.0
			},
            "minecraft:damage_sensor": [{
                    "deals_damage": false
                }
            ],
            "minecraft:physics": {
                "has_gravity": true,
                "has_collusion": false
            }
        },
        "events": {
            "minecraft:entity_transformed": {
                "add": {
                    "component_groups": ["minecraft:dead_"]
                }
            },
            "minecraft:event_dead": {
                "add": {
                    "component_groups": ["minecraft:transform_to_b_bendy"]
                }
            }
        }
    }
}