{
	"format_version": "1.8.0",
	"animations": {
		"animation.alice.general": {
			"loop": true,
			"bones": {
				"body": {
					"rotation": ["10+Math.sin(query.life_time * 40.0) *-3", "0+Math.sin(query.life_time * 40.0) *-3", "0+Math.sin(query.life_time * 40.0) *-0.5"]
				},
				"head": {
					"rotation": ["query.target_x_rotation - this", "query.target_y_rotation - this", 0],
					"scale": [0.9, 0.9, 0.9]
				},
				"rightArm": {
					"rotation": ["Math.sin(query.life_time * 180.0) *-3", 20, "15+Math.sin(query.life_time * 180.0) *-3"]
				},
				"rightArm2": {
					"rotation": ["-25+Math.sin(query.life_time * 180.0) *-3", 0, 0]
				},
				"leftArm": {
					"rotation": ["Math.sin(query.life_time * 180.0) *3", 0, "-5+Math.sin(query.life_time * 180.0) *3"]
				},
				"leftArm2": {
					"rotation": ["-50+Math.sin(query.life_time * 180.0) *-3", 0, 0]
				},
				"rightLeg": {
					"rotation": [-5, "Math.sin(query.life_time * 180.0) *3", 2],
					"position": [0, "0+Math.sin(query.life_time * 180.0) *-0.5", 0]
				},
				"rightLeg2": {
					"rotation": [5, 0, 0],
					"position": [0, "0+Math.sin(query.life_time * 180.0) *0.5", 0]
				},
				"leftLeg": {
					"rotation": [-5, "Math.sin(query.life_time * 180.0) *-3", -2],
					"position": [0, "0+Math.sin(query.life_time * 180.0) *-0.5", 0]
				},
				"leftLeg2": {
					"rotation": [5, 0, 0],
					"position": [0, "0+Math.sin(query.life_time * 180.0) *0.5", 0]
				},
				"hair2": {
					"rotation": [0, 0, "Math.cos(query.anim_time * 40 + 40) *-5.0"]
				},
				"hair3": {
					"rotation": [0, 0, "Math.cos(query.anim_time * 40 + 40) *5.0"]
				},
				"body2": {
					"rotation": ["Math.sin(query.life_time * 40.0) *3", 0, "0+Math.sin(query.life_time * 40.0) *-0.5"]
				},
				"skirt": {
					"rotation": ["Math.sin(query.life_time * 180.0) *-3", 0, 0],
					"position": [0, "0+Math.sin(query.life_time * 180.0) *0.1", 0]
				},
				"skirt2": {
					"rotation": ["Math.sin(query.life_time * 180.0) *3", 0, 0],
					"position": [0, "0+Math.sin(query.life_time * 180.0) *0.1", 0]
				},
				"skirt3": {
					"rotation": ["Math.sin(query.life_time * 180.0) *-3", 0, 0],
					"position": [0, "0+Math.sin(query.life_time * 180.0) *0.1", 0]
				},
				"skirt4": {
					"rotation": ["Math.sin(query.life_time * 180.0) *-3", 0, 0],
					"position": [0, "0+Math.sin(query.life_time * 180.0) *0.1", 0]
				},
				"sword": {
					"rotation": [0, 0, 0]
				}
			}
		},
		"animation.alice.sitting": {
			"loop": true,
			"bones": {
				"body2": {
					"rotation": [0, "Math.sin(query.life_time * 180.0) *-3", 0]
				},
				"hair2": {
					"rotation": [0, "Math.sin(query.life_time * 180.0) *-3", "Math.sin(query.life_time * 180.0) *-3"]
				},
				"rightArm": {
					"rotation": [-125, "-40+Math.sin(query.life_time * 180.0) *-3", 90]
				},
				"rightArm2": {
					"rotation": [-65, 0, 0]
				},
				"sword": {
					"scale": [0, 0, 0]
				},
				"leftArm": {
					"rotation": [-110, "40+Math.sin(query.life_time * 180.0) *-3", -75]
				},
				"leftArm2": {
					"rotation": [-75, 0, 0]
				},
				"rightLeg": {
					"rotation": [0, 0, 1]
				},
				"leftLeg": {
					"rotation": [0, 0, -1]
				}
			}
		},
		"animation.alice.attack2": {
			"animation_length": 1.1,
			"bones": {
				"body2": {
					"rotation": {
						"0.0": [-15, 0, -5],
						"0.1167": [-15, 0, -5],
						"0.4833": [0, 0, -5],
						"0.6": [0, 0, -5],
						"1.0333": ["Math.sin(query.life_time * 40.0) *3", 0, "0+Math.sin(query.life_time * 40.0) *-0.5"]
					},
					"position": {
						"0.0": [0, -1, 0],
						"0.1167": [0, -1, 0],
						"0.2333": [0, -2, 0],
						"0.4833": [0, 0, 0],
						"0.6": [0, 0, 0]
					}
				},
				"body": {
					"rotation": {
						"0.0": [0, 0, 10],
						"0.1167": [0, 0, 10],
						"0.4833": [0, -30, 10],
						"0.6": [0, -30, 10],
						"1.0333": ["10+Math.sin(query.life_time * 40.0) *-3", "0+Math.sin(query.life_time * 40.0) *-3", "0+Math.sin(query.life_time * 40.0) *-0.5"]
					}
				},
				"head": {
					"rotation": {
						"0.0": [20, 0, 0],
						"0.1167": [20, 0, 0],
						"0.5667": [0, 20, 0],
						"0.6833": [0, 20, 0],
						"1.0333": ["query.target_x_rotation - this", "query.target_y_rotation - this", 0]
					}
				},
				"rightArm": {
					"rotation": {
						"0.0": [65, 30, 45],
						"0.1167": [65, 30, 45],
						"0.2333": [70, 15, 45],
						"0.4833": [-95, -10, 55],
						"0.6": [-95, -10, 55],
						"0.7667": [-98.85, -4.62, 60.38],
						"1.0333": ["Math.sin(query.life_time * 180.0) *-3", 20, "15+Math.sin(query.life_time * 180.0) *-3"]
					}
				},
				"rightArm2": {
					"rotation": {
						"0.0": [-10, 0, 0],
						"0.1167": [-10, 0, 0],
						"0.4833": [-55, 0, 0],
						"0.6": [-55, 0, 0],
						"0.7667": [-45, 0, 0],
						"1.0333": ["-25+Math.sin(query.life_time * 180.0) *-3", 0, 0]
					}
				},
				"sword": {
					"rotation": {
						"0.0": [-10, 40, 0],
						"0.1167": [-10, 40, 0],
						"0.4833": [80, 0, 0],
						"0.6": [80, 0, 0],
						"0.7667": [45, 0, 0],
						"1.0333": [0, 0, 0]
					},
					"position": {
						"0.0": [0, 0, 0],
						"0.1167": [0, 0, 0],
						"0.4833": [0, 0, 1],
						"0.6": [0, 0, 1],
						"1.0333": [0, 0, 0]
					}
				},
				"leftArm": {
					"rotation": {
						"0.0": [-40, 0, 0],
						"0.1167": [-40, 0, 0],
						"0.4833": [50, -20, -50],
						"0.6": [50, -20, -50],
						"1.0333": ["Math.sin(query.life_time * 180.0) *3", 0, "-5+Math.sin(query.life_time * 180.0) *3"]
					}
				},
				"leftArm2": {
					"rotation": {
						"0.0": [-35, 0, 0],
						"0.1167": [-35, 0, 0],
						"0.4833": [-55, 0, 0],
						"0.6": [-55, 0, 0],
						"1.0333": ["-50+Math.sin(query.life_time * 180.0) *-3", 0, 0]
					}
				},
				"skirt": {
					"rotation": {
						"0.0": [-25, 0, 0],
						"0.1167": [-25, 0, 0],
						"1.0333": ["Math.sin(query.life_time * 180.0) *-3", 0, 0]
					},
					"position": [0, "0+Math.sin(query.life_time * 180.0) *0.1", 0]
				},
				"skirt4": {
					"rotation": {
						"0.0": [0, 0, 10],
						"0.1167": [0, 0, 10],
						"1.0333": ["Math.sin(query.life_time * 180.0) *-3", 0, 0]
					},
					"position": [0, "0+Math.sin(query.life_time * 180.0) *0.1", 0]
				},
				"rightLeg": {
					"rotation": {
						"0.0": [15, 0, 20],
						"0.1167": [15, 0, 20],
						"0.2333": [15, 0, 15],
						"0.4833": [25, 0, 5],
						"0.6": [25, 0, 5],
						"0.8": [-18.64, 0.8, 3.64],
						"1.0333": [-5, "Math.sin(query.life_time * 180.0) *3", 2]
					},
					"position": {
						"0.0": [0, -1, 0],
						"0.1167": [0, -1, 0],
						"0.2333": [0, -2, 0],
						"0.4833": [0, -1, 0],
						"0.6": [0, -1, 0],
						"1.0333": [0, "0+Math.sin(query.life_time * 180.0) *-0.5", 0]
					}
				},
				"rightLeg2": {
					"rotation": {
						"0.0": [30, 0, 0],
						"0.1167": [30, 0, 0],
						"0.2333": [40, 0, 0],
						"0.4833": [10, 0, 0],
						"0.6": [10, 0, 0],
						"1.0333": [5, 0, 0]
					},
					"position": [0, "0+Math.sin(query.life_time * 180.0) *0.5", 0]
				},
				"leftLeg": {
					"rotation": {
						"0.0": [-35, 0, -15],
						"0.1167": [-35, 0, -15],
						"0.2333": [-45, 0, -15],
						"0.4833": [-30, 0, -15],
						"0.6": [-30, 0, -15],
						"0.8": [11.36, -0.8, -9.09],
						"1.0333": [-5, "Math.sin(query.life_time * 180.0) *-3", -2]
					},
					"position": {
						"0.0": [0, -1, 0],
						"0.1167": [0, -1, 0],
						"0.2333": [0, -2, 0],
						"0.4833": [0, -2, 0],
						"0.6": [0, -2, 0],
						"1.0333": [0, "0+Math.sin(query.life_time * 180.0) *-0.5", 0]
					}
				},
				"leftLeg2": {
					"rotation": {
						"0.0": [25, 0, 0],
						"0.1167": [25, 0, 0],
						"0.2333": [40, 0, 0],
						"0.4833": [30, 0, 0],
						"0.6": [30, 0, 0],
						"1.0333": [5, 0, 0]
					},
					"position": [0, "0+Math.sin(query.life_time * 180.0) *0.5", 0]
				},
				"hair2": {
					"rotation": {
						"0.0": [0, 0, -20],
						"0.1167": [0, 0, -20],
						"0.4833": [65, 0, 0],
						"0.6": [65, 0, 0],
						"1.0333": [0, 0, "Math.cos(query.anim_time * 40 + 40) *-5.0"]
					}
				},
				"mouth": {
					"rotation": {
						"0.0": [0, 0, 30],
						"0.1167": [0, 0, 30],
						"1.0333": [0, 0, 0]
					},
					"scale": {
						"0.0": [1, 9, 1],
						"0.1167": [1, 9, 1],
						"1.0333": [1, 1, 1]
					}
				},
				"hair3": {
					"rotation": [0, 0, "Math.cos(query.anim_time * 40 + 40) *5.0"]
				},
				"skirt3": {
					"rotation": ["Math.sin(query.life_time * 180.0) *-3", 0, 0],
					"position": [0, "0+Math.sin(query.life_time * 180.0) *0.1", 0]
				},
				"skirt2": {
					"rotation": ["Math.sin(query.life_time * 180.0) *3", 0, 0],
					"position": [0, "0+Math.sin(query.life_time * 180.0) *0.1", 0]
				}
			}
		},
		"animation.alice.attack1": {
			"animation_length": 1.1,
			"bones": {
				"body": {
					"rotation": {
						"0.0": [0, 15, 0],
						"0.1667": [0, 15, 0],
						"0.4833": [10, -15, 0],
						"0.6833": [10, -15, 0],
						"1.0": ["10+Math.sin(query.life_time * 40.0) *-3", "0+Math.sin(query.life_time * 40.0) *-3", "0+Math.sin(query.life_time * 40.0) *-0.5"]
					}
				},
				"head": {
					"rotation": {
						"0.0": [10, -30, 0],
						"0.1667": [10, -30, 0],
						"0.4833": [-5, 40, 0],
						"0.6833": [-5, 40, 0],
						"1.0": ["query.target_x_rotation - this", "query.target_y_rotation - this", 0]
					}
				},
				"rightArm": {
					"rotation": {
						"0.0": [-70, 110, 30],
						"0.1667": [-70, 110, 30],
						"0.4833": [-55, -30, -45],
						"0.6833": [-55, -30, -45],
						"1.0": ["Math.sin(query.life_time * 180.0) *-3", 20, "15+Math.sin(query.life_time * 180.0) *-3"]
					}
				},
				"rightArm2": {
					"rotation": {
						"0.0": [-25, 0, 0],
						"0.1667": [-25, 0, 0],
						"0.4833": [-10, 0, 0],
						"0.6833": [-10, 0, 0],
						"1.0": ["-25+Math.sin(query.life_time * 180.0) *-3", 0, 0]
					}
				},
				"leftArm": {
					"rotation": {
						"0.0": [-60, -5, -90],
						"0.1667": [-60, -5, -90],
						"0.4833": [55, 0, -25],
						"0.6833": [55, 0, -25],
						"1.0": ["Math.sin(query.life_time * 180.0) *3", 0, "-5+Math.sin(query.life_time * 180.0) *3"]
					}
				},
				"leftArm2": {
					"rotation": {
						"0.0": [-50, 0, 0],
						"0.1667": [-50, 0, 0],
						"1.0": ["-50+Math.sin(query.life_time * 180.0) *-3", 0, 0]
					}
				},
				"rightLeg": {
					"rotation": {
						"0.0": [-20, 20, 0],
						"0.1667": [-20, 20, 0],
						"0.5167": [-15, 20, 0],
						"0.7167": [-15, 20, 0],
						"1.0": [-5, "Math.sin(query.life_time * 180.0) *3", 2]
					},
					"position": [0, "0+Math.sin(query.life_time * 180.0) *-0.5", 0]
				},
				"rightLeg2": {
					"rotation": {
						"0.0": [50, -15, 0],
						"0.1667": [50, -15, 0],
						"1.0": [5, 0, 0]
					},
					"position": [0, "0+Math.sin(query.life_time * 180.0) *0.5", 0]
				},
				"leftLeg": {
					"rotation": {
						"0.0": [-40, -30, 0],
						"0.1667": [-40, -30, 0],
						"0.5167": [-45, -30, 0],
						"0.7167": [-45, -30, 0],
						"1.0": [-5, "Math.sin(query.life_time * 180.0) *-3", -2]
					},
					"position": {
						"0.0": [0, -2, 0],
						"0.1667": [0, -2, 0],
						"1.0": [0, "0+Math.sin(query.life_time * 180.0) *-0.5", 0]
					}
				},
				"leftLeg2": {
					"rotation": {
						"0.1667": [40, 0, 0],
						"0.5167": [45, 0, 0],
						"0.7167": [45, 0, 0],
						"1.0": [5, 0, 0]
					},
					"position": [0, "0+Math.sin(query.life_time * 180.0) *0.5", 0]
				},
				"body2": {
					"rotation": {
						"0.1667": [-15, 15, 0],
						"0.4833": [10, -35, 0],
						"0.6833": [10, -35, 0],
						"1.0": ["Math.sin(query.life_time * 40.0) *3", 0, "0+Math.sin(query.life_time * 40.0) *-0.5"]
					}
				},
				"skirt": {
					"rotation": {
						"0.1667": [-20, 0, 0],
						"0.5167": [-50, 0, 0],
						"0.7167": [-50, 0, 0],
						"1.0": ["Math.sin(query.life_time * 180.0) *-3", 0, 0]
					},
					"position": [0, "0+Math.sin(query.life_time * 180.0) *0.1", 0]
				},
				"skirt3": {
					"rotation": {
						"0.1667": [0, 0, -10],
						"1.0": ["Math.sin(query.life_time * 180.0) *-3", 0, 0]
					},
					"position": [0, "0+Math.sin(query.life_time * 180.0) *0.1", 0],
					"scale": {
						"0.1667": [1, 1, 1],
						"0.5167": [1, 1, 2],
						"0.7167": [1, 1, 2],
						"1.0": [1, 1, 1]
					}
				},
				"skirt4": {
					"rotation": {
						"0.1667": [0, 0, 10],
						"1.0": ["Math.sin(query.life_time * 180.0) *-3", 0, 0]
					},
					"position": [0, "0+Math.sin(query.life_time * 180.0) *0.1", 0],
					"scale": {
						"0.1667": [1, 1, 1],
						"0.5167": [1, 1, 1.9],
						"0.7167": [1, 1, 1.9],
						"1.0": [1, 1, 1]
					}
				},
				"sword": {
					"rotation": {
						"0.1667": [15, 0, -190],
						"0.4833": [-50, 0, -190],
						"0.6833": [-50, 0, -190],
						"1.0": [0, 0, 0]
					},
					"position": {
						"0.1667": [0, 1, 0],
						"1.0": [0, 0, 0]
					}
				},
				"hair": {
					"rotation": {
						"0.1667": [0, 0, 0],
						"0.4833": [45, -45, 0],
						"0.6833": [45, -45, 0],
						"1.0": [0, 0, 0]
					}
				},
				"mouth": {
					"rotation": [0, 0, 0],
					"scale": {
						"0.1667": [0.6, 8, 1],
						"1.0": [1, 1, 1]
					}
				},
				"hair2": {
					"rotation": {
						"0.4833": [0, 0, "Math.cos(query.anim_time * 40 + 40) *-5.0"],
						"0.6833": [0, 0, "Math.cos(query.anim_time * 40 + 40) *-5.0"],
						"1.0": [0, 0, "Math.cos(query.anim_time * 40 + 40) *-5.0"]
					}
				},
				"hair3": {
					"rotation": [0, 0, "Math.cos(query.anim_time * 40 + 40) *5.0"]
				},
				"skirt2": {
					"rotation": ["Math.sin(query.life_time * 180.0) *3", 0, 0],
					"position": [0, "0+Math.sin(query.life_time * 180.0) *0.1", 0]
				}
			}
		},
		"animation.alice.moving": {
			"loop": true,
			"anim_time_update": "query.modified_distance_moved",
			"bones": {
				"body": {
					"rotation": [-10, "Math.cos(query.anim_time * 40 + 40) *-5.0", 0]
				},
				"head": {
					"rotation": [10, 0, 0]
				},
				"rightArm": {
					"rotation": ["Math.cos(query.anim_time * 40 + 40) *-50.0", "15+Math.cos(query.anim_time * 40 + 40) *5.0", 0]
				},
				"rightArm2": {
					"rotation": ["-10+Math.cos(query.anim_time * 40 + 40) *5.0", "20+Math.cos(query.anim_time * 40 + 40) *5.0", 0]
				},
				"leftArm": {
					"rotation": ["-5+Math.cos(query.anim_time * 40 + 40) *50.0", "35+Math.cos(query.anim_time * 40 + 40) *-5.0", -30]
				},
				"leftArm2": {
					"rotation": ["-32+Math.cos(query.anim_time * 40 + 40) *32.0", 0, 0]
				},
				"rightLeg": {
					"rotation": ["Math.cos(query.anim_time * 40 + 40) *50.0", 0, 0]
				},
				"rightLeg2": {
					"rotation": ["35+Math.cos(query.anim_time * 40 + 40) *32.0", 0, 0]
				},
				"leftLeg": {
					"rotation": ["Math.cos(query.anim_time * 40 + 40) *-50.0", 0, 0]
				},
				"leftLeg2": {
					"rotation": ["35+Math.cos(query.anim_time * 40 + 40) *-32.0", 0, 0]
				},
				"hair2": {
					"rotation": ["Math.cos(query.anim_time * 40 + 40) *5.0", 0, 0]
				},
				"hair3": {
					"rotation": ["0+Math.cos(query.anim_time * 40 + 40) *5.0", 0, 0]
				},
				"body2": {
					"rotation": [10, "Math.cos(query.anim_time * 40 + 40) *-5.0", 0]
				},
				"skirt": {
					"rotation": [-70, 0, 0],
					"position": [0, 1, 0]
				},
				"skirt2": {
					"rotation": [35, 0, 0]
				},
				"skirt3": {
					"rotation": [-10, 0, 0],
					"scale": [1, 1, 2]
				},
				"skirt4": {
					"rotation": [-10, 0, 0],
					"scale": [1, 1, 2]
				},
				"sword": {
					"rotation": ["0+Math.cos(query.anim_time * 40 + 40) *-20.0", 0, 0]
				}
			}
		},
		"animation.alice.attack3": {
			"animation_length": 1.1,
			"bones": {
				"body2": {
					"rotation": {
						"0.0": [-15, 0, 0],
						"0.2": [-15, 0, 0],
						"0.4833": [10, -35, 0],
						"0.6": [10, -35, 0],
						"1.0": ["Math.sin(query.life_time * 40.0) *3", 0, "0+Math.sin(query.life_time * 40.0) *-0.5"]
					},
					"position": {
						"0.0": [0, -1, 0],
						"0.2": [0, -1, 0],
						"0.4833": [0, -2, 0],
						"0.6": [0, -2, 0],
						"1.0": [0, 0, 0]
					}
				},
				"body": {
					"rotation": {
						"0.0": [15, 20, 0],
						"0.2": [15, 20, 0],
						"0.4833": [15, -45, 0],
						"0.6": [15, -45, 0],
						"1.0": ["10+Math.sin(query.life_time * 40.0) *-3", "0+Math.sin(query.life_time * 40.0) *-3", "0+Math.sin(query.life_time * 40.0) *-0.5"]
					}
				},
				"head": {
					"rotation": {
						"0.0": [0, -20, 10],
						"0.2": [0, -20, 10],
						"0.4833": [0, 80, -5],
						"0.6": [0, 80, -5],
						"1.0": ["query.target_x_rotation - this", "query.target_y_rotation - this", 0]
					}
				},
				"hair2": {
					"rotation": {
						"0.0": [0, 0, 0],
						"0.2": [0, 0, 0],
						"0.4833": [25, 0, 55],
						"0.6": [25, 0, 60],
						"1.0": [0, 0, "Math.cos(query.anim_time * 40 + 40) *-5.0"]
					}
				},
				"hair3": {
					"rotation": {
						"0.0": [0, 0, 0],
						"0.2": [0, 0, 0],
						"0.4833": [0, 0, 25],
						"0.6": [0, 0, 40],
						"1.0": [0, 0, "Math.cos(query.anim_time * 40 + 40) *5.0"]
					}
				},
				"rightArm": {
					"rotation": {
						"0.0": [0, 50, 20],
						"0.2": [0, 50, 20],
						"0.4833": [-110, -35, 75],
						"0.6": [-110, -35, 75],
						"1.0": ["Math.sin(query.life_time * 180.0) *-3", 20, "15+Math.sin(query.life_time * 180.0) *-3"]
					}
				},
				"rightArm2": {
					"rotation": {
						"0.0": [-60, 35, 0],
						"0.2": [-60, 35, 0],
						"0.4833": [-60, 0, 0],
						"0.6": [-60, 0, 0],
						"1.0": ["-25+Math.sin(query.life_time * 180.0) *-3", 0, 0]
					}
				},
				"sword": {
					"rotation": {
						"0.0": [180, 0, 0],
						"0.2": [180, 0, 0],
						"1.0": [0, 0, 0]
					},
					"position": {
						"0.0": [0, 2, 0],
						"0.2": [0, 2, 0],
						"1.0": [0, 0, 0]
					}
				},
				"leftArm": {
					"rotation": {
						"0.0": [-45, 0, -50],
						"0.2": [-45, 0, -50],
						"0.4833": [-75, 35, -75],
						"0.6": [-75, 0, -75],
						"1.0": ["Math.sin(query.life_time * 180.0) *3", 0, "-5+Math.sin(query.life_time * 180.0) *3"]
					}
				},
				"leftArm2": {
					"rotation": {
						"0.0": [-70, 0, 0],
						"0.2": [-70, 0, 0],
						"0.4833": [-25, 0, 0],
						"0.6": [-25, 0, 0],
						"1.0": ["-50+Math.sin(query.life_time * 180.0) *-3", 0, 0]
					}
				},
				"skirt": {
					"rotation": {
						"0.0": [-5, 0, 0],
						"0.2": [-5, 0, 0],
						"0.4833": [-65, 0, 0],
						"0.6": [-65, 0, 0],
						"1.0": ["Math.sin(query.life_time * 180.0) *-3", 0, 0]
					},
					"position": [0, "0+Math.sin(query.life_time * 180.0) *0.1", 0]
				},
				"skirt4": {
					"rotation": {
						"0.4833": [0, 0, 10],
						"0.6": [0, 0, 10],
						"1.0": ["Math.sin(query.life_time * 180.0) *-3", 0, 0]
					},
					"position": [0, "0+Math.sin(query.life_time * 180.0) *0.1", 0]
				},
				"skirt3": {
					"rotation": {
						"0.0": ["Math.sin(query.life_time * 180.0) *-3", 0, 0],
						"0.2": ["Math.sin(query.life_time * 180.0) *-3", 0, 0],
						"1.0": ["Math.sin(query.life_time * 180.0) *-3", 0, 0]
					},
					"position": [0, "0+Math.sin(query.life_time * 180.0) *0.1", 0]
				},
				"skirt2": {
					"rotation": {
						"0.0": ["Math.sin(query.life_time * 180.0) *3", 0, 0],
						"0.2": ["Math.sin(query.life_time * 180.0) *3", 0, 0],
						"1.0": ["Math.sin(query.life_time * 180.0) *3", 0, 0]
					},
					"position": [0, "0+Math.sin(query.life_time * 180.0) *0.1", 0]
				},
				"rightLeg": {
					"rotation": {
						"0.0": [0, 15, 20],
						"0.2": [0, 15, 20],
						"0.4833": [5, 15, 20],
						"0.6": [5, 15, 20],
						"1.0": [-5, "Math.sin(query.life_time * 180.0) *3", 2]
					},
					"position": {
						"0.0": [0, -1, 0],
						"0.2": [0, -1, 0],
						"0.4833": [0, -2, 0],
						"0.6": [0, -2, 0],
						"1.0": [0, "0+Math.sin(query.life_time * 180.0) *-0.5", 0]
					}
				},
				"rightLeg2": {
					"rotation": {
						"0.0": [45, 0, 0],
						"0.2": [45, 0, 0],
						"1.0": [5, 0, 0]
					},
					"position": [0, "0+Math.sin(query.life_time * 180.0) *0.5", 0]
				},
				"leftLeg": {
					"rotation": {
						"0.0": [-35, 30, -25],
						"0.2": [-35, 30, -25],
						"0.4833": [-70, 0, -5],
						"0.6": [-70, 0, -5],
						"1.0": [-5, "Math.sin(query.life_time * 180.0) *-3", -2]
					},
					"position": {
						"0.0": [0, -1, 0],
						"0.2": [0, -1, 0],
						"0.4833": [0, -4, 0],
						"0.6": [0, -4, 0],
						"1.0": [0, "0+Math.sin(query.life_time * 180.0) *-0.5", 0]
					}
				},
				"leftLeg2": {
					"rotation": {
						"0.0": [35, 5, 0],
						"0.2": [35, 5, 0],
						"0.4833": [70, 5, 0],
						"0.6": [70, 5, 0],
						"1.0": [5, 0, 0]
					},
					"position": [0, "0+Math.sin(query.life_time * 180.0) *0.5", 0]
				},
				"mouth": {
					"rotation": [0, 0, 0],
					"scale": {
						"0.0": [1, 4.1, 1],
						"0.2": [1, 4.1, 1],
						"1.0": [1, 1, 1]
					}
				}
			}
		}
	}
}