{
	"format_version": "1.8.0",
	"animations": {
		"animation.bendy_toon.moving": {
			"loop": true,
			"anim_time_update": "query.modified_distance_moved",
			"bones": {
				"rightleg": {
					"rotation": ["0+Math.cos(query.anim_time * 40 + 40) *-50.0", 0, 0],
					"position": [0, "0+Math.cos(query.anim_time * 40 + 40) *1", 0]
				},
				"rightleg2": {
					"rotation": ["32+Math.cos(query.anim_time * 40 + 40) *-32.0", 0, 0]
				},
				"rightleg3": {
					"rotation": [0, 0, 0]
				},
				"leftleg": {
					"rotation": ["0+Math.cos(query.anim_time * 40 + 40) *50.0", 0, 0],
					"position": [0, "0+Math.cos(query.anim_time * 40 + 40) *1", 0]
				},
				"leftleg2": {
					"rotation": ["32+Math.cos(query.anim_time * 40 + 40) *32.0", 0, 0]
				},
				"leftleg3": {
					"rotation": [0, 0, 0]
				},
				"body": {
					"rotation": [0, "0+Math.cos(query.anim_time * 40 + 40) *30", 0],
					"position": [0, "0+Math.cos(query.anim_time * 40 + 40) *1", 0]
				},
				"rightarm": {
					"rotation": ["0+Math.cos(query.anim_time * 40 + 40) *50.0", 0, 0]
				},
				"rightarm2": {
					"rotation": ["-32+Math.cos(query.anim_time * 40 + 40) *32.0", 0, 0]
				},
				"leftarm": {
					"rotation": ["0+Math.cos(query.anim_time * 40 + 40) *-50.0", 0, 0]
				},
				"leftarm2": {
					"rotation": ["0-32+Math.cos(query.anim_time * 40 + 40) *-32.0", 0, 0]
				},
				"head": {
					"rotation": [0, "0+Math.cos(query.anim_time * 40 + 40) *-30", 0]
				}
			}
		},
		"animation.bendy_toon.general": {
			"loop": true,
			"bones": {
				"rightleg": {
					"rotation": [0, 10, 0]
				},
				"rightleg2": {
					"rotation": [0, 0, 0]
				},
				"leftleg": {
					"rotation": [0, -15, 0]
				},
				"leftleg2": {
					"rotation": [0, 0, 0]
				},
				"body": {
					"rotation": [0, 0, 0],
					"position": [0, 0, 0]
				},
				"rightarm": {
					"rotation": [0, 0, "5+Math.sin(query.life_time * 180.0) *3"]
				},
				"leftarm": {
					"rotation": [0, 0, "-5+Math.sin(query.life_time * 180.0) *-3"]
				},
				"head": {
					"scale": [1.1, 1.1, 1.1]
				}
			}
		}
	}
}