{
	"format_version": "1.8.0",
	"animations": {
		"animation.butcher_3.general": {
			"loop": true,
			"bones": {
				"body": {
					"position": [0, -1, 0]
				},
				"body2": {
					"rotation": ["20+Math.cos(query.anim_time * 70 + 40) *5.0", 0, 0],
					"position": [0, "Math.cos(query.anim_time * 40 + 40) * 0.5", 0]
				},
				"leftleg": {
					"rotation": [-25, 0, -5],
					"position": [0, -1, 0]
				},
				"leftleg2": {
					"rotation": [45, 0, -5]
				},
				"leftleg3": {
					"rotation": [-20, 0, 0]
				},
				"rightleg": {
					"rotation": [0, 0, 5],
					"position": [0, -1, 0]
				},
				"rightleg2": {
					"rotation": [40, 0, 0]
				},
				"rightleg3": {
					"rotation": [-25, 0, 0]
				},
				"rightarm": {
					"rotation": ["-20+Math.cos(query.anim_time * 40 + 40) *10.0", 0, 25]
				},
				"rightarm2": {
					"rotation": ["-20+Math.cos(query.anim_time * 40 + 40) *10.0", 0, 0]
				},
				"rightarm3": {
					"rotation": ["Math.cos(query.anim_time * 40 + 40) *20.0", 0, -15]
				},
				"rightarm4": {
					"rotation": [0, 0, -20]
				},
				"rightarm5": {
					"rotation": [5, 0, -40]
				},
				"rightarm6": {
					"rotation": [15, 0, -45]
				},
				"rightarm7": {
					"rotation": [0, -70, -60]
				},
				"leftarm": {
					"rotation": ["-15+Math.cos(query.anim_time * 40 + 40) *20.0", 0, -30]
				},
				"leftarm2": {
					"rotation": ["-32+Math.cos(query.anim_time * 70 + -90) *20.0", 0, 0]
				},
				"leftarm3": {
					"rotation": ["Math.cos(query.anim_time * 70 + -90) *50.0", 0, 0]
				},
				"pole": {
					"rotation": ["Math.cos(query.anim_time * 70 + 40) *5.0+query.target_x_rotation - this", "query.target_y_rotation - this", 0]
				},
				"string": {
					"rotation": [0, 0, "Math.cos(query.anim_time * 70 + 40) *10.0"]
				},
				"head": {
					"rotation": [0, 0, "Math.cos(query.anim_time * 70 + 40) *5.0"]
				}
			}
		},
		"animation.butcher_3.attacking": {
			"loop": true,
			"bones": {
				"body": {
					"position": [0, -1, 0]
				},
				"body2": {
					"rotation": [20, 0, 0],
					"position": [0, 0, 0]
				},
				"leftleg": {
					"rotation": [-25, 0, -5],
					"position": [0, -1, 0]
				},
				"leftleg2": {
					"rotation": [45, 0, -5]
				},
				"leftleg3": {
					"rotation": [-20, 0, 0]
				},
				"rightleg": {
					"rotation": [0, 0, 5],
					"position": [0, -1, 0]
				},
				"rightleg2": {
					"rotation": [40, 0, 0]
				},
				"rightleg3": {
					"rotation": [-25, 0, 0]
				},
				"rightarm": {
					"rotation": [-20, 0, 25]
				},
				"rightarm2": {
					"rotation": [-20, 0, 0]
				},
				"rightarm3": {
					"rotation": [0, 0, -15]
				},
				"rightarm4": {
					"rotation": [0, 0, -20]
				},
				"rightarm5": {
					"rotation": [5, 0, -40]
				},
				"rightarm6": {
					"rotation": [15, 0, -45]
				},
				"rightarm7": {
					"rotation": [0, -70, -60]
				},
				"leftarm": {
					"rotation": [-15, 0, -30]
				},
				"leftarm2": {
					"rotation": [-32, 0, 0]
				},
				"leftarm3": {
					"rotation": [0, 0, 0]
				},
				"pole": {
					"rotation": [0, 0, 0]
				},
				"string": {
					"rotation": [0, 0, 0]
				},
				"head": {
					"rotation": [0, 0, 0]
				}
			}
		},
		"animation.butcher_3.attack2": {
			"animation_length": 0.8,
			"bones": {
				"body": {
					"position": [0, -1, 0]
				},
				"body2": {
					"rotation": {
						"0.0": [20, 0, 0],
						"0.2333": [50, 0, 0]
					},
					"position": [0, 0, 0]
				},
				"leftleg": {
					"rotation": [-25, 0, -5],
					"position": [0, -1, 0]
				},
				"leftleg2": {
					"rotation": [45, 0, -5]
				},
				"leftleg3": {
					"rotation": [-20, 0, 0]
				},
				"rightleg": {
					"rotation": [0, 0, 5],
					"position": [0, -1, 0]
				},
				"rightleg2": {
					"rotation": [40, 0, 0]
				},
				"rightleg3": {
					"rotation": [-25, 0, 0]
				},
				"rightarm": {
					"rotation": {
						"0.0": [-20, 0, 25],
						"0.2333": [-20, 20, 25],
						"0.4333": [-20, -5, 25]
					}
				},
				"rightarm2": {
					"rotation": [-20, 0, 0]
				},
				"rightarm3": {
					"rotation": [0, 0, -15]
				},
				"rightarm4": {
					"rotation": [0, 0, -20]
				},
				"rightarm5": {
					"rotation": [5, 0, -40]
				},
				"rightarm6": {
					"rotation": [15, 0, -45]
				},
				"rightarm7": {
					"rotation": [0, -70, -60]
				},
				"leftarm": {
					"rotation": {
						"0.0": [-15, 0, -30],
						"0.2333": [-15, 25, -30],
						"0.4333": [-15, -5, -30]
					}
				},
				"leftarm2": {
					"rotation": [-32, 0, 0]
				},
				"leftarm3": {
					"rotation": [0, 0, 0]
				},
				"pole": {
					"rotation": {
						"0.0": [0, 0, 0],
						"0.2": [0, 0, -30],
						"0.4": [0, 0, 25],
						"0.8": [0, 0, -5]
					}
				},
				"string": {
					"rotation": {
						"0.0": [0, 0, 0],
						"0.2333": [0, 70, 0],
						"0.4": [0, -60, 0],
						"0.6833": [0, 0, 0]
					}
				},
				"head": {
					"rotation": {
						"0.0": [0, 0, 0],
						"0.2333": [-45, 0, 0]
					}
				}
			}
		},
		"animation.butcher_3.moving": {
			"loop": true,
			"anim_time_update": "query.modified_distance_moved",
			"bones": {
				"body": {
					"rotation": [30, "Math.cos(query.anim_time * 40 + 40) *10.0", 0]
				},
				"body2": {
					"rotation": [-20, "Math.cos(query.anim_time * 40 + 40) *20.0", 0]
				},
				"leftleg": {
					"rotation": ["Math.cos(query.anim_time * 40 + 40) *-20.0", 0, "Math.cos(query.anim_time * 40 + 40) *-5.0"]
				},
				"leftleg2": {
					"rotation": ["35+Math.cos(query.anim_time * 40 + 40) *-32.0", 0, 0]
				},
				"rightleg": {
					"rotation": ["Math.cos(query.anim_time * 40 + 40) *20.0", 0, "Math.cos(query.anim_time * 40 + 40) *-5.0"]
				},
				"rightleg2": {
					"rotation": ["35+Math.cos(query.anim_time * 40 + 40) *32.0", 0, 0]
				},
				"rightarm": {
					"rotation": ["Math.cos(query.anim_time * 40 + 40) *32.0", 0, 35]
				},
				"rightarm2": {
					"rotation": ["-35+Math.cos(query.anim_time * 40 + 40) *-32.0", 0, 0]
				},
				"rightarm3": {
					"rotation": ["Math.cos(query.anim_time * 40 + 40) *30.0", 0, -20]
				},
				"rightarm4": {
					"rotation": [0, 0, "-35+Math.cos(query.anim_time * 40 + 40) *20.0"]
				},
				"rightarm5": {
					"rotation": [0, 0, "-45+Math.cos(query.anim_time * 40 + 40) *20.0"]
				},
				"rightarm6": {
					"rotation": [0, 0, "-50+Math.cos(query.anim_time * 40 + 40) *20.0"]
				},
				"rightarm7": {
					"rotation": [0, -75, "-50+Math.cos(query.anim_time * 40 + 40) *20.0"]
				},
				"leftarm": {
					"rotation": ["Math.cos(query.anim_time * 40 + 40) *-32.0", 0, -35]
				},
				"leftarm2": {
					"rotation": ["-35+Math.cos(query.anim_time * 40 + 40) *-32.0", 0, 0]
				},
				"leftarm3": {
					"rotation": ["Math.cos(query.anim_time * 40 + 40) *-30.0", -20, 0]
				},
				"pole": {
					"rotation": ["Math.cos(query.anim_time * 40 + 40) *5.0", 0, 0]
				},
				"string": {
					"rotation": [0, 0, "Math.cos(query.anim_time * 40 + 40) *-80.0"]
				},
				"head": {
					"rotation": ["0+Math.cos(query.anim_time * 40 + 40) *-50.0", "0+Math.cos(query.anim_time * 40 + 40) *40.0", "0+Math.cos(query.anim_time * 40 + 40) *30.0"]
				}
			}
		},
		"animation.butcher_3.attack1": {
			"animation_length": 0.4,
			"bones": {
				"body": {
					"rotation": {
						"0.0": [0, -15, 0],
						"0.2": [0, 15, 0],
						"0.4": [0, -15, 0]
					},
					"position": [0, -1, 0]
				},
				"body2": {
					"rotation": {
						"0.0": ["20+Math.cos(query.anim_time * 70 + 40) *5.0", -15, 0],
						"0.2": ["20+Math.cos(query.anim_time * 70 + 40) *5.0", 15, 0],
						"0.4": ["20+Math.cos(query.anim_time * 70 + 40) *5.0", -15, 0]
					},
					"position": {
						"0.0": [0, "Math.cos(query.anim_time * 40 + 40) * 0.5", 0],
						"0.4": [0, "Math.cos(query.anim_time * 40 + 40) * 0.5", 0]
					}
				},
				"leftleg": {
					"rotation": [-25, 0, -5],
					"position": [0, -1, 0]
				},
				"leftleg2": {
					"rotation": [45, 0, -5]
				},
				"leftleg3": {
					"rotation": [-20, 0, 0]
				},
				"rightleg": {
					"rotation": [0, 0, 5],
					"position": [0, -1, 0]
				},
				"rightleg2": {
					"rotation": [40, 0, 0]
				},
				"rightleg3": {
					"rotation": [-25, 0, 0]
				},
				"rightarm": {
					"rotation": {
						"0.0": ["-35+Math.cos(query.anim_time * 40 + 40) *10.0", 0, 45],
						"0.2": ["5+Math.cos(query.anim_time * 40 + 40) *10.0", 0, 45],
						"0.4": ["-35+Math.cos(query.anim_time * 40 + 40) *10.0", 0, 45]
					}
				},
				"rightarm2": {
					"rotation": ["-20+Math.cos(query.anim_time * 40 + 40) *10.0", 0, 0]
				},
				"rightarm3": {
					"rotation": ["Math.cos(query.anim_time * 40 + 40) *20.0", 0, -15]
				},
				"rightarm4": {
					"rotation": [0, 0, -20]
				},
				"rightarm5": {
					"rotation": [5, 0, -40]
				},
				"rightarm6": {
					"rotation": [15, 0, -45]
				},
				"rightarm7": {
					"rotation": [0, -70, -60]
				},
				"leftarm": {
					"rotation": {
						"0.0": ["50+Math.cos(query.anim_time * 40 + 40) *20.0", 55, 0],
						"0.2": ["50+Math.cos(query.anim_time * 40 + 40) *20.0", 150, 0]
					},
					"position": {
						"0.0": [0, 0, 1],
						"0.4": [0, 0, 2]
					}
				},
				"leftarm2": {
					"rotation": {
						"0.0": ["-52+Math.cos(query.anim_time * 70 + -90) *20.0", -160, 0],
						"0.2": ["-52+Math.cos(query.anim_time * 70 + -90) *20.0", -160, -70],
						"0.4": ["-52+Math.cos(query.anim_time * 70 + -90) *20.0", -160, 0]
					}
				},
				"leftarm3": {
					"rotation": ["Math.cos(query.anim_time * 70 + -90) *50.0", 0, 0]
				},
				"pole": {
					"rotation": ["Math.cos(query.anim_time * 70 + 40) *5.0", 0, 0]
				},
				"string": {
					"rotation": {
						"0.0": [0, 0, "Math.cos(query.anim_time * 70 + 40) *10.0"],
						"0.2": [0, 75, "Math.cos(query.anim_time * 70 + 40) *10.0"],
						"0.4": [0, -5, "Math.cos(query.anim_time * 70 + 40) *10.0"]
					}
				},
				"head": {
					"rotation": [0, 0, "Math.cos(query.anim_time * 70 + 40) *5.0"]
				}
			}
		}
	}
}