{
	"format_version": "1.8.0",
	"animations": {
		"animation.butcher_1_d.general": {
			"animation_length": 100,
			"bones": {
				"body": {
					"rotation": {
						"0.0": [15, 0, 0],
						"0.2333": [-20, 0, 0],
						"0.5667": [-80, 0, 0]
					},
					"position": {
						"0.0": [0, "Math.cos(query.anim_time * 40 + 40) *0.1", 0],
						"0.2333": [0, "Math.cos(query.anim_time * 40 + 40) *0.1", 0],
						"0.5667": [0, "-6.7+Math.cos(query.anim_time * 40 + 40) *0.1", 0]
					}
				},
				"leftleg": {
					"rotation": {
						"0.0": [-15, -50, 0],
						"0.2333": [-80, -20, 0],
						"0.5667": [-80, -55, 5]
					},
					"position": {
						"0.0": [0, "Math.cos(query.anim_time * 40 + 40) *0.1", 0],
						"0.2333": [0, 0, 0],
						"0.5667": [0, "-6+Math.cos(query.anim_time * 40 + 40) *0.1", 0]
					}
				},
				"leftleg2": {
					"rotation": {
						"0.0": [20, 0, 0],
						"0.2333": [9.6, 0, 0],
						"0.5667": [0, 0, 45]
					}
				},
				"leftleg3": {
					"rotation": [0, 45, 0],
					"position": [1, 0, 0]
				},
				"rightleg": {
					"rotation": {
						"0.0": [15, -35, 0],
						"0.2333": [-50, 5, 0],
						"0.5667": [-84, 5, 0]
					},
					"position": {
						"0.0": [0, "Math.cos(query.anim_time * 40 + 40) *0.1", 0],
						"0.2333": [0, 0, 0],
						"0.5667": [0, "-7+Math.cos(query.anim_time * 40 + 40) *0.1", 0]
					}
				},
				"rightleg2": {
					"rotation": [-15, 0, 0]
				},
				"rightarm": {
					"rotation": {
						"0.0": [-15, 0, "10+Math.cos(query.anim_time * 40 + 40) *-10.0"],
						"0.2333": [-15, 0, "50+Math.cos(query.anim_time * 40 + 40) *-10.0"],
						"0.5667": [-15, 0, 50]
					}
				},
				"leftarm": {
					"rotation": {
						"0.0": ["-45+Math.cos(query.anim_time * 40 + 40) *-5.0", 0, 0],
						"0.2333": ["-45+Math.cos(query.anim_time * 40 + 40) *-5.0", 0, -90],
						"0.5167": ["-45+Math.cos(query.anim_time * 40 + 40) *-5.0", -110, -90]
					}
				},
				"head": {
					"rotation": {
						"0.0": ["-15+query.target_x_rotation - this", "query.target_y_rotation - this", 0],
						"0.5667": ["-5+query.target_x_rotation - this", "-70+query.target_y_rotation - this", 15]
					}
				},
				"weapon": {
					"rotation": {
						"0.0": [0, 0, 0],
						"0.2333": [0, 90, -95],
						"0.5667": [20, 100, -95]
					},
					"position": {
						"0.0": [0, 0, 0],
						"0.2333": [-1, 0, 8],
						"0.5667": [-1, 0, 3.4]
					}
				}
			}
		}
	}
}