{
	"format_version": "1.8.0",
	"animations": {
		"animation.butcher_3_d.general": {
			"animation_length": 100,
			"bones": {
				"body": {
					"rotation": {
						"0.2333": [-60, 0, 0],
						"0.4833": [-95, 0, 0]
					},
					"position": {
						"0.0": [0, -1, 0],
						"0.4833": [0, -6, 0]
					}
				},
				"body2": {
					"rotation": {
						"0.0": [50, -30, 0],
						"0.4833": [25, 0, 0]
					},
					"position": [0, 0.5, 0]
				},
				"leftleg": {
					"rotation": {
						"0.0": [-25, 0, -5],
						"0.2333": [-60, 0, -5],
						"0.4833": [-120, -25, 85]
					},
					"position": {
						"0.0": [0, -1, 0],
						"0.4833": [0, -5, 0]
					}
				},
				"leftleg2": {
					"rotation": {
						"0.0": [45, 0, -5],
						"0.2333": [10, 0, -5]
					}
				},
				"leftleg3": {
					"rotation": [-20, 0, 0]
				},
				"rightleg": {
					"rotation": {
						"0.0": [0, 0, 5],
						"0.2333": [-50, 0, 5],
						"0.4833": [-65, 0, 5]
					},
					"position": {
						"0.0": [0, -1, 0],
						"0.4833": [0, -5, 0]
					}
				},
				"rightleg2": {
					"rotation": {
						"0.0": [40, 0, 0],
						"0.2333": [0, 0, 0]
					}
				},
				"rightleg3": {
					"rotation": [-25, 0, 0]
				},
				"rightarm": {
					"rotation": {
						"0.0": [-20, 0, 25],
						"0.4833": [-5, -140, 120]
					}
				},
				"rightarm2": {
					"rotation": {
						"0.0": [-20, 0, 0],
						"0.4833": [-35, 0, 0]
					}
				},
				"rightarm3": {
					"rotation": {
						"0.0": [0, 0, -15],
						"0.4833": [0, 60, -15]
					}
				},
				"rightarm4": {
					"rotation": [0, 0, -20]
				},
				"rightarm5": {
					"rotation": [5, 0, -40]
				},
				"rightarm6": {
					"rotation": [15, 0, -45]
				},
				"rightarm7": {
					"rotation": [0, -70, -60]
				},
				"leftarm": {
					"rotation": {
						"0.0": [-15, 0, -30],
						"0.4833": [-15, 110, -85]
					}
				},
				"leftarm2": {
					"rotation": {
						"0.0": [-32, 0, 0],
						"0.4833": [-32, 0, -15]
					}
				},
				"leftarm3": {
					"rotation": [0, 0, 0]
				},
				"pole": {
					"rotation": [0, 0, 0]
				},
				"string": {
					"rotation": {
						"0.0": [0, 0, 0],
						"0.2333": [0, -80, -20],
						"0.4833": [0, -80, -20]
					},
					"position": [0, 0, 0],
					"scale": [1, 1, 1]
				},
				"head": {
					"rotation": {
						"0.0": [0, 0, 0],
						"0.2333": [280, -15, 50],
						"0.4833": [280, -15, 20]
					},
					"position": {
						"0.0": [0, 0, 0],
						"0.2333": [20, 17, -6],
						"0.4833": [10, 15, -6]
					}
				},
				"waepon": {
					"rotation": {
						"0.2333": [0, 0, 0],
						"0.4833": [0, -32, -25]
					},
					"position": {
						"0.0": [0, 0, 0],
						"0.2333": [0, 0, 9],
						"0.4833": [-4.5, -7, 9]
					}
				}
			}
		}
	}
}