{
	"format_version": "1.8.0",
	"animations": {
		"animation.projectionist_d.general": {
			"animation_length": 50,
			"bones": {
				"body2": {
					"rotation": {
						"0.0": [-10, 0, 0],
						"0.4833": ["Math.cos(query.anim_time * 40 + 40) *-5.0", 0, 0],
						"1.5167": ["Math.cos(query.anim_time * 40 + 40) *-5.0", 0, 0],
						"2.5167": [10, 0, 0],
						"3.0333": [90, 0, 0]
					},
					"position": {
						"0.0": [0, -1, 0],
						"0.4833": [0, -1, 0],
						"1.5167": [0, -1, 0],
						"2.0333": [0, -7, 0],
						"3.0333": [0, -16, -5]
					}
				},
				"body": {
					"rotation": {
						"0.0": [25, 0, 0],
						"0.4833": [5, 0, 0],
						"1.5167": [5, 0, 0],
						"2.5167": [-40, 0, 0],
						"3.0333": [-5, 0, 0]
					}
				},
				"head": {
					"rotation": {
						"0.0": [10, 0, 0],
						"2.0333": [20, 0, 0],
						"2.5167": [25, 0, 0],
						"3.0333": [5, 0, 0]
					}
				},
				"leftArm": {
					"rotation": {
						"0.0": [0, 0, "-5+Math.sin(query.life_time * 40.0) *3"],
						"2.0333": [0, 0, "-5+Math.sin(query.life_time * 40.0) *3"],
						"2.2833": [0, 0, -17.72],
						"2.5167": [0, 0, "-25+Math.sin(query.life_time * 40.0) *3"],
						"2.7667": [0, -30, -99.9],
						"3.0333": [0, -65, -85]
					}
				},
				"leftArm2": {
					"rotation": {
						"0.0": [-15, 0, 0],
						"1.0": [-15, 0, 0],
						"1.4833": [-60, 0, 0],
						"2.0": [-60, -15, 0]
					}
				},
				"leftArm3": {
					"rotation": {
						"0.0": [0, "Math.sin(query.life_time * 40.0) *3", 0],
						"2.5167": [0, "65+Math.sin(query.life_time * 40.0) *3", 0],
						"3.0333": [-15, "-10+Math.sin(query.life_time * 40.0) *3", 35]
					}
				},
				"leftArm4": {
					"rotation": [0, 0, -12]
				},
				"leftArm8": {
					"rotation": [0, 0, 12]
				},
				"leftArm5": {
					"rotation": [0, 0, -13]
				},
				"leftArm9": {
					"rotation": [0, 0, 9]
				},
				"leftArm6": {
					"rotation": [0, 0, -4]
				},
				"leftArm10": {
					"rotation": [0, 0, 16]
				},
				"leftArm7": {
					"rotation": [0, 0, 39]
				},
				"leftArm11": {
					"rotation": [40, 0, 5]
				},
				"rightArm": {
					"rotation": {
						"0.0": [0, 0, "5+Math.sin(query.life_time * 40.0) *-3"],
						"2.0333": [0, 0, "5+Math.sin(query.life_time * 40.0) *-3"],
						"2.2833": [0, 0, 17.72],
						"2.5167": [0, 0, "25+Math.sin(query.life_time * 40.0) *-3"],
						"2.7667": [2.31, 32.31, 103.36],
						"3.0333": [5, 70, 60]
					}
				},
				"rightArm2": {
					"rotation": {
						"0.0": [-10, 0, 0],
						"2.0333": [-10, 0, 0],
						"2.5167": [-65, 0, 0],
						"3.0333": [-65, 5, 0]
					}
				},
				"rightArm3": {
					"rotation": {
						"0.0": [0, "Math.sin(query.life_time * 40.0) *-3", 0],
						"2.0333": [0, 0, 0],
						"2.5167": [0, -40, 0],
						"3.0333": [-25, -5, 0]
					}
				},
				"rightArm4": {
					"rotation": [0, 0, 8]
				},
				"rightArm5": {
					"rotation": [0, 0, -17]
				},
				"rightArm6": {
					"rotation": [0, 0, 6]
				},
				"rightArm7": {
					"rotation": [0, 0, -11]
				},
				"rightArm8": {
					"rotation": [0, 0, 5]
				},
				"rightArm9": {
					"rotation": [0, 0, -10]
				},
				"rightArm10": {
					"rotation": [0, 0, -40]
				},
				"rightArm11": {
					"rotation": [0, 0, 20]
				},
				"rightLeg": {
					"rotation": {
						"0.0": [-20, 0, 0],
						"0.5167": [-20, 0, 0],
						"1.5667": [-20, 0, 0],
						"2.5167": [61.35, 0, 0],
						"3.0333": [90, 0, 0]
					},
					"position": {
						"0.0": [0, -1.1, 0],
						"0.5167": [0, -1.1, 0],
						"1.5667": [0, -1.1, 0],
						"1.8333": [0, -4.5, 0],
						"2.0333": [0, -7.1, 0],
						"3.0333": [0, -15.1, -6]
					}
				},
				"rightLeg2": {
					"rotation": {
						"0.0": [55, 0, 0],
						"0.5167": [55, 0, 0],
						"1.5667": [55, 0, 0],
						"2.0333": [120, 0, 0],
						"2.5167": [32.4, 0, 0],
						"3.0333": [0, 0, 0]
					},
					"position": [0, 0, 0]
				},
				"rightLeg3": {
					"rotation": {
						"0.0": [-35, 0, 0],
						"0.5167": [-35, 0, 0],
						"1.5667": [-35, 0, 0],
						"2.0333": [55, 0, 0]
					}
				},
				"leftLeg": {
					"rotation": {
						"0.0": [-20, 0, 0],
						"0.5167": [-20, 0, 0],
						"1.5667": [-20, 0, 0],
						"2.0333": [-20, 0, 0],
						"2.5167": [57.8, 0, 0],
						"3.0333": [90, 0, 0]
					},
					"position": {
						"0.0": [0, -1.1, 0],
						"0.5167": [0, -1.1, 0],
						"1.5667": [0, -1.1, 0],
						"1.8333": [0, -4.5, 0],
						"2.0333": [0, -6.1, 0],
						"3.0333": [0, -15.1, -6]
					}
				},
				"leftLeg2": {
					"rotation": {
						"0.0": [50, 0, 0],
						"0.5167": [50, 0, 0],
						"1.5667": [50, 0, 0],
						"2.0333": [110, 0, 0],
						"3.0333": [0, 0, 0]
					}
				},
				"leftLeg3": {
					"rotation": {
						"0.0": [-35, 0, 0],
						"0.5167": [-35, 0, 0],
						"1.5667": [-35, 0, 0],
						"1.8333": [101.25, 0, 0],
						"2.0333": [70, 0, 0]
					}
				},
				"wire": {
					"position": [0, 0, 0]
				},
				"wire6": {
					"position": [0, 0, 0]
				},
				"wire11": {
					"position": {
						"0.0": [0, 0, 0],
						"3.0333": [0, 0, 0]
					}
				}
			}
		}
	}
}