{
	"format_version": "1.8.0",
	"animations": {
		"animation.projectionist.moving": {
			"loop": true,
			"anim_time_update": "query.modified_distance_moved",
			"bones": {
				"body2": {
					"rotation": [5, "Math.cos(query.anim_time * 40 + 40) *-5.0", 0],
					"position": [0, "Math.cos(query.anim_time * 40 + 60) *-0.5", 0]
				},
				"body": {
					"rotation": [10, "Math.cos(query.anim_time * 40 + 40) *-10.0", 0]
				},
				"head": {
					"rotation": ["0+Math.cos(query.anim_time * 40 + 40) *10.0", 0, 0]
				},
				"leftArm": {
					"rotation": ["Math.cos(query.anim_time * 40 + 40) *50.0", "5+Math.cos(query.anim_time * 40 + 40) *5.0", -5]
				},
				"leftArm2": {
					"rotation": ["-42+Math.cos(query.anim_time * 40 + 40) *35.0", 0, 0]
				},
				"leftArm4": {
					"rotation": [0, 0, 95]
				},
				"leftArm8": {
					"rotation": [0, 0, 70]
				},
				"leftArm5": {
					"rotation": [0, 0, 75]
				},
				"leftArm9": {
					"rotation": [0, 0, 85]
				},
				"leftArm6": {
					"rotation": [0, 0, 55]
				},
				"leftArm10": {
					"rotation": [0, 0, 85]
				},
				"leftArm7": {
					"rotation": [45, 0, 65]
				},
				"leftArm11": {
					"rotation": [50, 0, 0]
				},
				"rightArm": {
					"rotation": ["Math.cos(query.anim_time * 40 + 40) *-50.0", "-5+Math.cos(query.anim_time * 40 + 40) *-5.0", 0]
				},
				"rightArm2": {
					"rotation": ["-42+Math.cos(query.anim_time * 40 + 40) *-35.0", 0, 0]
				},
				"rightArm4": {
					"rotation": [0, 0, 6]
				},
				"rightArm5": {
					"rotation": [0, 0, -21]
				},
				"rightArm6": {
					"rotation": [0, 0, 10]
				},
				"rightArm7": {
					"rotation": [0, 0, -15]
				},
				"rightArm8": {
					"rotation": [0, 0, 5]
				},
				"rightArm9": {
					"rotation": [0, 0, -10]
				},
				"rightArm10": {
					"rotation": [0, 0, -50]
				},
				"rightArm11": {
					"rotation": [45, 0, 0]
				},
				"rightLeg": {
					"rotation": ["Math.cos(query.anim_time * 40 + 40) *50.0", 0, 0]
				},
				"rightLeg2": {
					"rotation": ["35+Math.cos(query.anim_time * 40 + 40) *-32.0", 0, 0]
				},
				"rightLeg3": {
					"rotation": ["25+Math.cos(query.anim_time * 40 + 40) *50.0", 0, 0]
				},
				"leftLeg": {
					"rotation": ["Math.cos(query.anim_time * 40 + 40) *-50.0", 0, 0]
				},
				"leftLeg2": {
					"rotation": ["35+Math.cos(query.anim_time * 40 + 40) *32.0", 0, 0]
				},
				"leftLeg3": {
					"rotation": ["25+Math.cos(query.anim_time * 40 + 40) *-50.0", 0, 0]
				},
				"wire6": {
					"rotation": ["Math.cos(query.anim_time * 40 + 40) *-10.0", 0, 0]
				},
				"wire7": {
					"rotation": ["Math.cos(query.anim_time * 40 + 40) *-10.0", 0, 0]
				},
				"wire8": {
					"rotation": ["Math.cos(query.anim_time * 40 + 40) *10.0", 0, 0]
				},
				"wire9": {
					"rotation": ["Math.cos(query.anim_time * 40 + 40) *10.0", 0, 0]
				},
				"wire10": {
					"rotation": ["Math.cos(query.anim_time * 40 + 40) *20.0", 0, 0]
				},
				"wire11": {
					"rotation": ["Math.cos(query.anim_time * 40 + 40) *10.0", 0, 0]
				},
				"wire12": {
					"rotation": ["Math.cos(query.anim_time * 40 + 40) *-10.0", 0, 0]
				},
				"wire13": {
					"rotation": ["Math.cos(query.anim_time * 40 + 40) *-10.0", 0, 0]
				},
				"wire14": {
					"rotation": ["Math.cos(query.anim_time * 40 + 40) *10.0", 0, 0]
				},
				"wire15": {
					"rotation": ["Math.cos(query.anim_time * 40 + 40) *10.0", 0, 0]
				}
			}
		},
		"animation.projectionist.general": {
			"loop": true,
			"bones": {
				"body2": {
					"rotation": [-15, 0, 0],
					"position": [0, "-1+Math.sin(query.life_time * 40.0) *-1", 0]
				},
				"body": {
					"rotation": [25, 0, 0],
					"position": [0, "Math.sin(query.life_time * 40.0) *0.5", 0]
				},
				"head": {
					"rotation": ["Math.sin(query.life_time * 40.0) *10 + query.target_x_rotation - this", "query.target_y_rotation - this", 0]
				},
				"leftArm": {
					"rotation": [0, 0, "-5+Math.sin(query.life_time * 40.0) *3"],
					"position": [0, "Math.sin(query.life_time * 40.0) *-0.5", 0]
				},
				"leftArm2": {
					"rotation": [-15, 0, 0]
				},
				"leftArm3": {
					"rotation": [0, "Math.sin(query.life_time * 40.0) *3", 0]
				},
				"leftArm4": {
					"rotation": [0, 0, -12]
				},
				"leftArm8": {
					"rotation": [0, 0, 12]
				},
				"leftArm5": {
					"rotation": [0, 0, -13]
				},
				"leftArm9": {
					"rotation": [0, 0, 9]
				},
				"leftArm6": {
					"rotation": [0, 0, -4]
				},
				"leftArm10": {
					"rotation": [0, 0, 16]
				},
				"leftArm7": {
					"rotation": [0, 0, 39]
				},
				"leftArm11": {
					"rotation": [40, 0, 5]
				},
				"rightArm": {
					"rotation": [0, 0, "5+Math.sin(query.life_time * 40.0) *-3"],
					"position": [0, "Math.sin(query.life_time * 40.0) *-0.5", 0]
				},
				"rightArm2": {
					"rotation": [-10, 0, 0]
				},
				"rightArm3": {
					"rotation": [0, "Math.sin(query.life_time * 40.0) *-3", 0]
				},
				"rightArm4": {
					"rotation": [0, 0, 8]
				},
				"rightArm5": {
					"rotation": [0, 0, -17]
				},
				"rightArm6": {
					"rotation": [0, 0, 6]
				},
				"rightArm7": {
					"rotation": [0, 0, -11]
				},
				"rightArm8": {
					"rotation": [0, 0, 5]
				},
				"rightArm9": {
					"rotation": [0, 0, -10]
				},
				"rightArm10": {
					"rotation": [0, 0, -40]
				},
				"rightArm11": {
					"rotation": [0, 0, 20]
				},
				"rightLeg": {
					"rotation": [-20, 0, 0],
					"position": [0, "0+Math.sin(query.life_time * 40.0) *-1", 0]
				},
				"rightLeg2": {
					"rotation": [55, 0, 0],
					"position": [0, "0+Math.sin(query.life_time * 40.0) *1", 0]
				},
				"rightLeg3": {
					"rotation": [-35, 0, 0]
				},
				"leftLeg": {
					"rotation": [-20, 0, 0],
					"position": [0, "0+Math.sin(query.life_time * 40.0) *-1", 0]
				},
				"leftLeg2": {
					"rotation": [55, 0, 0],
					"position": [0, "0+Math.sin(query.life_time * 40.0) *1", 0]
				},
				"leftLeg3": {
					"rotation": [-35, 0, 0]
				},
				"wire": {
					"position": [0, "Math.sin(query.life_time * 40.0) *1", 0]
				},
				"wire6": {
					"position": [0, "Math.sin(query.life_time * 40.0) *1", 0]
				},
				"wire11": {
					"position": [0, "Math.sin(query.life_time * 40.0) *1", 0]
				}
			}
		},
		"animation.projectionist.attacking": {
			"loop": true,
			"bones": {
				"body2": {
					"rotation": [-15, 0, 0],
					"position": [0, -1, 0]
				},
				"body": {
					"rotation": [25, 0, 0],
					"position": [0, 0, 0]
				},
				"head": {
					"rotation": [0, 0, 0]
				},
				"leftArm": {
					"rotation": [0, 0, -5],
					"position": [0, "Math.sin(query.life_time * 40.0) *-0.5", 0]
				},
				"leftArm2": {
					"rotation": [-15, 0, 0]
				},
				"leftArm3": {
					"rotation": [0, 0, 0]
				},
				"leftArm4": {
					"rotation": [0, 0, -12]
				},
				"leftArm8": {
					"rotation": [0, 0, 12]
				},
				"leftArm5": {
					"rotation": [0, 0, -13]
				},
				"leftArm9": {
					"rotation": [0, 0, 9]
				},
				"leftArm6": {
					"rotation": [0, 0, -4]
				},
				"leftArm10": {
					"rotation": [0, 0, 16]
				},
				"leftArm7": {
					"rotation": [0, 0, 39]
				},
				"leftArm11": {
					"rotation": [40, 0, 5]
				},
				"rightArm": {
					"rotation": [0, 0, 5],
					"position": [0, "Math.sin(query.life_time * 40.0) *-0.5", 0]
				},
				"rightArm2": {
					"rotation": [-10, 0, 0]
				},
				"rightArm3": {
					"rotation": [0, 0, 0]
				},
				"rightArm4": {
					"rotation": [0, 0, 8]
				},
				"rightArm5": {
					"rotation": [0, 0, -17]
				},
				"rightArm6": {
					"rotation": [0, 0, 6]
				},
				"rightArm7": {
					"rotation": [0, 0, -11]
				},
				"rightArm8": {
					"rotation": [0, 0, 5]
				},
				"rightArm9": {
					"rotation": [0, 0, -10]
				},
				"rightArm10": {
					"rotation": [0, 0, -40]
				},
				"rightArm11": {
					"rotation": [0, 0, 20]
				},
				"rightLeg": {
					"rotation": [-20, 0, 0],
					"position": [0, -1.1, 0]
				},
				"rightLeg2": {
					"rotation": ["55+Math.sin(query.life_time * 40.0) *3", 0, 0]
				},
				"rightLeg3": {
					"rotation": [-35, 0, 0]
				},
				"leftLeg": {
					"rotation": [-20, 0, 0],
					"position": [0, -1.1, 0]
				},
				"leftLeg2": {
					"rotation": ["50+Math.sin(query.life_time * 40.0) *3", 0, 0]
				},
				"leftLeg3": {
					"rotation": [-35, 0, 0]
				},
				"wire": {
					"position": [0, "Math.sin(query.life_time * 40.0) *1", 0]
				},
				"wire6": {
					"position": [0, "Math.sin(query.life_time * 40.0) *1", 0]
				},
				"wire11": {
					"position": [0, "Math.sin(query.life_time * 40.0) *1", 0]
				}
			}
		},
		"animation.projectionist.attack1": {
			"animation_length": 1,
			"bones": {
				"body2": {
					"rotation": {
						"0.0": [-15, -30, 0],
						"0.4833": [0, 5, 0],
						"1.0": [-15, 0, 0]
					},
					"position": {
						"0.0": [0, -2, 0],
						"1.0": [0, -1, 0]
					}
				},
				"body": {
					"rotation": {
						"0.0": [5, -20, 0],
						"0.4833": [10, 25, 0],
						"1.0": [25, 0, 0]
					},
					"position": [0, 0, 0]
				},
				"head": {
					"rotation": {
						"0.0": [10, 40, 0],
						"0.4833": [5, -30, 0],
						"1.0": [5, -5, 0]
					}
				},
				"leftArm": {
					"rotation": {
						"0.0": [-90, -85, -5],
						"0.4833": [-55, 0, -5],
						"1.0": [0, 0, 0]
					},
					"position": [0, 0, 0]
				},
				"leftArm2": {
					"rotation": {
						"0.0": [-30, 0, 0],
						"0.4833": [-30, 0, 85],
						"1.0": [0, 0, 0]
					}
				},
				"leftArm3": {
					"rotation": [0, 0, 0]
				},
				"leftArm4": {
					"rotation": [0, 0, -12]
				},
				"leftArm8": {
					"rotation": [0, 0, 12]
				},
				"leftArm5": {
					"rotation": [0, 0, -13]
				},
				"leftArm9": {
					"rotation": [0, 0, 9]
				},
				"leftArm6": {
					"rotation": [0, 0, -4]
				},
				"leftArm10": {
					"rotation": [0, 0, 16]
				},
				"leftArm7": {
					"rotation": [0, 0, 39]
				},
				"leftArm11": {
					"rotation": [40, 0, 5]
				},
				"rightArm": {
					"rotation": {
						"0.0": [-60, 100, -15],
						"0.4833": [-60, 100, -40],
						"1.0": [0, 0, 0]
					},
					"position": [0, 0, 0]
				},
				"rightArm2": {
					"rotation": {
						"0.0": [-30, 0, -100],
						"0.4833": [0, 0, -30],
						"1.0": [0, 0, 0]
					}
				},
				"rightArm3": {
					"rotation": {
						"0.0": [0, 0, -75],
						"0.4833": [0, 0, 10],
						"1.0": [0, 0, 0]
					}
				},
				"rightArm4": {
					"rotation": [0, 0, -47]
				},
				"rightArm5": {
					"rotation": [0, 0, -87]
				},
				"rightArm6": {
					"rotation": [0, 0, -39]
				},
				"rightArm7": {
					"rotation": [0, 0, -96]
				},
				"rightArm8": {
					"rotation": [0, 0, -40]
				},
				"rightArm9": {
					"rotation": [0, 0, -100]
				},
				"rightArm10": {
					"rotation": [40, 0, -40]
				},
				"rightArm11": {
					"rotation": [70, 0, 20]
				},
				"rightLeg": {
					"rotation": {
						"0.0": [-75, 15, 0],
						"1.0": [-20, 0, 0]
					},
					"position": {
						"0.0": [0, -3.1, -1],
						"1.0": [0, -1, 0]
					}
				},
				"rightLeg2": {
					"rotation": {
						"0.0": [45, 0, 0],
						"1.0": [60, 0, 0]
					}
				},
				"rightLeg3": {
					"rotation": {
						"0.0": [0, 0, 0],
						"1.0": [-30, 0, 0]
					}
				},
				"leftLeg": {
					"rotation": {
						"0.0": [20, 0, 0],
						"1.0": [-15, 0, 0]
					},
					"position": {
						"0.0": [0, -1.1, 0],
						"1.0": [0, -1, 0]
					}
				},
				"leftLeg2": {
					"rotation": {
						"0.0": [25, 0, 0],
						"1.0": [60, 0, 0]
					}
				},
				"leftLeg3": {
					"rotation": [-40, 0, 0]
				},
				"wire": {
					"position": [0, "Math.sin(query.life_time * 40.0) *1", 0]
				},
				"wire6": {
					"position": [0, "Math.sin(query.life_time * 40.0) *1", 0]
				},
				"wire11": {
					"position": [0, "Math.sin(query.life_time * 40.0) *1", 0]
				}
			}
		},
		"animation.projectionist.attack2": {
			"animation_length": 1,
			"bones": {
				"body2": {
					"rotation": {
						"0.0": [-15, 40, 0],
						"0.4833": [0, -30, 0],
						"1.0": [-15, 0, 0]
					},
					"position": {
						"0.0": [0, -2, 0],
						"0.4833": [0, -1.52, -2],
						"1.0": [0, -1, 0]
					}
				},
				"body": {
					"rotation": {
						"0.0": [5, 25, 0],
						"0.4833": [10, -25, 0],
						"1.0": [25, 0, 0]
					},
					"position": [0, 0, 0]
				},
				"head": {
					"rotation": {
						"0.0": [10, -65, 0],
						"0.4833": [5, 45, 0],
						"1.0": [5, -5, 0]
					}
				},
				"leftArm": {
					"rotation": {
						"0.0": [35, 0, -40],
						"0.4833": [10.92, -3.08, -27.36],
						"0.5167": [8.91, -90, -4.64],
						"1.0": [0, 0, 0]
					},
					"position": [0, 0, 0]
				},
				"leftArm2": {
					"rotation": {
						"0.0": [-80, 35, 0],
						"0.4833": [-60, 0, 0],
						"1.0": [0, 0, 0]
					}
				},
				"leftArm3": {
					"rotation": [0, 0, 0]
				},
				"leftArm4": {
					"rotation": [0, 0, -12]
				},
				"leftArm8": {
					"rotation": [0, 0, 137]
				},
				"leftArm5": {
					"rotation": [0, 0, -13]
				},
				"leftArm9": {
					"rotation": [0, 0, 119]
				},
				"leftArm6": {
					"rotation": [0, 0, -4]
				},
				"leftArm10": {
					"rotation": [0, 0, 121]
				},
				"leftArm7": {
					"rotation": [0, 0, 39]
				},
				"leftArm11": {
					"rotation": [40, 0, 5]
				},
				"rightArm": {
					"rotation": {
						"0.0": [-60, 100, -15],
						"0.4833": [-60, 5, -40],
						"1.0": [0, 0, 0]
					},
					"position": [0, 0, 0]
				},
				"rightArm2": {
					"rotation": {
						"0.0": [-30, 0, -20],
						"0.4833": [0, 0, -30],
						"1.0": [0, 0, 0]
					}
				},
				"rightArm3": {
					"rotation": {
						"0.0": [0, 0, 25],
						"0.4833": [0, 0, 10],
						"1.0": [0, 0, 0]
					}
				},
				"rightArm4": {
					"rotation": [0, 0, -47]
				},
				"rightArm5": {
					"rotation": [0, 0, -87]
				},
				"rightArm6": {
					"rotation": [0, 0, -39]
				},
				"rightArm7": {
					"rotation": [0, 0, -96]
				},
				"rightArm8": {
					"rotation": [0, 0, -40]
				},
				"rightArm9": {
					"rotation": [0, 0, -100]
				},
				"rightArm10": {
					"rotation": [40, 0, -40]
				},
				"rightArm11": {
					"rotation": [70, 0, 20]
				},
				"rightLeg": {
					"rotation": {
						"0.0": [-5, 15, 0],
						"0.4833": [-12.2, 7.8, 0],
						"1.0": [-20, 0, 0]
					},
					"position": {
						"0.0": [0, -1.1, 1],
						"0.4833": [0, -1.05, -3.48],
						"1.0": [0, -1, 0]
					}
				},
				"rightLeg2": {
					"rotation": {
						"0.0": [45, 0, 0],
						"1.0": [60, 0, 0]
					}
				},
				"rightLeg3": {
					"rotation": {
						"0.0": [-40, 0, 0],
						"1.0": [-30, 0, 0]
					}
				},
				"leftLeg": {
					"rotation": {
						"0.0": [-30, 0, 0],
						"0.4833": [7.2, 0, 0],
						"1.0": [-15, 0, 0]
					},
					"position": {
						"0.0": [-1, -1.1, -2],
						"1.0": [0, -1, 0]
					}
				},
				"leftLeg2": {
					"rotation": {
						"0.0": [55, 0, 0],
						"0.4833": [67.4, 0, 0],
						"1.0": [60, 0, 0]
					}
				},
				"leftLeg3": {
					"rotation": {
						"0.0": [-25, 0, 0],
						"0.4833": [-15, 0, 0]
					}
				},
				"wire": {
					"position": [0, "Math.sin(query.life_time * 40.0) *1", 0]
				},
				"wire6": {
					"position": [0, "Math.sin(query.life_time * 40.0) *1", 0]
				},
				"wire11": {
					"position": [0, "Math.sin(query.life_time * 40.0) *1", 0]
				}
			}
		}
	}
}