{
	"format_version": "1.8.0",
	"animations": {
		"animation.sammy.moving": {
			"loop": true,
			"anim_time_update": "query.modified_distance_moved * 1",
			"bones": {
				"body": {
					"rotation": [0, "Math.cos(query.anim_time * 40 + 40) *5.0", 0],
					"position": [0, "-1+Math.sin(query.life_time * 40.0) *-1", 0]
				},
				"body2": {
					"rotation": [10, "Math.cos(query.anim_time * 40 + 40) *10.0", 0]
				},
				"leftarm": {
					"rotation": ["Math.cos(query.anim_time * 40 + 40) *-50.0", 0, "-10+Math.cos(query.anim_time * 40 + 40) *5.0"]
				},
				"leftarm2": {
					"rotation": ["-32+Math.cos(query.anim_time * 40 + 40) *-32.0", 0, 0]
				},
				"leftarm3": {
					"rotation": ["Math.cos(query.anim_time * 40 + 40) *-10.0", 0, 0]
				},
				"leftarm4": {
					"rotation": [5, 0, 5]
				},
				"leftarm8": {
					"rotation": [0, 0, 20]
				},
				"leftarm5": {
					"rotation": [0, 0, 15]
				},
				"leftarm9": {
					"rotation": [0, 0, 15]
				},
				"leftarm6": {
					"rotation": [-5, 0, -5]
				},
				"leftarm10": {
					"rotation": [0, 0, 15]
				},
				"leftarm7": {
					"rotation": [0, 0, 55]
				},
				"leftarm11": {
					"rotation": [35, 0, 0]
				},
				"rightarm": {
					"rotation": ["Math.cos(query.anim_time * 40 + 40) *50.0", 0, "10+Math.cos(query.anim_time * 40 + 40) *5.0"]
				},
				"rightarm2": {
					"rotation": ["-32+Math.cos(query.anim_time * 40 + 40) *32.0", 0, 0]
				},
				"rightarm3": {
					"rotation": ["Math.cos(query.anim_time * 40 + 40) *20.0", 0, 0]
				},
				"rightarm4": {
					"rotation": [0, 0, -25]
				},
				"rightarm5": {
					"rotation": [0, 0, -80]
				},
				"rightarm6": {
					"rotation": [0, 0, -30]
				},
				"rightarm7": {
					"rotation": [0, 0, -80]
				},
				"rightarm8": {
					"rotation": [0, 0, -50]
				},
				"rightarm9": {
					"rotation": [0, 0, -85]
				},
				"rightarm10": {
					"rotation": [55, 0, -65]
				},
				"rightarm11": {
					"rotation": [0, 0, 45]
				},
				"leftleg": {
					"rotation": ["0+Math.cos(query.anim_time * 40 + 40) *-50.0", 0, 0]
				},
				"leftleg2": {
					"rotation": ["35+Math.cos(query.anim_time * 40 + 40) *-32.0", 0, 0],
					"position": [0, "0+Math.sin(query.life_time * 40.0) *1", 0]
				},
				"rightleg": {
					"rotation": ["0+Math.cos(query.anim_time * 40 + 40) *50.0", 0, 0]
				},
				"rightleg2": {
					"rotation": ["35+Math.cos(query.anim_time * 40 + 40) *32.0", 0, 0],
					"position": [0, "0+Math.sin(query.life_time * 40.0) *1", 0]
				},
				"head": {
					"rotation": [-10, "0+Math.cos(query.anim_time * 40 + 40) *-10.0", 0]
				},
				"mask": {
					"position": [0, "0+Math.cos(query.anim_time * 60 + 60) *0.3", 0]
				}
			}
		},
		"animation.sammy.general": {
			"loop": true,
			"bones": {
				"body2": {
					"rotation": [5, 0, 0]
				},
				"leftarm": {
					"rotation": ["Math.sin(query.life_time * 40.0) *3", 0, "-10+Math.sin(query.life_time * 40.0) *-3"]
				},
				"leftarm2": {
					"rotation": ["-10+Math.sin(query.life_time * 40.0) *-3", 0, 0]
				},
				"leftarm4": {
					"rotation": [0, 0, 100]
				},
				"leftarm8": {
					"rotation": [0, 0, 105]
				},
				"leftarm5": {
					"rotation": [0, 0, 100]
				},
				"leftarm9": {
					"rotation": [0, 0, 95]
				},
				"leftarm6": {
					"rotation": [0, 0, 115]
				},
				"leftarm10": {
					"rotation": [0, 0, 80]
				},
				"leftarm7": {
					"rotation": [50, 0, 125]
				},
				"leftarm11": {
					"rotation": [90, 0, 0]
				},
				"rightarm": {
					"rotation": ["Math.sin(query.life_time * 40.0) *-3", 0, "10+Math.sin(query.life_time * 40.0) *3"]
				},
				"rightarm2": {
					"rotation": ["-10+Math.sin(query.life_time * 40.0) *-3", 0, 0]
				},
				"rightarm4": {
					"rotation": [0, 0, -70]
				},
				"rightarm5": {
					"rotation": [0, 0, -60]
				},
				"rightarm6": {
					"rotation": [0, 0, -70]
				},
				"rightarm7": {
					"rotation": [0, 0, -45]
				},
				"rightarm8": {
					"rotation": [0, 0, -85]
				},
				"rightarm9": {
					"rotation": [0, 0, -55]
				},
				"rightarm10": {
					"rotation": [0, -85, -100]
				},
				"rightarm11": {
					"rotation": [70, 0, 0]
				},
				"weapon": {
					"position": [0, 0, 0]
				},
				"leftleg": {
					"rotation": [0, 0, -2],
					"position": [0, "0+Math.sin(query.life_time * 40.0) *-0.5", 0]
				},
				"leftleg2": {
					"position": [0, "0+Math.sin(query.life_time * 40.0) *0.5", 0]
				},
				"rightleg": {
					"rotation": [0, 0, 2],
					"position": [0, "0+Math.sin(query.life_time * 40.0) *-0.5", 0]
				},
				"rightleg2": {
					"position": [0, "0+Math.sin(query.life_time * 40.0) *0.5", 0]
				},
				"head": {
					"rotation": ["query.target_x_rotation - this", "query.target_y_rotation - this", 0]
				},
				"body": {
					"position": [0, "0+Math.sin(query.life_time * 40.0) *-0.5", 0]
				},
				"mask": {
					"rotation": ["0+Math.sin(query.life_time * 40.0) *0.3", 0, 0],
					"position": [0, "0+Math.sin(query.life_time * 40.0) *0.2", 0]
				}
			}
		},
		"animation.sammy.attacking": {
			"loop": true,
			"bones": {
				"body2": {
					"rotation": [5, 0, 0]
				},
				"leftarm": {
					"rotation": [0, 0, -10]
				},
				"leftarm2": {
					"rotation": [-10, 0, 0]
				},
				"leftarm4": {
					"rotation": [0, 0, 100]
				},
				"leftarm8": {
					"rotation": [0, 0, 105]
				},
				"leftarm5": {
					"rotation": [0, 0, 100]
				},
				"leftarm9": {
					"rotation": [0, 0, 95]
				},
				"leftarm6": {
					"rotation": [0, 0, 115]
				},
				"leftarm10": {
					"rotation": [0, 0, 80]
				},
				"leftarm7": {
					"rotation": [50, 0, 125]
				},
				"leftarm11": {
					"rotation": [90, 0, 0]
				},
				"rightarm": {
					"rotation": [0, 0, 10]
				},
				"rightarm2": {
					"rotation": [-10, 0, 0]
				},
				"rightarm4": {
					"rotation": [0, 0, -70]
				},
				"rightarm5": {
					"rotation": [0, 0, -60]
				},
				"rightarm6": {
					"rotation": [0, 0, -70]
				},
				"rightarm7": {
					"rotation": [0, 0, -45]
				},
				"rightarm8": {
					"rotation": [0, 0, -85]
				},
				"rightarm9": {
					"rotation": [0, 0, -55]
				},
				"rightarm10": {
					"rotation": [0, -85, -100]
				},
				"rightarm11": {
					"rotation": [70, 0, 0]
				},
				"weapon": {
					"position": [0, 0, 0]
				},
				"leftleg": {
					"rotation": [0, -5, -5]
				},
				"leftleg2": {
					"rotation": [0, 0, 0]
				},
				"rightleg": {
					"rotation": [0, 5, 5]
				},
				"rightleg2": {
					"rotation": [0, 0, 0]
				},
				"head": {
					"rotation": [0, 0, 0]
				}
			}
		},
		"animation.sammy.movi": {
			"loop": true,
			"animation_length": 1,
			"bones": {
				"body2": {
					"rotation": [5, 0, 0]
				},
				"leftarm": {
					"rotation": {
						"0.0": [-50, 0, -10],
						"0.4833": [50, 0, -10],
						"1.0": [-50, 0, -10]
					}
				},
				"leftarm2": {
					"rotation": {
						"0.0": [-10, 0, 0],
						"1.0": [-10, 0, 0]
					}
				},
				"leftarm4": {
					"rotation": [0, 0, 100]
				},
				"leftarm8": {
					"rotation": [0, 0, 105]
				},
				"leftarm5": {
					"rotation": [0, 0, 100]
				},
				"leftarm9": {
					"rotation": [0, 0, 95]
				},
				"leftarm6": {
					"rotation": [0, 0, 115]
				},
				"leftarm10": {
					"rotation": [0, 0, 80]
				},
				"leftarm7": {
					"rotation": [50, 0, 125]
				},
				"leftarm11": {
					"rotation": [90, 0, 0]
				},
				"rightarm": {
					"rotation": {
						"0.0": [50, 0, 10],
						"0.4833": [-50, 0, 10],
						"1.0": [50, 0, 10]
					}
				},
				"rightarm2": {
					"rotation": {
						"0.0": [-15, 0, 0],
						"1.0": [-15, 0, 0]
					}
				},
				"rightarm4": {
					"rotation": [0, 0, -70]
				},
				"rightarm5": {
					"rotation": [0, 0, -60]
				},
				"rightarm6": {
					"rotation": [0, 0, -70]
				},
				"rightarm7": {
					"rotation": [0, 0, -45]
				},
				"rightarm8": {
					"rotation": [0, 0, -85]
				},
				"rightarm9": {
					"rotation": [0, 0, -55]
				},
				"rightarm10": {
					"rotation": [0, -85, -100]
				},
				"rightarm11": {
					"rotation": [70, 0, 0]
				},
				"weapon": {
					"position": [0, 0, 0]
				},
				"leftleg": {
					"rotation": {
						"0.0": [50, -5, -5],
						"0.4833": [-50, -5, -5],
						"1.0": [50, -5, -5]
					}
				},
				"leftleg2": {
					"rotation": {
						"0.0": [0, 0, 0],
						"1.0": [0, 0, 0]
					}
				},
				"rightleg": {
					"rotation": {
						"0.0": [-50, 5, 5],
						"0.4833": [50, 5, 5],
						"1.0": [-50, 5, 5]
					}
				},
				"rightleg2": {
					"rotation": [0, 0, 0]
				},
				"head": {
					"rotation": [0, 0, 0]
				},
				"body": {
					"rotation": {
						"0.0": [0, 15, 0],
						"0.4833": [0, -15, 0],
						"1.0": [0, 15, 0]
					}
				}
			}
		},
		"animation.sammy.attack3": {
			"animation_length": 1,
			"bones": {
				"body2": {
					"rotation": {
						"0.0": [-25, -15, 0],
						"0.1667": [-25, -15, 0],
						"0.5167": [5, -20, 0],
						"0.7167": [5, -20, 0],
						"1.0": [5, 0, 0]
					}
				},
				"leftarm": {
					"rotation": {
						"0.0": [0, 25, -35],
						"0.1667": [0, 25, -35],
						"1.0": [0, 0, -10]
					}
				},
				"leftarm2": {
					"rotation": {
						"0.0": [-75, 20, 0],
						"0.1667": [-75, 20, 0],
						"1.0": [-10, 0, 0]
					}
				},
				"leftarm4": {
					"rotation": {
						"0.0": [0, 0, 100],
						"0.1667": [0, 0, 100]
					}
				},
				"leftarm8": {
					"rotation": {
						"0.0": [0, 0, 105],
						"0.1667": [0, 0, 105]
					}
				},
				"leftarm5": {
					"rotation": {
						"0.0": [0, 0, 100],
						"0.1667": [0, 0, 100]
					}
				},
				"leftarm9": {
					"rotation": {
						"0.0": [0, 0, 95],
						"0.1667": [0, 0, 95]
					}
				},
				"leftarm6": {
					"rotation": {
						"0.0": [0, 0, 115],
						"0.1667": [0, 0, 115]
					}
				},
				"leftarm10": {
					"rotation": {
						"0.0": [0, 0, 80],
						"0.1667": [0, 0, 80]
					}
				},
				"leftarm7": {
					"rotation": {
						"0.0": [50, 0, 125],
						"0.1667": [50, 0, 125]
					}
				},
				"leftarm11": {
					"rotation": {
						"0.0": [90, 0, 0],
						"0.1667": [90, 0, 0]
					}
				},
				"rightarm": {
					"rotation": {
						"0.0": [-145, 35, -25],
						"0.1667": [-145, 35, -25],
						"0.5667": [-10, -20, 0],
						"0.7667": [-10, -20, 0],
						"1.0": [0, 0, 10]
					}
				},
				"rightarm2": {
					"rotation": {
						"0.0": [-30, 0, 0],
						"0.1667": [-30, 0, 0],
						"1.0": [-10, 0, 0]
					}
				},
				"rightarm4": {
					"rotation": {
						"0.0": [0, 0, -70],
						"0.1667": [0, 0, -70]
					}
				},
				"rightarm5": {
					"rotation": {
						"0.0": [0, 0, -60],
						"0.1667": [0, 0, -60]
					}
				},
				"rightarm6": {
					"rotation": {
						"0.0": [0, 0, -70],
						"0.1667": [0, 0, -70]
					}
				},
				"rightarm7": {
					"rotation": {
						"0.0": [0, 0, -45],
						"0.1667": [0, 0, -45]
					}
				},
				"rightarm8": {
					"rotation": {
						"0.0": [0, 0, -85],
						"0.1667": [0, 0, -85]
					}
				},
				"rightarm9": {
					"rotation": {
						"0.0": [0, 0, -55],
						"0.1667": [0, 0, -55]
					}
				},
				"rightarm10": {
					"rotation": {
						"0.0": [0, -85, -100],
						"0.1667": [0, -85, -100]
					}
				},
				"rightarm11": {
					"rotation": {
						"0.0": [70, 0, 0],
						"0.1667": [70, 0, 0]
					}
				},
				"weapon": {
					"position": {
						"0.0": [0, 0, 0],
						"0.1667": [0, 0, 0]
					}
				},
				"leftleg": {
					"rotation": {
						"0.0": [-15, -5, -5],
						"0.1667": [-15, -5, -5],
						"0.5167": [-35, -20, -10],
						"0.7167": [-35, -20, -10],
						"1.0": [0, -5, -5]
					},
					"position": {
						"0.0": [0, -1, -1],
						"0.1667": [0, -1, -1],
						"0.5167": [0, -1, 0],
						"0.7167": [0, -1, 0],
						"1.0": [0, 0, 0]
					}
				},
				"leftleg2": {
					"rotation": {
						"0.0": [0, 0, 0],
						"0.1667": [0, 0, 0],
						"0.5167": [35, -20, -5],
						"0.7167": [35, -20, -5],
						"1.0": [0, 0, 0]
					}
				},
				"rightleg": {
					"rotation": {
						"0.0": [0, 5, 5],
						"0.1667": [0, 5, 5],
						"0.5167": [0, -20, 10],
						"0.7167": [0, -20, 10],
						"1.0": [0, 5, 5]
					},
					"position": {
						"0.0": [0, 0, 0],
						"0.1667": [0, 0, 0],
						"0.5167": [0, 0, -1],
						"0.7167": [0, 0, -1],
						"1.0": [0, 0, 0]
					}
				},
				"rightleg2": {
					"rotation": {
						"0.0": [30, 0, 0],
						"0.1667": [30, 0, 0],
						"0.5167": [30, 0, 10],
						"0.7167": [30, 0, 10],
						"1.0": [0, 0, 0]
					}
				},
				"head": {
					"rotation": {
						"0.0": [25, -16, 0],
						"0.1667": [25, -16, 0],
						"0.5167": [0, 35, 0],
						"0.7167": [0, 35, 0],
						"1.0": [0, 0, 0]
					}
				},
				"body": {
					"rotation": {
						"0.0": [0, 30, 0],
						"0.1667": [0, 30, 0],
						"0.5167": [0, -15, 0],
						"0.7167": [0, -15, 0],
						"1.0": [0, 0, 0]
					},
					"position": {
						"0.0": [0.2, -1, 0],
						"0.1667": [0.2, -1, 0],
						"0.5167": [0, -1, -1],
						"0.7167": [0, -1, -1],
						"1.0": [0, 0, 0]
					}
				},
				"rightarm3": {
					"rotation": {
						"0.5167": [30, 30, 0],
						"0.7167": [30, 30, 0],
						"1.0": [0, 0, 0]
					}
				}
			}
		},
		"animation.sammy.attack2": {
			"animation_length": 1,
			"bones": {
				"body2": {
					"rotation": {
						"0.0": [5, 0, 0],
						"0.1667": [5, 0, 0],
						"0.5167": [-10, 10, 0],
						"0.6333": [-10, 10, 0],
						"1.0": [0, 0, 0]
					}
				},
				"leftarm": {
					"rotation": {
						"0.0": [-40, 0, -50],
						"0.1667": [-40, 0, -50],
						"0.5167": [-75, 0, -65],
						"0.6333": [-75, 0, -65],
						"1.0": [0, 0, -10]
					}
				},
				"leftarm2": {
					"rotation": {
						"0.0": [-95, 0, 0],
						"0.1667": [-95, 0, 0],
						"0.5167": [-60, 30, 0],
						"0.6333": [-60, 30, 0],
						"1.0": [-10, 0, 0]
					}
				},
				"leftarm4": {
					"rotation": {
						"0.0": [0, 0, 100],
						"0.1667": [0, 0, 100]
					}
				},
				"leftarm8": {
					"rotation": {
						"0.0": [0, 0, 105],
						"0.1667": [0, 0, 105]
					}
				},
				"leftarm5": {
					"rotation": {
						"0.0": [0, 0, 100],
						"0.1667": [0, 0, 100]
					}
				},
				"leftarm9": {
					"rotation": {
						"0.0": [0, 0, 95],
						"0.1667": [0, 0, 95]
					}
				},
				"leftarm6": {
					"rotation": {
						"0.0": [0, 0, 115],
						"0.1667": [0, 0, 115]
					}
				},
				"leftarm10": {
					"rotation": {
						"0.0": [0, 0, 80],
						"0.1667": [0, 0, 80]
					}
				},
				"leftarm7": {
					"rotation": {
						"0.0": [50, 0, 125],
						"0.1667": [50, 0, 125]
					}
				},
				"leftarm11": {
					"rotation": {
						"0.0": [90, 0, 0],
						"0.1667": [90, 0, 0]
					}
				},
				"rightarm": {
					"rotation": {
						"0.0": [-100, -35, 10],
						"0.1667": [-100, -35, 10],
						"0.5167": [45, 35, 95],
						"0.6333": [45, 35, 95],
						"1.0": [0, 0, 10]
					}
				},
				"rightarm2": {
					"rotation": {
						"0.0": [-55, -25, 0],
						"0.1667": [-55, -25, 0],
						"0.5167": [-25, 10, 0],
						"0.6333": [-25, 10, 0],
						"1.0": [-10, 0, 0]
					}
				},
				"rightarm4": {
					"rotation": {
						"0.0": [0, 0, -70],
						"0.1667": [0, 0, -70]
					}
				},
				"rightarm5": {
					"rotation": {
						"0.0": [0, 0, -60],
						"0.1667": [0, 0, -60]
					}
				},
				"rightarm6": {
					"rotation": {
						"0.0": [0, 0, -70],
						"0.1667": [0, 0, -70]
					}
				},
				"rightarm7": {
					"rotation": {
						"0.0": [0, 0, -45],
						"0.1667": [0, 0, -45]
					}
				},
				"rightarm8": {
					"rotation": {
						"0.0": [0, 0, -85],
						"0.1667": [0, 0, -85]
					}
				},
				"rightarm9": {
					"rotation": {
						"0.0": [0, 0, -55],
						"0.1667": [0, 0, -55]
					}
				},
				"rightarm10": {
					"rotation": {
						"0.0": [0, -85, -100],
						"0.1667": [0, -85, -100]
					}
				},
				"rightarm11": {
					"rotation": {
						"0.0": [70, 0, 0],
						"0.1667": [70, 0, 0]
					}
				},
				"weapon": {
					"position": {
						"0.0": [0, 0, 0],
						"0.1667": [0, 0, 0]
					}
				},
				"leftleg": {
					"rotation": {
						"0.0": [15, -5, -10],
						"0.1667": [15, -5, -10],
						"1.0": [0, -5, -5]
					},
					"position": {
						"0.0": [0, -0.99, 0],
						"0.1667": [0, -0.99, 0],
						"0.5167": [0, 0, -2],
						"0.6333": [0, 0, -2],
						"1.0": [0, 0, 0]
					}
				},
				"leftleg2": {
					"rotation": {
						"0.0": [40, 0, 0],
						"0.1667": [40, 0, 0],
						"0.5167": [50, 0, 0],
						"0.6333": [50, 0, 0],
						"1.0": [0, 0, 0]
					}
				},
				"rightleg": {
					"rotation": {
						"0.0": [-20, 5, 5],
						"0.1667": [-20, 5, 5],
						"0.5167": [-34.6, 5, 5],
						"0.6333": [-34.6, 5, 5],
						"1.0": [0, 5, 5]
					},
					"position": {
						"0.0": [0, 0, 0],
						"0.1667": [0, 0, 0],
						"0.5167": [0, -1, -1],
						"0.6333": [0, -1, -1],
						"1.0": [0, 0, 0]
					}
				},
				"rightleg2": {
					"rotation": {
						"0.0": [10, 0, 0],
						"0.1667": [10, 0, 0],
						"0.5167": [40, 0, 0],
						"0.6333": [40, 0, 0],
						"1.0": [0, 0, 0]
					}
				},
				"head": {
					"rotation": {
						"0.0": [0, 20, 0],
						"0.1667": [0, 20, 0],
						"0.5167": [-20, -15, 0],
						"0.6333": [-20, -15, 0],
						"1.0": [0, 0, 0]
					}
				},
				"body": {
					"rotation": {
						"0.0": [0, -20, 0],
						"0.1667": [0, -20, 0],
						"0.5167": [25, 10, 0],
						"0.6333": [25, 10, 0],
						"1.0": [0, 0, 0]
					},
					"position": {
						"0.0": [0, -1, 0],
						"0.1667": [0, -1, 0],
						"0.5167": [0, -1, -1],
						"0.6333": [0, -1, -1],
						"1.0": [0, 0, 0]
					}
				},
				"leftarm3": {
					"rotation": {
						"0.0": [-45, 0, 0],
						"0.1667": [-45, 0, 0],
						"0.5167": [5, -55, 0],
						"0.6333": [5, -55, 0],
						"1.0": [5, 5, 0]
					}
				},
				"rightarm3": {
					"rotation": {
						"0.0": [0, -45, 0],
						"0.1667": [0, -45, 0],
						"0.5167": [60, -21.6, 0],
						"0.6333": [60, -21.6, 0],
						"1.0": [0, 0, 0]
					}
				},
				"mask": {
					"rotation": {
						"0.0": [0, 0, 0],
						"0.1667": [0, 0, 0]
					}
				}
			}
		},
		"animation.sammy.attack1": {
			"animation_length": 1,
			"bones": {
				"body": {
					"rotation": {
						"0.0": [0, 5, 0],
						"0.1667": [0, 5, 0],
						"0.4833": [15, -15, 0],
						"0.6333": [15, -15, 0],
						"1.0": [0, 0, 0]
					},
					"position": {
						"0.0": [0, 0, 0],
						"0.1667": [0, 0, 0],
						"0.4833": [0, -1, 0],
						"0.6333": [0, -1, 0],
						"1.0": [0, 0, 0]
					},
					"scale": {
						"0.0": [1, 1, 1],
						"0.1667": [1, 1, 1],
						"0.4833": [1, 1, 1],
						"0.6333": [1, 1, 1]
					}
				},
				"body2": {
					"rotation": {
						"0.0": [0, 15, 0],
						"0.1667": [0, 15, 0],
						"0.4833": [-15, -25, 0],
						"0.6333": [-15, -25, 0],
						"1.0": [5, 0, 0]
					}
				},
				"leftarm": {
					"rotation": {
						"0.0": [0, 0, -55],
						"0.1667": [0, 0, -55],
						"0.4833": [85, 0, -55],
						"0.6333": [85, 0, -55],
						"1.0": [0, 0, -10]
					}
				},
				"leftarm2": {
					"rotation": {
						"0.0": [-120, 25, 0],
						"0.1667": [-120, 25, 0],
						"0.4833": [-50, 25, 0],
						"0.6333": [-50, 25, 0],
						"1.0": [-10, 0, 0]
					}
				},
				"leftarm3": {
					"rotation": {
						"0.0": [-15, -30, 30],
						"0.1667": [-15, -30, 30],
						"0.4833": [-15, -30, 30],
						"0.6333": [-15, -30, 30],
						"1.0": [0, 0, 0]
					}
				},
				"leftarm4": {
					"rotation": {
						"0.0": [5, 0, -10],
						"0.1667": [5, 0, -10]
					}
				},
				"leftarm8": {
					"rotation": {
						"0.0": [0, 0, 20],
						"0.1667": [0, 0, 20]
					}
				},
				"leftarm5": {
					"rotation": {
						"0.0": [0, 0, -10],
						"0.1667": [0, 0, -10]
					}
				},
				"leftarm9": {
					"rotation": {
						"0.0": [0, 0, 20],
						"0.1667": [0, 0, 20]
					}
				},
				"leftarm6": {
					"rotation": {
						"0.0": [-5, 0, -10],
						"0.1667": [-5, 0, -10]
					}
				},
				"leftarm10": {
					"rotation": {
						"0.0": [0, 0, 15],
						"0.1667": [0, 0, 15]
					}
				},
				"leftarm7": {
					"rotation": {
						"0.0": [0, 85, 35],
						"0.1667": [0, 85, 35]
					}
				},
				"leftarm11": {
					"rotation": {
						"0.0": [15, 0, 0],
						"0.1667": [15, 0, 0]
					}
				},
				"rightarm": {
					"rotation": {
						"0.0": [0, 130, 75],
						"0.1667": [0, 130, 75],
						"0.4833": [120, 155, 70],
						"0.6333": [120, 155, 70],
						"1.0": [15, 185, 15]
					}
				},
				"rightarm2": {
					"rotation": {
						"0.0": [-20, -55, -35],
						"0.1667": [-20, -55, -35],
						"0.4833": [5, 5, -5],
						"0.6333": [5, 5, -5],
						"1.0": [0, -185, 0]
					}
				},
				"rightarm3": {
					"rotation": {
						"0.0": [-10, 5, 0],
						"0.1667": [-10, 5, 0],
						"0.4833": [60, -50, 10],
						"0.6333": [60, -50, 10],
						"1.0": [0, 0, 0]
					}
				},
				"rightarm4": {
					"rotation": {
						"0.0": [0, 0, -80],
						"0.1667": [0, 0, -80]
					}
				},
				"rightarm5": {
					"rotation": {
						"0.0": [0, 0, -60],
						"0.1667": [0, 0, -60]
					}
				},
				"rightarm6": {
					"rotation": {
						"0.0": [0, 0, -100],
						"0.1667": [0, 0, -100]
					}
				},
				"rightarm7": {
					"rotation": {
						"0.0": [0, 0, -35],
						"0.1667": [0, 0, -35]
					}
				},
				"rightarm8": {
					"rotation": {
						"0.0": [0, 0, -85],
						"0.1667": [0, 0, -85]
					}
				},
				"rightarm9": {
					"rotation": {
						"0.0": [0, 0, -55],
						"0.1667": [0, 0, -55]
					}
				},
				"rightarm10": {
					"rotation": {
						"0.0": [45, 0, -130],
						"0.1667": [45, 0, -130]
					}
				},
				"rightarm11": {
					"rotation": {
						"0.0": [95, 0, 0],
						"0.1667": [95, 0, 0]
					}
				},
				"weapon": {
					"rotation": {
						"0.0": [0, 0, 0],
						"0.1667": [0, 0, 0],
						"0.4833": [10, 0, -45],
						"0.6333": [10, 0, -45],
						"1.0": [0, 0, 0]
					}
				},
				"leftleg": {
					"rotation": {
						"0.0": [-15, -30, 0],
						"0.1667": [-15, -30, 0],
						"0.4833": [-25, -30, 0],
						"0.6333": [-25, -30, 0],
						"1.0": [0, 0, -5]
					},
					"position": {
						"0.0": [0, 0, 0],
						"0.1667": [0, 0, 0],
						"0.4833": [0, -1, 0],
						"0.6333": [0, -1, 0],
						"1.0": [0, 0, 0]
					}
				},
				"leftleg2": {
					"rotation": {
						"0.0": [0, 0, 0],
						"0.1667": [0, 0, 0],
						"0.4833": [30, 0, 0],
						"0.6333": [30, 0, 0],
						"1.0": [0, 0, 0]
					}
				},
				"rightleg": {
					"rotation": {
						"0.0": [0, 30, 15],
						"0.1667": [0, 30, 15],
						"0.4833": [0, -5, 15],
						"0.6333": [0, -5, 15],
						"1.0": [0, -5, 10]
					},
					"position": {
						"0.0": [0, 0, 0],
						"0.1667": [0, 0, 0],
						"0.4833": [0, -1, 0],
						"0.6333": [0, -1, 0],
						"1.0": [0, 0, 0]
					}
				},
				"rightleg2": {
					"rotation": {
						"0.0": [45, 0, 0],
						"0.1667": [45, 0, 0],
						"0.4833": [65, 0, 0],
						"0.6333": [65, 0, 0],
						"1.0": [0, 0, 0]
					}
				},
				"head": {
					"rotation": {
						"0.0": [0, -15, 0],
						"0.1667": [0, -15, 0],
						"0.5167": [0, -15, 0],
						"0.6667": [0, -15, 0],
						"0.7167": [-2.08, -8.75, 0],
						"0.8667": [-2.08, -8.75, 0],
						"1.0": [-5, 0, 0]
					}
				}
			}
		}
	}
}