{
  "format_version": "1.10.0",
  "minecraft:client_entity": {
    "description": {
      "identifier": "batim:alice",
      "materials": {
        "default": "npc"
      },
      "textures": {
        "default": "textures/entity/alice"
      },
      "geometry": {
        "default": "geometry.alice"
      },
      "animations": {
        "moving": "animation.alice.moving",
        "alice_general": "animation.alice.general",
        "sitting": "animation.alice.sitting",
        "attack1": "animation.alice.attack1",
        "attack2": "animation.alice.attack2",
		"attack3": "animation.alice.attack3",

        "move": "controller.animation.alice.move",
        "general": "controller.animation.alice.general",
        "sit": "controller.animation.alice.sit",
        "attack": "controller.animation.alice.attack"
      },
      "scripts": {
        "animate": [
          "move", "general", "attack", "sit"
        ],
        "pre_animation": [
          "variable.random = math.round(math.random(0,2));"
        ]
      },
      "render_controllers": [
        "controller.render.skeleton"
      ],
      "spawn_egg": {
	    "texture": "alice",
		"texture_index": 4
	  }
    }
  }
}