{
  "format_version": "1.10.0",
  "minecraft:client_entity": {
    "description": {
      "identifier": "batim:bendy_toon",
      "materials": {
        "default": "npc"
      },
      "textures": {
        "default": "textures/entity/bendy/bendy_toon"
      },
      "geometry": {
        "default": "geometry.bendy_toon"
      },
      "animations": {
        "moving": "animation.bendy_toon.moving",
        "bendy_toon_general": "animation.bendy_toon.general",
		
        "move": "controller.animation.bendy_toon.move",
        "general": "controller.animation.bendy_toon.general"
      },
      "scripts": {
        "animate": [
          "move", "general"
        ]
      },
      "render_controllers": [
        "controller.render.skeleton"
      ],
      "spawn_egg": {
        "base_color": "#f5b708",
        "overlay_color": "#0e0a01"
      }
    }
  }
}