{
  "format_version": "1.10.0",
  "minecraft:client_entity": {
    "description": {
      "identifier": "batim:butcher_1",
      "materials": {
        "default": "npc"
      },
      "textures": {
        "default": "textures/entity/butcher_gang/butcher_1"
      },
      "geometry": {
        "default": "geometry.butcher_1"
      },
      "animations": {
        "moving": "animation.butcher_1.moving",
        "butcher_1_general": "animation.butcher_1.general",
        "attack1": "animation.butcher_1.attack1",
        "attack2": "animation.butcher_1.attack2",

        "move": "controller.animation.butcher_1.move",
        "general": "controller.animation.butcher_1.general",
        "attack": "controller.animation.butcher_1.attack"
      },
      "scripts": {
        "animate": [
          "move", "general", "attack"
        ],
        "pre_animation": [
          "variable.random = math.round(math.random(0,1));"
        ]
      },
      "render_controllers": [
        "controller.render.skeleton"
      ],
      "spawn_egg": {
	    "texture": "piper",
		"texture_index": 4
	  }
    }
  }
}