{
  "format_version": "1.10.0",
  "minecraft:client_entity": {
    "description": {
      "identifier": "batim:projectionist",
      "materials": {
        "default": "phantom"
      },
      "textures": {
        "default": "textures/entity/projectionist"
      },
      "geometry": {
        "default": "geometry.projectionist"
      },
      "animations": {
        "moving": "animation.projectionist.moving",
        "projectionist_general": "animation.projectionist.general",
        "attack1": "animation.projectionist.attack1",
        "attack2": "animation.projectionist.attack2",

        "move": "controller.animation.projectionist.move",
        "general": "controller.animation.projectionist.general",
        "attack": "controller.animation.projectionist.attack"
      },
      "scripts": {
        "animate": [
          "move", "general", "attack"
        ],
        "pre_animation": [
          "variable.random = math.round(math.random(0,1));"
        ]
      },
      "render_controllers": [
        "controller.render.skeleton"
      ],
      "spawn_egg": {
	    "texture": "projectionist",
		"texture_index": 4
	  }
    }
  }
}