{
    "format_version": "1.10.0",
    "minecraft:client_entity": {
        "description": {
            "identifier": "batim:roll",
            "materials": {
                "default": "spider"
            },
            "textures": {
                "has_reel": "textures/entity/roll/roll",
				"no_reel": "textures/entity/roll/no_roll"
            },
            "geometry": {
                "default": "geometry.roll"
            },
            "animations": {
                "roll_general": "animation.roll.general",

                "general": "controller.animation.roll.general"
            },
            "scripts": {
                "animate": [
                    "general"
                ]
            },
			"spawn_egg": {
				"texture": "roll",
				"texture_index": 5
			},
            "render_controllers": [
                "controller.render.roll"
            ]
		}
	}
}