{
    "format_version": "1.10.0",
    "minecraft:client_entity": {
        "description": {
            "identifier": "batim:bert_d",
            "materials": {
                "default": "spider"
            },
            "textures": {
                "default": "textures/entity/bert"
            },
            "geometry": {
                "default": "geometry.bert_d"
            },
            "animations": {
                "bert_d_general": "animation.bert_d.general",

                "general": "controller.animation.bert_d.general"
            },
            "scripts": {
                "animate": [
                    "general"
                ]
            },
			"particle_effects": {
				"spell": "batim:bert_broke",
				"steam": "batim:bert_steam"
			},
            "render_controllers": [
                "controller.render.spider"
            ]
		}
	}
}