{
    "format_version": "1.10.0",
    "minecraft:client_entity": {
        "description": {
            "identifier": "batim:projectionist_d",
            "materials": {
                "default": "spider"
            },
            "textures": {
                "default": "textures/entity/projectionist"
            },
            "geometry": {
                "default": "geometry.projectionist"
            },
            "animations": {
                "projectionist_d_general": "animation.projectionist_d.general",

                "general": "controller.animation.projectionist_d.general"
            },
            "scripts": {
                "animate": [
                    "general"
                ]
            },
            "render_controllers": [
                "controller.render.spider"
            ]
		}
	}
}