{
    "format_version": "1.10.0",
    "minecraft:client_entity": {
        "description": {
            "identifier": "batim:sammy_d",
            "materials": {
                "default": "spider"
            },
            "textures": {
                "default": "textures/entity/sammy"
            },
            "geometry": {
                "default": "geometry.sammy"
            },
            "animations": {
                "sammy_d_general": "animation.sammy_d.general",

                "general": "controller.animation.sammy_d.general"
            },
            "scripts": {
                "animate": [
                    "general"
                ]
            },
            "render_controllers": [
                "controller.render.spider"
            ]
		}
	}
}